lga_key,lga_raw,year,months,months_suppressed,metered_win,operational_egms,operational_sites,complete,abs_lga_code,abs_lga_name,adults_20plus,pop_total,cpi_index,cpi_factor,abs_lga_code_seifa,irsd_score,irsd_decile,median_income,real_win_2025,loss_per_adult,loss_per_egm,egms_per_1000_adults,irsd_quintile
BALONNE,BALONNE,2004,6,0,812841.36,76.0,6.0,False,30300.0,Balonne,3442.0,5000.0,79.3,1.8200924758301809,30300,943.0,3,,1479446.4433795712,429.8217441544367,19466.400570783833,22.0801859384079,Q2
BALONNE,BALONNE,2005,12,0,1868268.77,78.91666666666667,6.0,True,30300.0,Balonne,3360.0,4878.0,81.425,1.7725923651622149,30300,943.0,3,,3311678.957773002,985.618737432441,41964.25289680678,23.487103174603178,Q2
BALONNE,BALONNE,2006,12,0,1825635.61,83.0,6.5,True,30300.0,Balonne,3291.0,4754.0,84.45,1.7090980856522597,30300,943.0,3,,3120190.3261495954,948.0979417045261,37592.65453192284,25.22029778182923,Q2
BALONNE,BALONNE,2007,12,0,1387975.73,73.33333333333333,6.333333333333333,True,30300.0,Balonne,3290.0,4760.0,87.025,1.658527243129369,30300,943.0,3,,2301995.5610073735,699.6946993943385,31390.848559191458,22.289766970618032,Q2
BALONNE,BALONNE,2008,12,0,1549659.66,66.0,6.0,True,30300.0,Balonne,3299.0,4786.0,91.325,1.5804361711835022,30300,943.0,3,,2449138.1796879275,742.3880508299264,37108.15423769587,20.006062443164595,Q2
BALONNE,BALONNE,2009,12,0,1783117.65,77.5,6.5,True,30300.0,Balonne,3321.0,4813.0,93.5,1.5436720142602496,30300,943.0,3,,2752548.814438503,828.8313202163513,35516.75889598068,23.336344474555858,Q2
BALONNE,BALONNE,2010,12,4,1013569.46,85.08333333333333,5.666666666666667,False,30300.0,Balonne,3337.0,4833.0,96.35000000000001,1.498010724788099,30300,943.0,3,,1518337.921397682,455.0008754563027,17845.30367950263,25.496953351313554,Q2
BALONNE,BALONNE,2011,12,12,0.0,82.25,5.0,False,30300.0,Balonne,3370.0,4862.0,99.45,1.4513155689626278,30300,943.0,3,,0.0,0.0,0.0,24.40652818991098,Q2
BALONNE,BALONNE,2012,12,12,0.0,86.0,5.0,False,30300.0,Balonne,3365.0,4787.0,100.975,1.4293967153585874,30300,943.0,3,,0.0,0.0,0.0,25.557206537890046,Q2
BALONNE,BALONNE,2013,12,12,0.0,86.0,5.0,False,30300.0,Balonne,3381.0,4776.0,103.225,1.3982400904173733,30300,943.0,3,,0.0,0.0,0.0,25.43626146110618,Q2
BALONNE,BALONNE,2014,12,12,0.0,84.41666666666667,4.916666666666667,False,30300.0,Balonne,3375.0,4726.0,106.05,1.360993242181361,30300,943.0,3,,0.0,0.0,0.0,25.01234567901235,Q2
BALONNE,BALONNE,2015,12,12,0.0,73.33333333333333,4.333333333333333,False,30300.0,Balonne,3300.0,4610.0,107.675,1.3404535252689422,30300,943.0,3,,0.0,0.0,0.0,22.22222222222222,Q2
BALONNE,BALONNE,2016,12,12,0.0,84.08333333333333,4.916666666666667,False,30300.0,Balonne,3200.0,4461.0,109.35,1.3199207437890568,30300,943.0,3,,0.0,0.0,0.0,26.276041666666664,Q2
BALONNE,BALONNE,2017,12,12,0.0,63.0,4.0,False,30300.0,Balonne,3189.0,4394.0,111.3,1.2967954477388441,30300,943.0,3,,0.0,0.0,0.0,19.75540921919097,Q2
BALONNE,BALONNE,2018,12,12,0.0,63.0,4.0,False,30300.0,Balonne,3195.0,4372.0,113.17500000000001,1.275311096384655,30300,943.0,3,,0.0,0.0,0.0,19.718309859154928,Q2
BALONNE,BALONNE,2019,12,12,0.0,63.0,4.0,False,30300.0,Balonne,3214.0,4389.0,115.175,1.253165472831199,30300,943.0,3,39745.0,0.0,0.0,0.0,19.601742377100187,Q2
BALONNE,BALONNE,2020,12,12,0.0,64.25,4.0,False,30300.0,Balonne,3235.0,4392.0,115.875,1.2455951096727798,30300,943.0,3,38053.0,0.0,0.0,0.0,19.860896445131374,Q2
BALONNE,BALONNE,2021,12,12,0.0,65.0,4.0,False,30300.0,Balonne,3226.0,4378.0,120.175,1.2010262811178145,30300,943.0,3,45266.0,0.0,0.0,0.0,20.148791072535648,Q2
BALONNE,BALONNE,2022,12,12,0.0,65.0,4.0,False,30300.0,Balonne,3219.0,4343.0,128.875,1.1199482702877466,30300,943.0,3,49611.0,0.0,0.0,0.0,20.192606399502953,Q2
BALONNE,BALONNE,2023,12,12,0.0,67.66666666666667,4.0,False,30300.0,Balonne,3200.0,4335.0,136.325,1.0587444220306865,30300,943.0,3,50981.0,0.0,0.0,0.0,21.145833333333336,Q2
BALONNE,BALONNE,2024,12,12,0.0,71.41666666666667,3.9166666666666665,False,30300.0,Balonne,3217.0,4345.0,139.85,1.0320581575497558,30300,943.0,3,,0.0,0.0,0.0,22.19977204434774,Q2
BALONNE,BALONNE,2025,12,12,0.0,73.0,4.0,False,30300.0,Balonne,3220.0,4350.0,144.33333333333334,1.0,30300,943.0,3,,0.0,0.0,0.0,22.67080745341615,Q2
BALONNE,BALONNE,2026,8,8,0.0,73.0,4.0,False,,,,,,,30300,943.0,3,,,,,,Q2
BANANA,BANANA,2004,6,0,1858795.94,179.66666666666666,11.0,False,30370.0,Banana,10383.0,14959.0,79.3,1.8200924758301809,30370,992.0,7,,3383180.5044976883,325.8384382642481,18830.318206851698,17.30392628976853,Q4
BANANA,BANANA,2005,12,0,3985511.85,173.91666666666666,10.916666666666666,True,30370.0,Banana,10381.0,14913.0,81.425,1.7725923651622149,30370,992.0,7,,7064687.876573535,680.5402058157725,40621.1090171933,16.753363516681116,Q4
BANANA,BANANA,2006,12,0,4708937.83,179.0,11.0,True,30370.0,Banana,10611.0,15026.0,84.45,1.7090980856522597,30370,992.0,7,,8048036.630708506,758.4616558956278,44961.09849557825,16.86928658938837,Q4
BANANA,BANANA,2007,12,0,5003927.39,178.83333333333334,11.0,True,30370.0,Banana,10486.0,14883.0,87.025,1.658527243129369,30370,992.0,7,,8299149.898956238,791.4504957997557,46407.17557664252,17.054485345540087,Q4
BANANA,BANANA,2008,12,0,4697100.890000001,184.0,11.0,True,30370.0,Banana,10492.0,14880.0,91.325,1.5804361711835022,30370,992.0,7,,7423468.146254222,707.5360413890795,40344.9355774686,17.537171178040413,Q4
BANANA,BANANA,2009,12,0,4638011.0,188.41666666666666,10.916666666666666,True,30370.0,Banana,10572.0,14941.0,93.5,1.5436720142602496,30370,992.0,7,,7159567.782531194,677.2198053850922,37998.590619360606,17.822234834153107,Q4
BANANA,BANANA,2010,12,0,4500382.47,171.0,10.0,True,30370.0,Banana,10548.0,14855.0,96.35000000000001,1.498010724788099,30370,992.0,7,,6741621.205708355,639.1373915157712,39424.68541349915,16.21160409556314,Q4
BANANA,BANANA,2011,12,0,5483315.67,171.0,10.0,True,30370.0,Banana,10547.0,14812.0,99.45,1.4513155689626278,30370,992.0,7,,7958021.401407743,754.5293828963443,46538.13685033768,16.213141177586042,Q4
BANANA,BANANA,2012,12,0,5664398.19,171.0,10.0,True,30370.0,Banana,10623.0,14852.0,100.975,1.4293967153585874,30370,992.0,7,,8096672.167269128,762.1832031694557,47348.96004250952,16.097147698390284,Q4
BANANA,BANANA,2013,12,0,5919787.33,171.08333333333334,10.0,True,30370.0,Banana,10756.0,14948.0,103.225,1.3982400904173733,30370,992.0,7,,8277283.971550821,769.5503878347732,48381.59165056495,15.90585099789265,Q4
BANANA,BANANA,2014,12,0,5296118.23,171.0,10.0,True,30370.0,Banana,10705.0,14860.0,106.05,1.360993242181361,30370,992.0,7,,7207981.120823512,673.3284559386747,42151.936379084866,15.973843998131715,Q4
BANANA,BANANA,2015,12,0,5890750.0,171.0,10.0,True,30370.0,Banana,10594.0,14707.0,107.675,1.3404535252689422,30370,992.0,7,,7896276.603978021,745.353653386636,46177.05616361416,16.141212006796298,Q4
BANANA,BANANA,2016,12,0,4983633.63,156.08333333333334,10.0,True,30370.0,Banana,10507.0,14570.0,109.35,1.3199207437890568,30370,992.0,7,,6578001.407681757,626.0589519065153,42144.16278279822,14.85517591446972,Q4
BANANA,BANANA,2017,12,0,5349928.9,152.0,10.0,True,30370.0,Banana,10521.0,14573.0,111.3,1.2967954477388441,30370,992.0,7,,6937763.443246483,659.4205344783275,45643.18054767423,14.447295884421633,Q4
BANANA,BANANA,2018,12,0,5869707.14,150.33333333333334,9.583333333333334,True,30370.0,Banana,10513.0,14525.0,113.17500000000001,1.275311096384655,30370,992.0,7,,7485702.648170237,712.0424853201025,49794.03091909248,14.299755857826819,Q4
BANANA,BANANA,2019,12,0,5907986.65,145.91666666666666,8.666666666666666,True,30370.0,Banana,10597.0,14581.0,115.175,1.253165472831199,30370,992.0,7,51215.0,7403684.883727661,698.6585716455281,50739.13112777381,13.76962033279859,Q4
BANANA,BANANA,2020,12,4,4531255.37,142.125,8.0,False,30370.0,Banana,10639.0,14587.0,115.875,1.2455951096727798,30370,992.0,7,49539.0,5644109.529550523,530.511282033135,39712.292204401216,13.35886831469123,Q4
BANANA,BANANA,2021,12,0,6224084.3100000005,142.08333333333334,8.0,True,30370.0,Banana,10693.0,14657.0,120.175,1.2010262811178145,30370,992.0,7,52217.0,7475288.832203039,699.082468175726,52612.00351110643,13.287508962249447,Q4
BANANA,BANANA,2022,12,0,7073348.47,136.75,7.25,True,30370.0,Banana,10727.0,14770.0,128.875,1.1199482702877466,30370,992.0,7,56455.0,7921784.384118978,738.4902008128067,57928.953448767665,12.74820546285075,Q4
BANANA,BANANA,2023,12,0,8334274.64,135.33333333333334,7.0,True,30370.0,Banana,10839.0,14909.0,136.325,1.0587444220306865,30370,992.0,7,56287.0,8823866.786771808,814.0849512659662,65200.98610915129,12.485776670664576,Q4
BANANA,BANANA,2024,12,0,9279333.45,135.91666666666666,6.666666666666667,True,30370.0,Banana,11010.0,15040.0,139.85,1.0320581575497558,30370,992.0,7,,9576811.78369682,869.8284998816366,70460.90827980493,12.344838026036935,Q4
BANANA,BANANA,2025,12,0,9847854.7,140.33333333333334,6.0,True,30370.0,Banana,11076.0,15144.0,144.33333333333334,1.0,30370,992.0,7,,9847854.7,889.1165312387143,70174.73657957243,12.670037317924642,Q4
BANANA,BANANA,2026,8,0,7108020.41,140.0,6.0,False,,,,,,,30370,992.0,7,,,,,,Q4
BARCALDINE,BARCALDINE,2004,6,6,0.0,28.0,3.0,False,30410.0,Barcaldine,2393.0,3350.0,79.3,1.8200924758301809,30410,1002.0,7,,0.0,0.0,0.0,11.70079398244881,Q4
BARCALDINE,BARCALDINE,2005,12,12,0.0,28.0,3.0,False,30410.0,Barcaldine,2409.0,3359.0,81.425,1.7725923651622149,30410,1002.0,7,,0.0,0.0,0.0,11.6230801162308,Q4
BARCALDINE,BARCALDINE,2006,12,12,0.0,28.0,3.0,False,30410.0,Barcaldine,2396.0,3341.0,84.45,1.7090980856522597,30410,1002.0,7,,0.0,0.0,0.0,11.686143572621035,Q4
BARCALDINE,BARCALDINE,2007,12,12,0.0,28.0,3.0,False,30410.0,Barcaldine,2404.0,3338.0,87.025,1.658527243129369,30410,1002.0,7,,0.0,0.0,0.0,11.647254575707155,Q4
BARCALDINE,BARCALDINE,2008,12,12,0.0,28.0,3.0,False,30410.0,Barcaldine,2408.0,3322.0,91.325,1.5804361711835022,30410,1002.0,7,,0.0,0.0,0.0,11.627906976744185,Q4
BARCALDINE,BARCALDINE,2009,12,12,0.0,28.0,3.0,False,30410.0,Barcaldine,2403.0,3303.0,93.5,1.5436720142602496,30410,1002.0,7,,0.0,0.0,0.0,11.65210153974199,Q4
BARCALDINE,BARCALDINE,2010,12,12,0.0,28.0,3.0,False,30410.0,Barcaldine,2400.0,3295.0,96.35000000000001,1.498010724788099,30410,1002.0,7,,0.0,0.0,0.0,11.666666666666666,Q4
BARCALDINE,BARCALDINE,2011,12,12,0.0,28.0,3.0,False,30410.0,Barcaldine,2408.0,3292.0,99.45,1.4513155689626278,30410,1002.0,7,,0.0,0.0,0.0,11.627906976744185,Q4
BARCALDINE,BARCALDINE,2012,12,12,0.0,28.0,3.0,False,30410.0,Barcaldine,2405.0,3249.0,100.975,1.4293967153585874,30410,1002.0,7,,0.0,0.0,0.0,11.642411642411643,Q4
BARCALDINE,BARCALDINE,2013,12,12,0.0,28.0,3.0,False,30410.0,Barcaldine,2406.0,3232.0,103.225,1.3982400904173733,30410,1002.0,7,,0.0,0.0,0.0,11.637572734829593,Q4
BARCALDINE,BARCALDINE,2014,12,12,0.0,28.0,3.0,False,30410.0,Barcaldine,2363.0,3166.0,106.05,1.360993242181361,30410,1002.0,7,,0.0,0.0,0.0,11.84934405416843,Q4
BARCALDINE,BARCALDINE,2015,12,12,0.0,28.0,3.0,False,30410.0,Barcaldine,2296.0,3082.0,107.675,1.3404535252689422,30410,1002.0,7,,0.0,0.0,0.0,12.195121951219512,Q4
BARCALDINE,BARCALDINE,2016,12,12,0.0,28.0,3.0,False,30410.0,Barcaldine,2183.0,2909.0,109.35,1.3199207437890568,30410,1002.0,7,,0.0,0.0,0.0,12.82638570774164,Q4
BARCALDINE,BARCALDINE,2017,12,12,0.0,25.75,3.0,False,30410.0,Barcaldine,2166.0,2881.0,111.3,1.2967954477388441,30410,1002.0,7,,0.0,0.0,0.0,11.888273314866113,Q4
BARCALDINE,BARCALDINE,2018,12,12,0.0,25.0,3.0,False,30410.0,Barcaldine,2155.0,2877.0,113.17500000000001,1.275311096384655,30410,1002.0,7,,0.0,0.0,0.0,11.600928074245939,Q4
BARCALDINE,BARCALDINE,2019,12,12,0.0,22.75,3.0,False,30410.0,Barcaldine,2167.0,2876.0,115.175,1.253165472831199,30410,1002.0,7,45481.0,0.0,0.0,0.0,10.498384863867097,Q4
BARCALDINE,BARCALDINE,2020,12,12,0.0,22.0,3.0,False,30410.0,Barcaldine,2162.0,2862.0,115.875,1.2455951096727798,30410,1002.0,7,47475.0,0.0,0.0,0.0,10.175763182238668,Q4
BARCALDINE,BARCALDINE,2021,12,12,0.0,20.666666666666668,2.8333333333333335,False,30410.0,Barcaldine,2174.0,2863.0,120.175,1.2010262811178145,30410,1002.0,7,48782.0,0.0,0.0,0.0,9.50628641521006,Q4
BARCALDINE,BARCALDINE,2022,12,12,0.0,14.0,2.0,False,30410.0,Barcaldine,2184.0,2860.0,128.875,1.1199482702877466,30410,1002.0,7,53460.0,0.0,0.0,0.0,6.410256410256411,Q4
BARCALDINE,BARCALDINE,2023,12,12,0.0,14.0,2.0,False,30410.0,Barcaldine,2190.0,2889.0,136.325,1.0587444220306865,30410,1002.0,7,54809.0,0.0,0.0,0.0,6.392694063926941,Q4
BARCALDINE,BARCALDINE,2024,12,12,0.0,14.0,2.0,False,30410.0,Barcaldine,2233.0,2910.0,139.85,1.0320581575497558,30410,1002.0,7,,0.0,0.0,0.0,6.269592476489028,Q4
BARCALDINE,BARCALDINE,2025,11,11,0.0,10.857142857142858,1.8571428571428572,False,30410.0,Barcaldine,2225.0,2937.0,144.33333333333334,1.0,30410,1002.0,7,,0.0,0.0,0.0,4.879614767255217,Q4
BLACKALL TAMBO,BLACKALL TAMBO,2004,6,6,0.0,26.0,3.0,False,30760.0,Blackall Tambo,1599.0,2164.0,79.3,1.8200924758301809,30760,961.0,4,,0.0,0.0,0.0,16.260162601626018,Q3
BLACKALL TAMBO,BLACKALL TAMBO,2005,12,12,0.0,26.0,3.0,False,30760.0,Blackall Tambo,1601.0,2126.0,81.425,1.7725923651622149,30760,961.0,4,,0.0,0.0,0.0,16.239850093691444,Q3
BLACKALL TAMBO,BLACKALL TAMBO,2006,12,12,0.0,26.0,3.0,False,30760.0,Blackall Tambo,1562.0,2063.0,84.45,1.7090980856522597,30760,961.0,4,,0.0,0.0,0.0,16.645326504481435,Q3
BLACKALL TAMBO,BLACKALL TAMBO,2007,12,12,0.0,26.0,3.0,False,30760.0,Blackall Tambo,1571.0,2076.0,87.025,1.658527243129369,30760,961.0,4,,0.0,0.0,0.0,16.54996817313813,Q3
BLACKALL TAMBO,BLACKALL TAMBO,2008,12,12,0.0,26.0,3.0,False,30760.0,Blackall Tambo,1604.0,2124.0,91.325,1.5804361711835022,30760,961.0,4,,0.0,0.0,0.0,16.209476309226932,Q3
BLACKALL TAMBO,BLACKALL TAMBO,2009,12,12,0.0,26.0,3.0,False,30760.0,Blackall Tambo,1639.0,2171.0,93.5,1.5436720142602496,30760,961.0,4,,0.0,0.0,0.0,15.863331299572911,Q3
BLACKALL TAMBO,BLACKALL TAMBO,2010,12,12,0.0,26.0,3.0,False,30760.0,Blackall Tambo,1660.0,2216.0,96.35000000000001,1.498010724788099,30760,961.0,4,,0.0,0.0,0.0,15.662650602409638,Q3
BLACKALL TAMBO,BLACKALL TAMBO,2011,12,12,0.0,26.0,3.0,False,30760.0,Blackall Tambo,1693.0,2257.0,99.45,1.4513155689626278,30760,961.0,4,,0.0,0.0,0.0,15.35735380980508,Q3
BLACKALL TAMBO,BLACKALL TAMBO,2012,12,12,0.0,26.0,3.0,False,30760.0,Blackall Tambo,1698.0,2236.0,100.975,1.4293967153585874,30760,961.0,4,,0.0,0.0,0.0,15.312131919905772,Q3
BLACKALL TAMBO,BLACKALL TAMBO,2013,12,12,0.0,26.0,3.0,False,30760.0,Blackall Tambo,1692.0,2214.0,103.225,1.3982400904173733,30760,961.0,4,,0.0,0.0,0.0,15.36643026004728,Q3
BLACKALL TAMBO,BLACKALL TAMBO,2014,12,12,0.0,26.0,3.0,False,30760.0,Blackall Tambo,1652.0,2152.0,106.05,1.360993242181361,30760,961.0,4,,0.0,0.0,0.0,15.738498789346247,Q3
BLACKALL TAMBO,BLACKALL TAMBO,2015,12,12,0.0,20.0,2.25,False,30760.0,Blackall Tambo,1575.0,2035.0,107.675,1.3404535252689422,30760,961.0,4,,0.0,0.0,0.0,12.698412698412698,Q3
BLACKALL TAMBO,BLACKALL TAMBO,2016,12,12,0.0,18.0,2.0,False,30760.0,Blackall Tambo,1488.0,1925.0,109.35,1.3199207437890568,30760,961.0,4,,0.0,0.0,0.0,12.096774193548388,Q3
BLACKALL TAMBO,BLACKALL TAMBO,2017,12,12,0.0,18.0,2.0,False,30760.0,Blackall Tambo,1449.0,1895.0,111.3,1.2967954477388441,30760,961.0,4,,0.0,0.0,0.0,12.422360248447205,Q3
BLACKALL TAMBO,BLACKALL TAMBO,2018,12,12,0.0,18.0,2.0,False,30760.0,Blackall Tambo,1457.0,1901.0,113.17500000000001,1.275311096384655,30760,961.0,4,,0.0,0.0,0.0,12.354152367879204,Q3
BLACKALL TAMBO,BLACKALL TAMBO,2019,12,12,0.0,18.0,2.0,False,30760.0,Blackall Tambo,1473.0,1916.0,115.175,1.253165472831199,30760,961.0,4,41219.0,0.0,0.0,0.0,12.219959266802444,Q3
BLACKALL TAMBO,BLACKALL TAMBO,2020,12,12,0.0,18.0,2.0,False,30760.0,Blackall Tambo,1496.0,1919.0,115.875,1.2455951096727798,30760,961.0,4,43398.0,0.0,0.0,0.0,12.032085561497325,Q3
BLACKALL TAMBO,BLACKALL TAMBO,2021,12,12,0.0,18.0,2.0,False,30760.0,Blackall Tambo,1514.0,1918.0,120.175,1.2010262811178145,30760,961.0,4,46961.0,0.0,0.0,0.0,11.889035667107,Q3
BLACKALL TAMBO,BLACKALL TAMBO,2022,12,12,0.0,18.0,2.0,False,30760.0,Blackall Tambo,1506.0,1932.0,128.875,1.1199482702877466,30760,961.0,4,51481.0,0.0,0.0,0.0,11.952191235059761,Q3
BLACKALL TAMBO,BLACKALL TAMBO,2023,12,12,0.0,18.0,2.0,False,30760.0,Blackall Tambo,1512.0,1949.0,136.325,1.0587444220306865,30760,961.0,4,52339.0,0.0,0.0,0.0,11.904761904761905,Q3
BLACKALL TAMBO,BLACKALL TAMBO,2024,12,12,0.0,18.0,2.0,False,30760.0,Blackall Tambo,1522.0,1962.0,139.85,1.0320581575497558,30760,961.0,4,,0.0,0.0,0.0,11.826544021024967,Q3
BLACKALL TAMBO,BLACKALL TAMBO,2025,12,12,0.0,18.0,2.0,False,30760.0,Blackall Tambo,1524.0,1975.0,144.33333333333334,1.0,30760,961.0,4,,0.0,0.0,0.0,11.811023622047244,Q3
BLACKALL TAMBO,BLACKALL TAMBO,2026,8,8,0.0,18.0,2.0,False,,,,,,,30760,961.0,4,,,,,,Q3
BRISBANE,BRISBANE,2004,6,0,194279759.68,8401.0,231.33333333333334,False,31000.0,Brisbane,714990.0,949935.0,79.3,1.8200924758301809,31000,1045.0,9,,353607128.7996638,494.56234185046475,42091.07591949337,11.749814682722835,Q5 least disadv
BRISBANE,BRISBANE,2005,12,0,389074112.19,8613.75,232.5,True,31000.0,Brisbane,729652.0,967989.0,81.425,1.7725923651622149,31000,1045.0,9,,689669800.7502611,945.2037419896897,80066.15013789128,11.805285259274283,Q5 least disadv
BRISBANE,BRISBANE,2006,12,0,386135129.55,8746.833333333334,230.33333333333334,True,31000.0,Brisbane,745720.0,987831.0,84.45,1.7090980856522597,31000,1045.0,9,,659942810.7169924,884.9739992450147,75449.34098629892,11.729380106921276,Q5 least disadv
BRISBANE,BRISBANE,2007,12,0,393810827.16,8869.5,228.0,True,31000.0,Brisbane,763182.0,1010222.0,87.025,1.658527243129369,31000,1045.0,9,,653145985.4841713,855.8194316482454,73639.54963460976,11.621736361706644,Q5 least disadv
BRISBANE,BRISBANE,2008,12,0,412461428.28999996,8819.25,222.91666666666666,True,31000.0,Brisbane,781229.0,1033472.0,91.325,1.5804361711835022,31000,1045.0,9,,651868960.4875262,834.414698491129,73914.3306389462,11.28894344679985,Q5 least disadv
BRISBANE,BRISBANE,2009,12,0,402059673.85,8760.916666666666,219.41666666666666,True,31000.0,Brisbane,800616.0,1057692.0,93.5,1.5436720142602496,31000,1045.0,9,,620648266.5848485,775.2134188985088,70842.84558330258,10.942719938980318,Q5 least disadv
BRISBANE,BRISBANE,2010,12,0,402228128.19,8835.666666666666,219.41666666666666,True,31000.0,Brisbane,814352.0,1073144.0,96.35000000000001,1.498010724788099,31000,1045.0,9,,602542049.8400623,739.9036900996894,68194.29394198464,10.849935490631404,Q5 least disadv
BRISBANE,BRISBANE,2011,12,0,415830209.5,8738.916666666666,213.83333333333334,True,31000.0,Brisbane,829629.0,1089879.0,99.45,1.4513155689626278,31000,1045.0,9,,603500857.0923412,727.4346208875788,69059.00125976803,10.533523619192032,Q5 least disadv
BRISBANE,BRISBANE,2012,12,0,425284503.81,8775.25,210.66666666666666,True,31000.0,Brisbane,845226.0,1111798.0,100.975,1.4293967153585874,31000,1045.0,9,,607900272.8389206,719.2162484813773,69274.41073917218,10.382134482375129,Q5 least disadv
BRISBANE,BRISBANE,2013,12,0,433965602.96999997,8794.5,207.08333333333334,True,31000.0,Brisbane,859622.0,1131996.0,103.225,1.3982400904173733,31000,1045.0,9,,606788103.9348027,705.8778206407032,68996.31632665901,10.23065952244126,Q5 least disadv
BRISBANE,BRISBANE,2014,12,0,468003749.05,8810.75,203.08333333333334,True,31000.0,Brisbane,872410.0,1149107.0,106.05,1.360993242181361,31000,1045.0,9,,636949939.7725916,730.1038958432292,72292.36328037812,10.099322566224597,Q5 least disadv
BRISBANE,BRISBANE,2015,12,0,498707681.33,8616.666666666666,195.16666666666666,True,31000.0,Brisbane,885603.0,1165437.0,107.675,1.3404535252689422,31000,1045.0,9,,668494469.5174987,754.8466632537364,77581.56319352017,9.729717115532203,Q5 least disadv
BRISBANE,BRISBANE,2016,12,0,507546258.76,8542.25,187.5,True,31000.0,Brisbane,901052.0,1184752.0,109.35,1.3199207437890568,31000,1045.0,9,,669920835.3698523,743.4874295488521,78424.40052326405,9.480307462832334,Q5 least disadv
BRISBANE,BRISBANE,2017,12,0,523259992.51,8471.5,182.75,True,31000.0,Brisbane,917241.0,1206960.0,111.3,1.2967954477388441,31000,1045.0,9,,678561176.2708297,739.7850469732924,80099.29484398627,9.235849683997989,Q5 least disadv
BRISBANE,BRISBANE,2018,12,0,530771879.17,8268.5,176.75,True,31000.0,Brisbane,932583.0,1226938.0,113.17500000000001,1.275311096384655,31000,1045.0,9,,676899267.1544363,725.8327324800434,81864.82036094047,8.866234962464468,Q5 least disadv
BRISBANE,BRISBANE,2019,12,0,535622800.46,8141.333333333333,170.58333333333334,True,31000.0,Brisbane,948618.0,1247133.0,115.175,1.253165472831199,31000,1045.0,9,53023.0,671223999.9976268,707.5809229823035,82446.4461182804,8.582309563315617,Q5 least disadv
BRISBANE,BRISBANE,2020,12,4,401322185.67,7853.25,166.125,False,31000.0,Brisbane,962990.0,1263500.0,115.875,1.2455951096727798,31000,1045.0,9,54220.0,499884951.87374336,519.0967215378595,63653.25844379631,8.155069107675054,Q5 least disadv
BRISBANE,BRISBANE,2021,12,0,559249281.93,7583.333333333333,159.0,True,31000.0,Brisbane,964859.0,1262968.0,120.175,1.2010262811178145,31000,1045.0,9,57662.0,671673085.294196,696.136000487321,88572.27498385003,7.859524897765718,Q5 least disadv
BRISBANE,BRISBANE,2022,12,0,662865234.05,7658.583333333333,158.75,True,31000.0,Brisbane,983497.0,1281960.0,128.875,1.1199482702877466,31000,1045.0,9,60918.0,742374772.3081797,754.831760857613,96933.69386960336,7.787093741346779,Q5 least disadv
BRISBANE,BRISBANE,2023,12,0,695848515.08,7542.666666666667,155.75,True,31000.0,Brisbane,1020749.0,1322202.0,136.325,1.0587444220306865,31000,1045.0,9,63317.0,736725733.9192861,721.7501402590511,97674.43882613834,7.389345144268245,Q5 least disadv
BRISBANE,BRISBANE,2024,12,0,755942938.53,7515.583333333333,153.91666666666666,True,31000.0,Brisbane,1050126.0,1353837.0,139.85,1.0320581575497558,31000,1045.0,9,,780177076.3520201,742.9366346057712,103807.92039012542,7.156839591947379,Q5 least disadv
BRISBANE,BRISBANE,2025,12,0,842654545.34,7641.083333333333,154.33333333333334,True,31000.0,Brisbane,1072567.0,1375301.0,144.33333333333334,1.0,31000,1045.0,9,,842654545.34,785.642803983341,110279.46019957904,7.124108175371173,Q5 least disadv
BRISBANE,BRISBANE,2026,8,0,578175047.19,7625.125,155.375,False,,,,,,,31000,1045.0,9,,,,,,Q5 least disadv
BUNDABERG,BUNDABERG,2004,6,0,20184336.36,961.8333333333334,42.0,False,31820.0,Bundaberg,58452.0,80991.0,79.3,1.8200924758301809,31820,924.0,2,,36737358.73846154,628.5047344566746,38195.139911760394,16.455097059695706,Q1 most disadv
BUNDABERG,BUNDABERG,2005,12,0,40822142.17,994.9166666666666,41.166666666666664,True,31820.0,Bundaberg,60152.0,82876.0,81.425,1.7725923651622149,31820,924.0,2,,72361017.54010849,1202.96943642952,72730.73209492436,16.540043002172276,Q1 most disadv
BUNDABERG,BUNDABERG,2006,12,0,41352582.42,1089.1666666666667,41.0,True,31820.0,Bundaberg,61858.0,84816.0,84.45,1.7090980856522597,31820,924.0,2,,70675619.45079929,1142.546145216452,64889.62765184326,17.60753122743488,Q1 most disadv
BUNDABERG,BUNDABERG,2007,12,0,42093134.15,1140.4166666666667,41.0,True,31820.0,Bundaberg,63317.0,86486.0,87.025,1.658527243129369,31820,924.0,2,,69812609.73647419,1102.588716086899,61216.75680216954,18.011223947228498,Q1 most disadv
BUNDABERG,BUNDABERG,2008,12,0,43365984.68,1111.0,41.166666666666664,True,31820.0,Bundaberg,65028.0,88599.0,91.325,1.5804361711835022,31820,924.0,2,,68537170.78726162,1053.963996851535,61689.622670802535,17.084948022390353,Q1 most disadv
BUNDABERG,BUNDABERG,2009,12,0,43955102.8,1110.9166666666667,42.0,True,31820.0,Bundaberg,66496.0,90335.0,93.5,1.5436720142602496,31820,924.0,2,,67852262.07629234,1020.3961452762924,61077.72447044543,16.706518687840873,Q1 most disadv
BUNDABERG,BUNDABERG,2010,12,0,44462341.18,1133.3333333333333,41.416666666666664,True,31820.0,Bundaberg,67568.0,91400.0,96.35000000000001,1.498010724788099,31820,924.0,2,,66605063.93682754,985.7486374737678,58769.174061906655,16.77322598468703,Q1 most disadv
BUNDABERG,BUNDABERG,2011,12,0,46609804.46,1146.8333333333333,41.666666666666664,True,31820.0,Bundaberg,68217.0,92063.0,99.45,1.4513155689626278,31820,924.0,2,,67645534.87910172,991.6228341777229,58984.625675717245,16.811547463730935,Q1 most disadv
BUNDABERG,BUNDABERG,2012,12,0,48550196.72,1195.1666666666667,41.25,True,31820.0,Bundaberg,69342.0,93293.0,100.975,1.4293967153585874,31820,924.0,2,,69397491.72158127,1000.8002613362935,58065.116487168816,17.235826290944402,Q1 most disadv
BUNDABERG,BUNDABERG,2013,12,0,50524227.879999995,1184.75,37.916666666666664,True,31820.0,Bundaberg,70119.0,93850.0,103.225,1.3982400904173733,31820,924.0,2,,70645000.95919916,1007.5015467875919,59628.61444118941,16.896276330238596,Q1 most disadv
BUNDABERG,BUNDABERG,2014,12,0,49813205.38,1250.6666666666667,38.916666666666664,True,31820.0,Bundaberg,70638.0,94025.0,106.05,1.360993242181361,31820,924.0,2,,67795435.89357223,959.7587119336932,54207.43808121447,17.705295544418963,Q1 most disadv
BUNDABERG,BUNDABERG,2015,12,0,50359085.1,1246.75,39.0,True,31820.0,Bundaberg,70992.0,94028.0,107.675,1.3404535252689422,31820,924.0,2,,67504013.15161367,950.8678886580694,54143.98488198409,17.561837953572233,Q1 most disadv
BUNDABERG,BUNDABERG,2016,12,0,50635584.36,1186.6666666666667,36.666666666666664,True,31820.0,Bundaberg,71484.0,94256.0,109.35,1.3199207437890568,31820,924.0,2,,66834958.17064473,934.9638824162712,56321.593964026455,16.60045138306008,Q1 most disadv
BUNDABERG,BUNDABERG,2017,12,0,51126015.85,1165.4166666666667,35.083333333333336,True,31820.0,Bundaberg,72680.0,95354.0,111.3,1.2967954477388441,31820,924.0,2,,66299984.61530399,912.2177299849201,56889.511289499314,16.034901852871034,Q1 most disadv
BUNDABERG,BUNDABERG,2018,12,0,52295481.72,1154.5833333333333,34.0,True,31820.0,Bundaberg,73911.0,96599.0,113.17500000000001,1.275311096384655,31820,924.0,2,,66693008.12829688,902.3421159001621,57763.70245684321,15.62126521537164,Q1 most disadv
BUNDABERG,BUNDABERG,2019,12,0,53744449.94,1112.4166666666667,33.083333333333336,True,31820.0,Bundaberg,75197.0,97801.0,115.175,1.253165472831199,31820,924.0,2,37473.0,67350689.0211128,895.6565956236658,60544.48035458488,14.793364983532145,Q1 most disadv
BUNDABERG,BUNDABERG,2020,12,4,43082065.28,1035.625,31.5,False,31820.0,Bundaberg,76459.0,98883.0,115.875,1.2455951096727798,31820,924.0,2,39094.0,53662809.827371456,701.8507935935789,51816.83507772742,13.54484102590931,Q1 most disadv
BUNDABERG,BUNDABERG,2021,12,0,65498525.8,1052.3333333333333,32.0,True,31820.0,Bundaberg,77838.0,100095.0,120.175,1.2010262811178145,31820,924.0,2,43195.0,78665450.86027323,1010.6304229331846,74753.35843548295,13.519532019493477,Q1 most disadv
BUNDABERG,BUNDABERG,2022,12,0,73573209.91,1075.0,32.0,True,31820.0,Bundaberg,79216.0,101862.0,128.875,1.1199482702877466,31820,924.0,2,44984.0,82398189.17822179,1040.1710409288753,76649.4783053226,13.570490809937386,Q1 most disadv
BUNDABERG,BUNDABERG,2023,12,0,76511670.76,1103.3333333333333,31.333333333333332,True,31820.0,Bundaberg,81016.0,103953.0,136.325,1.0587444220306865,31820,924.0,2,45747.0,81006304.63739838,999.8803278043642,73419.61145383539,13.618709061584543,Q1 most disadv
BUNDABERG,BUNDABERG,2024,12,0,84339478.06,1112.0833333333333,31.333333333333332,True,31820.0,Bundaberg,82497.0,105895.0,139.85,1.0320581575497558,31820,924.0,2,,87043246.33531165,1055.1080201135999,78270.43507109328,13.480288172095145,Q1 most disadv
BUNDABERG,BUNDABERG,2025,12,0,91892588.62,1151.6666666666667,32.083333333333336,True,31820.0,Bundaberg,83717.0,107297.0,144.33333333333334,1.0,31820,924.0,2,,91892588.62,1097.6574485468902,79790.95972793053,13.756664317482313,Q1 most disadv
BUNDABERG,BUNDABERG,2026,8,0,63052751.839999996,1148.5,31.25,False,,,,,,,31820,924.0,2,,,,,,Q1 most disadv
BURDEKIN,BURDEKIN,2004,6,0,2717298.52,179.66666666666666,8.0,False,31900.0,Burdekin,12732.0,17636.0,79.3,1.8200924758301809,31900,966.0,5,,4945734.590836486,388.449151023915,27527.27972636263,14.111425280134045,Q3
BURDEKIN,BURDEKIN,2005,12,0,5971062.4,185.0,8.0,True,31900.0,Burdekin,12726.0,17536.0,81.425,1.7725923651622149,31900,966.0,5,,10584259.62214717,831.703569239916,57212.214173768494,14.537168002514537,Q3
BURDEKIN,BURDEKIN,2006,12,0,6157043.12,185.0,8.0,True,31900.0,Burdekin,12705.0,17451.0,84.45,1.7090980856522597,31900,966.0,5,,10522990.609670417,828.2558527879116,56881.0303225428,14.561196379378197,Q3
BURDEKIN,BURDEKIN,2007,12,0,6550816.04,185.0,8.0,True,31900.0,Burdekin,12763.0,17568.0,87.025,1.658527243129369,31900,966.0,5,,10864706.86706885,851.2659145239246,58728.14522739919,14.4950246807177,Q3
BURDEKIN,BURDEKIN,2008,12,0,6856132.41,185.0,8.0,True,31900.0,Burdekin,12833.0,17653.0,91.325,1.5804361711835022,31900,966.0,5,,10835679.655187517,844.3606058745046,58571.241379391984,14.415958856074184,Q3
BURDEKIN,BURDEKIN,2009,12,0,6591588.05,184.16666666666666,7.916666666666667,True,31900.0,Burdekin,12942.0,17776.0,93.5,1.5436720142602496,31900,966.0,5,,10175250.00231729,786.2192862244855,55250.22625692647,14.230155050739194,Q3
BURDEKIN,BURDEKIN,2010,12,0,6158716.02,177.16666666666666,6.916666666666667,True,31900.0,Burdekin,12974.0,17786.0,96.35000000000001,1.498010724788099,31900,966.0,5,,9225822.648884276,711.1008670328562,52074.257660682655,13.65551616052618,Q3
BURDEKIN,BURDEKIN,2011,12,0,6385318.72,163.0,6.0,True,31900.0,Burdekin,12981.0,17775.0,99.45,1.4513155689626278,31900,966.0,5,,9267112.471124519,713.8981951409382,56853.45074309521,12.556813804791618,Q3
BURDEKIN,BURDEKIN,2012,12,0,6719799.82,163.0,6.0,True,31900.0,Burdekin,13137.0,17862.0,100.975,1.4293967153585874,31900,966.0,5,,9605259.790575227,731.1608274777519,58927.97417530814,12.407703433051687,Q3
BURDEKIN,BURDEKIN,2013,12,0,6849629.96,163.0,6.0,True,31900.0,Burdekin,13131.0,17754.0,103.225,1.3982400904173733,31900,966.0,5,,9577427.21459595,729.3753114458875,58757.22217543527,12.413372934277664,Q3
BURDEKIN,BURDEKIN,2014,12,0,6820974.18,160.08333333333334,6.0,True,31900.0,Burdekin,13200.0,17695.0,106.05,1.360993242181361,31900,966.0,5,,9283299.76407355,703.2802851570872,57990.420181615096,12.127525252525253,Q3
BURDEKIN,BURDEKIN,2015,12,0,6598890.88,159.83333333333334,6.083333333333333,True,31900.0,Burdekin,13214.0,17566.0,107.675,1.3404535252689422,31900,966.0,5,,8845506.542961072,669.4041579356041,55342.0638767116,12.095757025377125,Q3
BURDEKIN,BURDEKIN,2016,12,0,6761164.97,169.0,7.0,True,31900.0,Burdekin,13120.0,17326.0,109.35,1.3199207437890568,31900,966.0,5,,8924201.896082915,680.1983152502222,52805.928379188845,12.88109756097561,Q3
BURDEKIN,BURDEKIN,2017,12,0,6598209.9,157.75,6.583333333333333,True,31900.0,Burdekin,13068.0,17224.0,111.3,1.2967954477388441,31900,966.0,5,,8556528.561545374,654.7695562859943,54241.06853594532,12.071472298745025,Q3
BURDEKIN,BURDEKIN,2018,12,0,7317225.83,171.58333333333334,7.0,True,31900.0,Burdekin,13031.0,17086.0,113.17500000000001,1.275311096384655,31900,966.0,5,,9331739.295751417,716.1184326415023,54386.04737689024,13.167318957358095,Q3
BURDEKIN,BURDEKIN,2019,12,0,8396526.25,172.16666666666666,7.0,True,31900.0,Burdekin,13059.0,17003.0,115.175,1.253165472831199,31900,966.0,5,42245.0,10522236.788220825,805.7459827108373,61116.573794119024,13.183755775072107,Q3
BURDEKIN,BURDEKIN,2020,12,4,6924894.32,180.75,7.0,False,31900.0,Burdekin,13099.0,16934.0,115.875,1.2455951096727798,31900,966.0,5,43006.0,8625614.49999281,658.4941216881297,47721.2420469865,13.798763264371326,Q3
BURDEKIN,BURDEKIN,2021,12,0,10469261.56,193.0,7.0,True,31900.0,Burdekin,13056.0,16836.0,120.175,1.2010262811178145,31900,966.0,5,49002.0,12573858.27745649,963.07125286891,65149.524753660575,14.782475490196079,Q3
BURDEKIN,BURDEKIN,2022,12,0,9895732.7,197.0,7.0,True,31900.0,Burdekin,13056.0,16855.0,128.875,1.1199482702877466,31900,966.0,5,51787.0,11082708.72059489,848.8594301926233,56257.40467307051,15.088848039215685,Q3
BURDEKIN,BURDEKIN,2023,12,0,11126808.030000001,196.5,7.0,True,31900.0,Burdekin,13136.0,16976.0,136.325,1.0587444220306865,31900,966.0,5,53542.0,11780445.936768753,896.8061766724081,59951.37881307254,14.958891595615103,Q3
BURDEKIN,BURDEKIN,2024,12,0,12181668.81,194.08333333333334,6.75,True,31900.0,Burdekin,13272.0,17134.0,139.85,1.0320581575497558,31900,966.0,5,,12572190.667929927,947.2717501454134,64777.28124309108,14.623518183644766,Q3
BURDEKIN,BURDEKIN,2025,12,6,5706415.9,188.5,5.5,False,31900.0,Burdekin,13367.0,17220.0,144.33333333333334,1.0,31900,966.0,5,,5706415.9,426.9032617640458,30272.763395225466,14.101892720879778,Q3
BURDEKIN,BURDEKIN,2026,8,8,0.0,183.0,5.0,False,,,,,,,31900,966.0,5,,,,,,Q3
CAIRNS,CAIRNS,2004,6,0,27740841.69,1498.3333333333333,43.5,False,32080.0,Cairns,88184.0,123392.0,79.3,1.8200924758301809,32080,981.0,6,,50490897.233165205,572.5630186106913,33698.040422579674,16.990988539115182,Q4
CAIRNS,CAIRNS,2005,12,0,55926345.98,1517.6666666666667,42.0,True,32080.0,Cairns,91208.0,127336.0,81.425,1.7725923651622149,32080,981.0,6,,99134613.89556852,1086.9070026266174,65320.413285022085,16.639622255357718,Q4
CAIRNS,CAIRNS,2006,12,0,57362837.98,1570.3333333333333,42.25,True,32080.0,Cairns,94611.0,131843.0,84.45,1.7090980856522597,32080,981.0,6,,98038716.57919873,1036.2295777361905,62431.78725060416,16.597788135981368,Q4
CAIRNS,CAIRNS,2007,12,0,59531401.65,1620.0,43.0,True,32080.0,Cairns,97707.0,136251.0,87.025,1.658527243129369,32080,981.0,6,,98734451.45820166,1010.5156381651434,60947.192258149174,16.58018361018146,Q4
CAIRNS,CAIRNS,2008,12,0,63695195.29,1626.1666666666667,42.833333333333336,True,32080.0,Cairns,101269.0,141403.0,91.325,1.5804361711835022,32080,981.0,6,,100666190.56691304,994.047443609723,61903.98108040158,16.0578920169713,Q4
CAIRNS,CAIRNS,2009,12,0,64689204.42,1623.3333333333333,42.25,True,32080.0,Cairns,104428.0,145962.0,93.5,1.5436720142602496,32080,981.0,6,,99858914.48791444,956.246547744996,61514.7317174011,15.545000702238225,Q4
CAIRNS,CAIRNS,2010,12,0,64730731.1,1641.6666666666667,42.916666666666664,True,32080.0,Cairns,106532.0,148943.0,96.35000000000001,1.498010724788099,32080,981.0,6,,96967329.41117454,910.217863282155,59066.39354995403,15.410080226285686,Q4
CAIRNS,CAIRNS,2011,12,0,72294551.66,1610.5,42.0,True,32080.0,Cairns,108237.0,150992.0,99.45,1.4513155689626278,32080,981.0,6,,104922208.37533098,969.3746904970665,65148.840965744166,14.879385053170358,Q4
CAIRNS,CAIRNS,2012,12,0,76773920.27,1625.0833333333333,41.25,True,32080.0,Cairns,110759.0,154041.0,100.975,1.4293967153585874,32080,981.0,6,,109740389.45914006,990.8033609832164,67529.08432950519,14.672246348678962,Q4
CAIRNS,CAIRNS,2013,12,0,80170059.07,1633.0,40.5,True,32080.0,Cairns,113151.0,156764.0,103.225,1.3982400904173733,32080,981.0,6,,112096990.64280295,990.6849311345278,68644.8197445211,14.432042138381455,Q4
CAIRNS,CAIRNS,2014,12,0,86416249.45,1645.0,40.0,True,32080.0,Cairns,114899.0,158574.0,106.05,1.360993242181361,32080,981.0,6,,117611931.51610877,1023.6114458446876,71496.61490340959,14.316921818292588,Q4
CAIRNS,CAIRNS,2015,12,0,94177732.53,1722.25,40.833333333333336,True,32080.0,Cairns,116466.0,159944.0,107.675,1.3404535252689422,32080,981.0,6,,126240873.57167403,1083.928988474525,73299.970138873,14.78757749042639,Q4
CAIRNS,CAIRNS,2016,12,0,99954290.49,1794.0833333333333,40.333333333333336,True,32080.0,Cairns,117929.0,161573.0,109.35,1.3199207437890568,32080,981.0,6,,131931741.44846824,1118.7387449098037,73537.13118963347,15.213249780235,Q4
CAIRNS,CAIRNS,2017,12,0,102360899.72,1818.4166666666667,40.416666666666664,True,32080.0,Cairns,119857.0,163806.0,111.3,1.2967954477388441,32080,981.0,6,,132741148.78334832,1107.4960059349753,72998.2028963008,15.171551654610633,Q4
CAIRNS,CAIRNS,2018,12,0,109517915.52,1808.3333333333333,39.333333333333336,True,32080.0,Cairns,121604.0,165716.0,113.17500000000001,1.275311096384655,32080,981.0,6,,139669412.9155732,1148.5593641292492,77236.54170446446,14.87067311382301,Q4
CAIRNS,CAIRNS,2019,12,0,113171180.31,1814.4166666666667,39.0,True,32080.0,Cairns,123143.0,167149.0,115.175,1.253165472831199,32080,981.0,6,47492.0,141822215.68404603,1151.6871903725428,78164.08341563185,14.734224979630728,Q4
CAIRNS,CAIRNS,2020,12,4,100277757.2,1776.375,39.0,False,32080.0,Cairns,125005.0,168710.0,115.875,1.2455951096727798,32080,981.0,6,48162.0,124905483.97727439,999.2039036620487,70314.81752291851,14.21043158273669,Q4
CAIRNS,CAIRNS,2021,12,0,126568663.56,1771.4166666666667,39.0,True,32080.0,Cairns,126039.0,169250.0,120.175,1.2010262811178145,32080,981.0,6,50801.0,152012291.30151865,1206.0734479130956,85813.96695762449,14.05451222769672,Q4
CAIRNS,CAIRNS,2022,12,0,135355203.11,1766.5,38.0,True,32080.0,Cairns,128149.0,171646.0,128.875,1.1199482702877466,32080,981.0,6,53044.0,151590825.59749115,1182.9263248054308,85814.22337814387,13.78473495696416,Q4
CAIRNS,CAIRNS,2023,12,0,141753420.48,1748.0833333333333,35.75,True,32080.0,Cairns,131066.0,175010.0,136.325,1.0587444220306865,32080,981.0,6,55547.0,150080643.23697048,1145.076856217253,85854.39857194289,13.337427962502352,Q4
CAIRNS,CAIRNS,2024,12,0,160118298.6,1724.0,34.083333333333336,True,32080.0,Cairns,133533.0,177573.0,139.85,1.0320581575497558,32080,981.0,6,,165251396.24311763,1237.5322672531706,95853.47809925617,12.910666277249819,Q4
CAIRNS,CAIRNS,2025,12,0,169456120.1,1719.8333333333333,34.0,True,32080.0,Cairns,135130.0,179334.0,144.33333333333334,1.0,32080,981.0,6,,169456120.1,1254.022941611781,98530.54759182091,12.727250302178149,Q4
CAIRNS,CAIRNS,2026,8,0,113582923.91,1709.75,34.0,False,,,,,,,32080,981.0,6,,,,,,Q4
CARPENTARIA,CARPENTARIA,2004,6,6,0.0,36.0,2.0,False,32250.0,Carpentaria,1528.0,2191.0,79.3,1.8200924758301809,32250,851.0,1,,0.0,0.0,0.0,23.56020942408377,Q1 most disadv
CARPENTARIA,CARPENTARIA,2005,12,12,0.0,36.0,2.0,False,32250.0,Carpentaria,1448.0,2080.0,81.425,1.7725923651622149,32250,851.0,1,,0.0,0.0,0.0,24.861878453038674,Q1 most disadv
CARPENTARIA,CARPENTARIA,2006,12,12,0.0,36.0,2.0,False,32250.0,Carpentaria,1417.0,2003.0,84.45,1.7090980856522597,32250,851.0,1,,0.0,0.0,0.0,25.40578687367678,Q1 most disadv
CARPENTARIA,CARPENTARIA,2007,12,12,0.0,38.5,2.25,False,32250.0,Carpentaria,1480.0,2087.0,87.025,1.658527243129369,32250,851.0,1,,0.0,0.0,0.0,26.013513513513512,Q1 most disadv
CARPENTARIA,CARPENTARIA,2008,12,12,0.0,47.25,3.0,False,32250.0,Carpentaria,1514.0,2124.0,91.325,1.5804361711835022,32250,851.0,1,,0.0,0.0,0.0,31.20871862615588,Q1 most disadv
CARPENTARIA,CARPENTARIA,2009,12,12,0.0,48.0,3.0,False,32250.0,Carpentaria,1543.0,2136.0,93.5,1.5436720142602496,32250,851.0,1,,0.0,0.0,0.0,31.108230719377836,Q1 most disadv
CARPENTARIA,CARPENTARIA,2010,12,12,0.0,48.0,3.0,False,32250.0,Carpentaria,1581.0,2182.0,96.35000000000001,1.498010724788099,32250,851.0,1,,0.0,0.0,0.0,30.36053130929791,Q1 most disadv
CARPENTARIA,CARPENTARIA,2011,12,12,0.0,48.0,3.0,False,32250.0,Carpentaria,1588.0,2197.0,99.45,1.4513155689626278,32250,851.0,1,,0.0,0.0,0.0,30.22670025188917,Q1 most disadv
CARPENTARIA,CARPENTARIA,2012,12,12,0.0,48.0,3.0,False,32250.0,Carpentaria,1582.0,2170.0,100.975,1.4293967153585874,32250,851.0,1,,0.0,0.0,0.0,30.34134007585335,Q1 most disadv
CARPENTARIA,CARPENTARIA,2013,12,12,0.0,48.0,3.0,False,32250.0,Carpentaria,1568.0,2146.0,103.225,1.3982400904173733,32250,851.0,1,,0.0,0.0,0.0,30.612244897959183,Q1 most disadv
CARPENTARIA,CARPENTARIA,2014,12,12,0.0,48.0,3.0,False,32250.0,Carpentaria,1553.0,2112.0,106.05,1.360993242181361,32250,851.0,1,,0.0,0.0,0.0,30.9079201545396,Q1 most disadv
CARPENTARIA,CARPENTARIA,2015,12,12,0.0,48.0,3.0,False,32250.0,Carpentaria,1533.0,2092.0,107.675,1.3404535252689422,32250,851.0,1,,0.0,0.0,0.0,31.31115459882583,Q1 most disadv
CARPENTARIA,CARPENTARIA,2016,12,12,0.0,48.0,3.0,False,32250.0,Carpentaria,1513.0,2051.0,109.35,1.3199207437890568,32250,851.0,1,,0.0,0.0,0.0,31.725049570389952,Q1 most disadv
CARPENTARIA,CARPENTARIA,2017,12,12,0.0,47.916666666666664,3.0,False,32250.0,Carpentaria,1505.0,2034.0,111.3,1.2967954477388441,32250,851.0,1,,0.0,0.0,0.0,31.83831672203765,Q1 most disadv
CARPENTARIA,CARPENTARIA,2018,12,12,0.0,48.0,3.0,False,32250.0,Carpentaria,1512.0,2050.0,113.17500000000001,1.275311096384655,32250,851.0,1,,0.0,0.0,0.0,31.746031746031747,Q1 most disadv
CARPENTARIA,CARPENTARIA,2019,12,12,0.0,48.0,3.0,False,32250.0,Carpentaria,1526.0,2089.0,115.175,1.253165472831199,32250,851.0,1,45394.0,0.0,0.0,0.0,31.45478374836173,Q1 most disadv
CARPENTARIA,CARPENTARIA,2020,12,12,0.0,48.0,3.0,False,32250.0,Carpentaria,1538.0,2118.0,115.875,1.2455951096727798,32250,851.0,1,46044.0,0.0,0.0,0.0,31.209362808842652,Q1 most disadv
CARPENTARIA,CARPENTARIA,2021,12,12,0.0,48.0,3.0,False,32250.0,Carpentaria,1574.0,2158.0,120.175,1.2010262811178145,32250,851.0,1,50349.0,0.0,0.0,0.0,30.495552731893266,Q1 most disadv
CARPENTARIA,CARPENTARIA,2022,12,12,0.0,48.0,3.0,False,32250.0,Carpentaria,1581.0,2165.0,128.875,1.1199482702877466,32250,851.0,1,52075.0,0.0,0.0,0.0,30.36053130929791,Q1 most disadv
CARPENTARIA,CARPENTARIA,2023,12,12,0.0,48.0,3.0,False,32250.0,Carpentaria,1588.0,2203.0,136.325,1.0587444220306865,32250,851.0,1,52327.0,0.0,0.0,0.0,30.22670025188917,Q1 most disadv
CARPENTARIA,CARPENTARIA,2024,12,12,0.0,47.75,3.0,False,32250.0,Carpentaria,1578.0,2220.0,139.85,1.0320581575497558,32250,851.0,1,,0.0,0.0,0.0,30.25982256020279,Q1 most disadv
CARPENTARIA,CARPENTARIA,2025,12,12,0.0,47.5,3.0,False,32250.0,Carpentaria,1602.0,2247.0,144.33333333333334,1.0,32250,851.0,1,,0.0,0.0,0.0,29.65043695380774,Q1 most disadv
CARPENTARIA,CARPENTARIA,2026,8,8,0.0,47.875,3.0,False,,,,,,,32250,851.0,1,,,,,,Q1 most disadv
CASSOWARY COAST,CASSOWARY COAST,2004,6,0,5367617.85,328.1666666666667,16.0,False,32260.0,Cassowary Coast,21055.0,29337.0,79.3,1.8200924758301809,32260,929.0,3,,9769560.861916771,464.00194072271535,29770.119437024186,15.586163223304046,Q1 most disadv
CASSOWARY COAST,CASSOWARY COAST,2005,12,0,10917214.08,337.3333333333333,15.833333333333334,True,32260.0,Cassowary Coast,21025.0,29124.0,81.425,1.7725923651622149,32260,929.0,3,,19351770.327049434,920.4171380285105,57366.90808413864,16.044391597304795,Q1 most disadv
CASSOWARY COAST,CASSOWARY COAST,2006,12,0,12626894.05,322.1666666666667,14.666666666666666,True,32260.0,Cassowary Coast,20690.0,28603.0,84.45,1.7090980856522597,32260,929.0,3,,21580600.44858891,1043.0449709322818,66985.82653467846,15.571129370066055,Q1 most disadv
CASSOWARY COAST,CASSOWARY COAST,2007,12,0,12995369.82,338.4166666666667,15.0,True,32260.0,Cassowary Coast,20865.0,28706.0,87.025,1.658527243129369,32260,929.0,3,,21553174.881011203,1032.9822612514356,63688.27839747215,16.21934659317837,Q1 most disadv
CASSOWARY COAST,CASSOWARY COAST,2008,12,0,12648450.53,343.9166666666667,15.0,True,32260.0,Cassowary Coast,20987.0,28739.0,91.325,1.5804361711835022,32260,929.0,3,,19990068.72703714,952.4976760393167,58124.74551113294,16.387128539889773,Q1 most disadv
CASSOWARY COAST,CASSOWARY COAST,2009,12,0,11794510.3,344.0833333333333,15.0,True,32260.0,Cassowary Coast,21090.0,28761.0,93.5,1.5436720142602496,32260,929.0,3,,18206855.472014263,863.293289332113,52914.08710684698,16.31499920973605,Q1 most disadv
CASSOWARY COAST,CASSOWARY COAST,2010,12,0,11359122.98,348.0,15.0,True,32260.0,Cassowary Coast,21167.0,28718.0,96.35000000000001,1.498010724788099,32260,929.0,3,,17016088.048226953,803.8970117743163,48896.80473628435,16.440685973449238,Q1 most disadv
CASSOWARY COAST,CASSOWARY COAST,2011,12,0,12872546.96,344.25,13.833333333333334,True,32260.0,Cassowary Coast,21231.0,28636.0,99.45,1.4513155689626278,32260,929.0,3,,18682127.815250546,879.9457310183479,54269.071358752495,16.214497668503604,Q1 most disadv
CASSOWARY COAST,CASSOWARY COAST,2012,12,0,12856644.06,347.1666666666667,13.5,True,32260.0,Cassowary Coast,21445.0,28880.0,100.975,1.4293967153585874,32260,929.0,3,,18377244.789898492,856.947763576521,52934.934584441165,16.188699774617238,Q1 most disadv
CASSOWARY COAST,CASSOWARY COAST,2013,12,0,13108745.63,358.8333333333333,14.333333333333334,True,32260.0,Cassowary Coast,21569.0,28950.0,103.225,1.3982400904173733,32260,929.0,3,,18329173.67494955,849.792464877813,51079.908058382396,16.636530823558502,Q1 most disadv
CASSOWARY COAST,CASSOWARY COAST,2014,12,0,12547778.08,369.0833333333333,15.0,True,32260.0,Cassowary Coast,21751.0,29038.0,106.05,1.360993242181361,32260,929.0,3,,17077441.171271414,785.1336109269189,46269.87899192978,16.9685684949351,Q1 most disadv
CASSOWARY COAST,CASSOWARY COAST,2015,12,0,12557627.83,372.75,15.0,True,32260.0,Cassowary Coast,21918.0,29098.0,107.675,1.3404535252689422,32260,929.0,3,,16832916.49373888,767.9950950697545,45158.72969480584,17.006569942513003,Q1 most disadv
CASSOWARY COAST,CASSOWARY COAST,2016,12,0,13033763.24,370.25,14.083333333333334,True,32260.0,Cassowary Coast,22184.0,29287.0,109.35,1.3199207437890568,32260,929.0,3,,17203534.470111266,775.4928989411858,46464.64407862597,16.689956725567978,Q1 most disadv
CASSOWARY COAST,CASSOWARY COAST,2017,12,0,12622727.43,372.0,14.0,True,32260.0,Cassowary Coast,22395.0,29442.0,111.3,1.2967954477388441,32260,929.0,3,,16369095.46927224,730.9263437942504,44002.94480987161,16.610850636302747,Q1 most disadv
CASSOWARY COAST,CASSOWARY COAST,2018,12,0,12857324.04,372.0,14.0,True,32260.0,Cassowary Coast,22519.0,29536.0,113.17500000000001,1.275311096384655,32260,929.0,3,,16397088.01802518,728.144589814165,44078.193596841884,16.519383631599982,Q1 most disadv
CASSOWARY COAST,CASSOWARY COAST,2019,12,0,14079290.19,371.9166666666667,14.0,True,32260.0,Cassowary Coast,22623.0,29564.0,115.175,1.253165472831199,32260,929.0,3,34512.0,17643680.34807901,779.9001170525135,47439.875459768795,16.439758947383933,Q1 most disadv
CASSOWARY COAST,CASSOWARY COAST,2020,12,4,13293512.99,372.0,14.0,False,32260.0,Cassowary Coast,22754.0,29608.0,115.875,1.2455951096727798,32260,929.0,3,35320.0,16558334.770715572,727.7109418438768,44511.65260945046,16.348773841961854,Q1 most disadv
CASSOWARY COAST,CASSOWARY COAST,2021,12,0,17238070.44,372.0,14.0,True,32260.0,Cassowary Coast,22740.0,29511.0,120.175,1.2010262811178145,32260,929.0,3,40815.0,20703375.63420013,910.4386822427498,55654.2355758068,16.358839050131927,Q1 most disadv
CASSOWARY COAST,CASSOWARY COAST,2022,12,0,19251740.48,372.0,14.0,True,32260.0,Cassowary Coast,22753.0,29572.0,128.875,1.1199482702877466,32260,929.0,3,41966.0,21560953.45060459,947.6092581463803,57959.55228657148,16.349492374631918,Q1 most disadv
CASSOWARY COAST,CASSOWARY COAST,2023,12,0,21682200.65,373.9166666666667,14.0,True,32260.0,Cassowary Coast,22956.0,29942.0,136.325,1.0587444220306865,32260,929.0,3,40684.0,22955908.995537624,999.996035700367,61393.11520981758,16.288406807225417,Q1 most disadv
CASSOWARY COAST,CASSOWARY COAST,2024,12,0,23633514.26,366.5,14.0,True,32260.0,Cassowary Coast,23373.0,30365.0,139.85,1.0320581575497558,32260,929.0,3,,24391161.183601484,1043.561424874919,66551.59940955385,15.680486030890343,Q1 most disadv
CASSOWARY COAST,CASSOWARY COAST,2025,12,0,26628767.97,370.0833333333333,14.0,True,32260.0,Cassowary Coast,23662.0,30666.0,144.33333333333334,1.0,32260,929.0,3,,26628767.97,1125.381116135576,71953.43743301058,15.640407967768292,Q1 most disadv
CASSOWARY COAST,CASSOWARY COAST,2026,8,0,18318884.509999998,369.625,14.0,False,,,,,,,32260,929.0,3,,,,,,Q1 most disadv
CENTRAL HIGHLANDS,CENTRAL HIGHLANDS,2004,6,0,6708198.08,387.5,20.0,False,32270.0,Central Highlands (Qld),17711.0,26141.0,79.3,1.8200924758301809,32270,996.0,7,,12209540.851786466,689.3761420465511,31508.492520739266,21.879058212410367,Q4
CENTRAL HIGHLANDS,CENTRAL HIGHLANDS,2005,12,0,14759590.25,405.75,20.0,True,32270.0,Central Highlands (Qld),18163.0,26661.0,81.425,1.7725923651622149,32270,996.0,7,,26162736.990072668,1440.441391293986,64479.94329038242,22.339371249242966,Q4
CENTRAL HIGHLANDS,CENTRAL HIGHLANDS,2006,12,0,16030934.49,417.4166666666667,20.0,True,32270.0,Central Highlands (Qld),18710.0,27265.0,84.45,1.7090980856522597,32270,996.0,7,,27398439.448075786,1464.3741019816027,65638.1060844299,22.309816497416712,Q4
CENTRAL HIGHLANDS,CENTRAL HIGHLANDS,2007,12,0,14286118.09,425.0,19.5,True,32270.0,Central Highlands (Qld),18937.0,27596.0,87.025,1.658527243129369,32270,996.0,7,,23693916.050828304,1251.1969187742675,55750.390707831306,22.442836774568306,Q4
CENTRAL HIGHLANDS,CENTRAL HIGHLANDS,2008,12,0,13756986.370000001,379.25,18.25,True,32270.0,Central Highlands (Qld),19249.0,28090.0,91.325,1.5804361711835022,32270,996.0,7,,21742038.86562643,1129.5152405645192,57329.04117502025,19.70232219855577,Q4
CENTRAL HIGHLANDS,CENTRAL HIGHLANDS,2009,12,0,14288013.85,396.3333333333333,18.916666666666668,True,32270.0,Central Highlands (Qld),19783.0,28714.0,93.5,1.5436720142602496,32270,996.0,7,,22056007.119607843,1114.896988303485,55650.14412012072,20.034035956797922,Q4
CENTRAL HIGHLANDS,CENTRAL HIGHLANDS,2010,12,0,14571064.49,400.75,18.75,True,32270.0,Central Highlands (Qld),20066.0,29082.0,96.35000000000001,1.498010724788099,32270,996.0,7,,21827610.87759903,1087.7908341273314,54466.90175321031,19.971593740655837,Q4
CENTRAL HIGHLANDS,CENTRAL HIGHLANDS,2011,12,0,17114160.14,365.25,16.916666666666668,True,32270.0,Central Highlands (Qld),20411.0,29541.0,99.45,1.4513155689626278,32270,996.0,7,,24838047.060901627,1216.8951575572792,68002.8666965137,17.89476262799471,Q4
CENTRAL HIGHLANDS,CENTRAL HIGHLANDS,2012,12,0,18023433.46,365.3333333333333,17.0,True,32270.0,Central Highlands (Qld),20670.0,29741.0,100.975,1.4293967153585874,32270,996.0,7,,25762636.587208062,1246.3781609679759,70518.16584089799,17.674568617964844,Q4
CENTRAL HIGHLANDS,CENTRAL HIGHLANDS,2013,12,0,14985700.41,383.8333333333333,17.666666666666668,True,32270.0,Central Highlands (Qld),20734.0,29782.0,103.225,1.3982400904173733,32270,996.0,7,,20953607.096246067,1010.5916415668017,54590.378887310646,18.512266486608148,Q4
CENTRAL HIGHLANDS,CENTRAL HIGHLANDS,2014,12,0,14817596.2,394.25,18.0,True,32270.0,Central Highlands (Qld),20650.0,29598.0,106.05,1.360993242181361,32270,996.0,7,,20166648.293572214,976.5931377032549,51151.92972370885,19.092009685230025,Q4
CENTRAL HIGHLANDS,CENTRAL HIGHLANDS,2015,12,0,14361527.69,406.0,18.0,True,32270.0,Central Highlands (Qld),20291.0,29143.0,107.675,1.3404535252689422,32270,996.0,7,,19250960.420308027,948.7437987436808,47416.158670709425,20.008870927997634,Q4
CENTRAL HIGHLANDS,CENTRAL HIGHLANDS,2016,12,0,12861838.44,388.5,17.416666666666668,True,32270.0,Central Highlands (Qld),19910.0,28690.0,109.35,1.3199207437890568,32270,996.0,7,,16976607.360219482,852.6673711812899,43697.83104303599,19.512807634354594,Q4
CENTRAL HIGHLANDS,CENTRAL HIGHLANDS,2017,12,0,14212738.06,350.25,16.0,True,32270.0,Central Highlands (Qld),19845.0,28573.0,111.3,1.2967954477388441,32270,996.0,7,,18431014.01611261,928.7485016937571,52622.45257990753,17.64928193499622,Q4
CENTRAL HIGHLANDS,CENTRAL HIGHLANDS,2018,12,0,15897951.83,366.6666666666667,16.0,True,32270.0,Central Highlands (Qld),19885.0,28572.0,113.17500000000001,1.275311096384655,32270,996.0,7,,20274834.378587734,1019.6044444851765,55295.00285069382,18.439359651328473,Q4
CENTRAL HIGHLANDS,CENTRAL HIGHLANDS,2019,12,0,17106915.87,368.1666666666667,16.0,True,32270.0,Central Highlands (Qld),19929.0,28574.0,115.175,1.253165472831199,32270,996.0,7,56408.0,21437796.314912092,1075.7085812088962,58228.50968287576,18.473915734189706,Q4
CENTRAL HIGHLANDS,CENTRAL HIGHLANDS,2020,12,4,13816815.26,368.25,16.0,False,32270.0,Central Highlands (Qld),19984.0,28524.0,115.875,1.2455951096727798,32270,996.0,7,57035.0,17210157.519108236,861.1968334221496,46734.98307972366,18.42724179343475,Q4
CENTRAL HIGHLANDS,CENTRAL HIGHLANDS,2021,12,0,19182792.25,360.0833333333333,15.333333333333334,True,32270.0,Central Highlands (Qld),19913.0,28298.0,120.175,1.2010262811178145,32270,996.0,7,60557.0,23039037.637473132,1156.9847656040342,63982.51600316538,18.082826963959892,Q4
CENTRAL HIGHLANDS,CENTRAL HIGHLANDS,2022,12,0,21302245.31,356.0,15.0,True,32270.0,Central Highlands (Qld),20111.0,28493.0,128.875,1.1199482702877466,32270,996.0,7,64994.0,23857412.78817976,1186.286747957822,67015.20446117909,17.701755258316343,Q4
CENTRAL HIGHLANDS,CENTRAL HIGHLANDS,2023,12,0,24457644.63,350.0833333333333,15.0,True,32270.0,Central Highlands (Qld),20487.0,28936.0,136.325,1.0587444220306865,32270,996.0,7,65722.0,25894394.828021273,1263.942735784706,73966.37418144615,17.08807211076943,Q4
CENTRAL HIGHLANDS,CENTRAL HIGHLANDS,2024,12,0,27230990.880000003,350.0,15.0,True,32270.0,Central Highlands (Qld),20783.0,29301.0,139.85,1.0320581575497558,32270,996.0,7,,28103966.275867008,1352.2574352050717,80297.04650247717,16.84068710003368,Q4
CENTRAL HIGHLANDS,CENTRAL HIGHLANDS,2025,12,0,28884646.91,350.0,15.0,True,32270.0,Central Highlands (Qld),20869.0,29481.0,144.33333333333334,1.0,32270,996.0,7,,28884646.91,1384.0934836360152,82527.5626,16.771287555704635,Q4
CENTRAL HIGHLANDS,CENTRAL HIGHLANDS,2026,8,0,20006910.41,350.0,15.0,False,,,,,,,32270,996.0,7,,,,,,Q4
CHARTERS TOWERS,CHARTERS TOWERS,2004,6,0,1938356.07,178.0,10.0,False,32310.0,Charters Towers,8107.0,11872.0,79.3,1.8200924758301809,32310,933.0,3,,3527987.2984867594,435.17790779409887,19820.153362285164,21.95633403231775,Q1 most disadv
CHARTERS TOWERS,CHARTERS TOWERS,2005,12,0,3701561.98,178.0,10.0,True,32310.0,Charters Towers,8053.0,11783.0,81.425,1.7725923651622149,32310,933.0,3,,6561360.504922731,814.7721973081747,36861.57587035242,22.103563889233826,Q1 most disadv
CHARTERS TOWERS,CHARTERS TOWERS,2006,12,0,3747142.34,175.25,10.0,True,32310.0,Charters Towers,8025.0,11729.0,84.45,1.7090980856522597,32310,933.0,3,,6404233.7999605285,798.0353644810627,36543.416832870345,21.838006230529594,Q1 most disadv
CHARTERS TOWERS,CHARTERS TOWERS,2007,12,0,3715541.04,175.0,10.0,True,32310.0,Charters Towers,8211.0,11915.0,87.025,1.658527243129369,32310,933.0,3,,6162326.0378052285,750.4964118627729,35213.291644601304,21.312872975277067,Q1 most disadv
CHARTERS TOWERS,CHARTERS TOWERS,2008,12,0,4079914.74,173.33333333333334,10.0,True,32310.0,Charters Towers,8373.0,12096.0,91.325,1.5804361711835022,32310,933.0,3,,6448044.8304407345,770.0997050568177,37200.258637158084,20.701461045423784,Q1 most disadv
CHARTERS TOWERS,CHARTERS TOWERS,2009,12,0,4073466.38,160.75,9.583333333333334,True,32310.0,Charters Towers,8510.0,12239.0,93.5,1.5436720142602496,32310,933.0,3,,6288096.051836007,738.9067040935379,39117.238269586356,18.88954171562867,Q1 most disadv
CHARTERS TOWERS,CHARTERS TOWERS,2010,12,0,4158828.24,170.66666666666666,10.0,True,32310.0,Charters Towers,8604.0,12316.0,96.35000000000001,1.498010724788099,32310,933.0,3,,6229969.306071614,724.0782550059988,36503.726402763365,19.835735316906863,Q1 most disadv
CHARTERS TOWERS,CHARTERS TOWERS,2011,12,0,4657761.24,173.0,10.0,True,32310.0,Charters Towers,8690.0,12434.0,99.45,1.4513155689626278,32310,933.0,3,,6759881.404122675,777.8919912684321,39074.458983368066,19.90794016110472,Q1 most disadv
CHARTERS TOWERS,CHARTERS TOWERS,2012,12,0,4312955.39,167.5,10.0,True,32310.0,Charters Towers,8674.0,12403.0,100.975,1.4293967153585874,32310,933.0,3,,6164924.267954115,710.7360235132712,36805.5180176365,19.310583352547845,Q1 most disadv
CHARTERS TOWERS,CHARTERS TOWERS,2013,12,0,3870957.63,139.75,8.75,True,32310.0,Charters Towers,8692.0,12391.0,103.225,1.3982400904173733,32310,933.0,3,,5412528.146573021,622.7022718100576,38730.07618299121,16.078002761159688,Q1 most disadv
CHARTERS TOWERS,CHARTERS TOWERS,2014,12,0,4023654.49,134.33333333333334,8.333333333333334,True,32310.0,Charters Towers,8736.0,12367.0,106.05,1.360993242181361,32310,933.0,3,,5476166.569762691,626.8505688830919,40765.507963493976,15.376984126984128,Q1 most disadv
CHARTERS TOWERS,CHARTERS TOWERS,2015,12,0,4282047.62,150.58333333333334,9.0,True,32310.0,Charters Towers,8633.0,12235.0,107.675,1.3404535252689422,32310,933.0,3,,5739885.827598484,664.8773112010291,38117.67013347084,17.442758407660527,Q1 most disadv
CHARTERS TOWERS,CHARTERS TOWERS,2016,12,0,4704910.26,150.08333333333334,9.0,True,32310.0,Charters Towers,8501.0,12087.0,109.35,1.3199207437890568,32310,933.0,3,,6210108.649839964,730.5150746782689,41377.736700766,17.654785711484923,Q1 most disadv
CHARTERS TOWERS,CHARTERS TOWERS,2017,12,0,4651124.57,138.58333333333334,8.416666666666666,True,32310.0,Charters Towers,8510.0,12021.0,111.3,1.2967954477388441,32310,933.0,3,,6031557.169242289,708.7611244703043,43522.96213524201,16.28476302389346,Q1 most disadv
CHARTERS TOWERS,CHARTERS TOWERS,2018,12,0,5520552.69,130.0,8.0,True,32310.0,Charters Towers,8507.0,11954.0,113.17500000000001,1.275311096384655,32310,933.0,3,,7040422.103733157,827.6033976411375,54157.093105639666,15.281532855295639,Q1 most disadv
CHARTERS TOWERS,CHARTERS TOWERS,2019,12,0,5590177.2,130.33333333333334,8.0,True,32310.0,Charters Towers,8516.0,11890.0,115.175,1.253165472831199,32310,933.0,3,47059.0,7005417.054048188,822.6182543504214,53750.00297223673,15.304524816032567,Q1 most disadv
CHARTERS TOWERS,CHARTERS TOWERS,2020,12,4,5287807.32,130.25,8.0,False,32310.0,Charters Towers,8584.0,11923.0,115.875,1.2455951096727798,32310,933.0,3,47484.0,6586466.938683928,767.2957757087521,50567.884366095415,15.173578751164959,Q1 most disadv
CHARTERS TOWERS,CHARTERS TOWERS,2021,12,0,6703148.41,130.0,8.0,True,32310.0,Charters Towers,8651.0,11920.0,120.175,1.2010262811178145,32310,933.0,3,49960.0,8050657.406643092,930.604254611385,61928.13389725455,15.027164489654375,Q1 most disadv
CHARTERS TOWERS,CHARTERS TOWERS,2022,12,0,7030138.98,128.16666666666666,7.416666666666667,True,32310.0,Charters Towers,8704.0,11972.0,128.875,1.1199482702877466,32310,933.0,3,52792.0,7873391.990533464,904.571690088863,61430.88679219868,14.725030637254902,Q1 most disadv
CHARTERS TOWERS,CHARTERS TOWERS,2023,12,0,7088145.5600000005,136.16666666666666,7.0,True,32310.0,Charters Towers,8734.0,12000.0,136.325,1.0587444220306865,32310,933.0,3,54233.0,7504534.574191578,859.23226175768,55112.86100997487,15.590412945576672,Q1 most disadv
CHARTERS TOWERS,CHARTERS TOWERS,2024,12,0,7780931.36,141.0,7.0,True,32310.0,Charters Towers,8798.0,12030.0,139.85,1.0320581575497558,32310,933.0,3,,8030373.683422716,912.7499071860328,56953.00484696962,16.02636962946124,Q1 most disadv
CHARTERS TOWERS,CHARTERS TOWERS,2025,12,0,8742993.5,140.91666666666666,7.0,True,32310.0,Charters Towers,8846.0,12088.0,144.33333333333334,1.0,32310,933.0,3,,8742993.5,988.3555844449469,62043.71496156121,15.929987188182983,Q1 most disadv
CHARTERS TOWERS,CHARTERS TOWERS,2026,8,0,5618099.58,143.625,7.0,False,,,,,,,32310,933.0,3,,,,,,Q1 most disadv
CLONCURRY,CLONCURRY,2004,6,0,1002615.38,77.0,6.0,False,32450.0,Cloncurry,2354.0,3424.0,79.3,1.8200924758301809,32450,965.0,5,,1824852.7092896176,775.2135553481808,23699.385834930097,32.71028037383178,Q3
CLONCURRY,CLONCURRY,2005,12,0,1935794.8900000001,77.0,6.0,True,32450.0,Cloncurry,2301.0,3342.0,81.425,1.7725923651622149,32450,965.0,5,,3431375.2425340298,1491.253908098231,44563.314838104285,33.463711429813124,Q3
CLONCURRY,CLONCURRY,2006,12,0,1937410.25,77.0,6.0,True,32450.0,Cloncurry,2228.0,3248.0,84.45,1.7090980856522597,32450,965.0,5,,3311224.149398066,1486.1867815969777,43002.91103114372,34.56014362657091,Q3
CLONCURRY,CLONCURRY,2007,12,0,2089674.3,76.33333333333333,6.0,True,32450.0,Cloncurry,2251.0,3250.0,87.025,1.658527243129369,32450,965.0,5,,3465781.755817294,1539.663152295555,45403.254443021324,33.91085443506589,Q3
CLONCURRY,CLONCURRY,2008,12,11,131857.9,69.0,5.083333333333333,False,32450.0,Cloncurry,2326.0,3308.0,91.325,1.5804361711835022,32450,965.0,5,,208392.9946162971,89.59286097003314,3020.188327772422,29.664660361134995,Q3
CLONCURRY,CLONCURRY,2009,12,12,0.0,69.0,5.0,False,32450.0,Cloncurry,2344.0,3304.0,93.5,1.5436720142602496,32450,965.0,5,,0.0,0.0,0.0,29.436860068259385,Q3
CLONCURRY,CLONCURRY,2010,12,12,0.0,69.0,5.0,False,32450.0,Cloncurry,2382.0,3301.0,96.35000000000001,1.498010724788099,32450,965.0,5,,0.0,0.0,0.0,28.96725440806045,Q3
CLONCURRY,CLONCURRY,2011,12,12,0.0,71.25,5.0,False,32450.0,Cloncurry,2442.0,3342.0,99.45,1.4513155689626278,32450,965.0,5,,0.0,0.0,0.0,29.176904176904177,Q3
CLONCURRY,CLONCURRY,2012,12,12,0.0,72.0,5.0,False,32450.0,Cloncurry,2497.0,3359.0,100.975,1.4293967153585874,32450,965.0,5,,0.0,0.0,0.0,28.83460152182619,Q3
CLONCURRY,CLONCURRY,2013,12,12,0.0,71.91666666666667,5.0,False,32450.0,Cloncurry,2484.0,3327.0,103.225,1.3982400904173733,32450,965.0,5,,0.0,0.0,0.0,28.951959205582394,Q3
CLONCURRY,CLONCURRY,2014,12,12,0.0,72.0,5.0,False,32450.0,Cloncurry,2446.0,3270.0,106.05,1.360993242181361,32450,965.0,5,,0.0,0.0,0.0,29.435813573180702,Q3
CLONCURRY,CLONCURRY,2015,12,12,0.0,72.0,5.0,False,32450.0,Cloncurry,2380.0,3179.0,107.675,1.3404535252689422,32450,965.0,5,,0.0,0.0,0.0,30.252100840336134,Q3
CLONCURRY,CLONCURRY,2016,12,12,0.0,72.0,5.0,False,32450.0,Cloncurry,2321.0,3125.0,109.35,1.3199207437890568,32450,965.0,5,,0.0,0.0,0.0,31.021111589831968,Q3
CLONCURRY,CLONCURRY,2017,12,12,0.0,72.0,5.0,False,32450.0,Cloncurry,2424.0,3260.0,111.3,1.2967954477388441,32450,965.0,5,,0.0,0.0,0.0,29.702970297029704,Q3
CLONCURRY,CLONCURRY,2018,12,12,0.0,66.0,4.333333333333333,False,32450.0,Cloncurry,2499.0,3351.0,113.17500000000001,1.275311096384655,32450,965.0,5,,0.0,0.0,0.0,26.410564225690276,Q3
CLONCURRY,CLONCURRY,2019,12,12,0.0,62.333333333333336,3.9166666666666665,False,32450.0,Cloncurry,2564.0,3442.0,115.175,1.253165472831199,32450,965.0,5,59031.0,0.0,0.0,0.0,24.310972438897558,Q3
CLONCURRY,CLONCURRY,2020,12,12,0.0,61.0,3.75,False,32450.0,Cloncurry,2620.0,3528.0,115.875,1.2455951096727798,32450,965.0,5,63630.0,0.0,0.0,0.0,23.282442748091604,Q3
CLONCURRY,CLONCURRY,2021,12,12,0.0,63.0,4.0,False,32450.0,Cloncurry,2770.0,3704.0,120.175,1.2010262811178145,32450,965.0,5,63801.0,0.0,0.0,0.0,22.743682310469314,Q3
CLONCURRY,CLONCURRY,2022,12,12,0.0,63.0,4.0,False,32450.0,Cloncurry,2883.0,3784.0,128.875,1.1199482702877466,32450,965.0,5,66683.0,0.0,0.0,0.0,21.852237252861602,Q3
CLONCURRY,CLONCURRY,2023,12,12,0.0,63.0,4.0,False,32450.0,Cloncurry,2926.0,3854.0,136.325,1.0587444220306865,32450,965.0,5,66504.0,0.0,0.0,0.0,21.5311004784689,Q3
CLONCURRY,CLONCURRY,2024,12,12,0.0,60.5,3.75,False,32450.0,Cloncurry,2935.0,3882.0,139.85,1.0320581575497558,32450,965.0,5,,0.0,0.0,0.0,20.61328790459966,Q3
CLONCURRY,CLONCURRY,2025,12,12,0.0,63.0,4.0,False,32450.0,Cloncurry,2977.0,3907.0,144.33333333333334,1.0,32450,965.0,5,,0.0,0.0,0.0,21.16224386966745,Q3
CLONCURRY,CLONCURRY,2026,8,8,0.0,63.0,4.0,False,,,,,,,32450,965.0,5,,,,,,Q3
COOK,COOK,2004,6,6,0.0,20.0,2.5,False,32500.0,Cook,2793.0,3696.0,79.3,1.8200924758301809,32500,913.0,2,,0.0,0.0,0.0,7.160759040458289,Q1 most disadv
COOK,COOK,2005,12,12,0.0,25.0,3.0,False,32500.0,Cook,2733.0,3626.0,81.425,1.7725923651622149,32500,913.0,2,,0.0,0.0,0.0,9.147457006952067,Q1 most disadv
COOK,COOK,2006,12,12,0.0,28.333333333333332,3.0,False,32500.0,Cook,2685.0,3565.0,84.45,1.7090980856522597,32500,913.0,2,,0.0,0.0,0.0,10.552451893234016,Q1 most disadv
COOK,COOK,2007,12,12,0.0,30.0,3.0,False,32500.0,Cook,2736.0,3650.0,87.025,1.658527243129369,32500,913.0,2,,0.0,0.0,0.0,10.964912280701755,Q1 most disadv
COOK,COOK,2008,12,12,0.0,32.25,3.0,False,32500.0,Cook,2829.0,3787.0,91.325,1.5804361711835022,32500,913.0,2,,0.0,0.0,0.0,11.399787910922587,Q1 most disadv
COOK,COOK,2009,12,12,0.0,36.0,3.0,False,32500.0,Cook,2994.0,3988.0,93.5,1.5436720142602496,32500,913.0,2,,0.0,0.0,0.0,12.024048096192384,Q1 most disadv
COOK,COOK,2010,12,12,0.0,36.0,3.0,False,32500.0,Cook,3104.0,4135.0,96.35000000000001,1.498010724788099,32500,913.0,2,,0.0,0.0,0.0,11.597938144329897,Q1 most disadv
COOK,COOK,2011,12,12,0.0,36.0,3.0,False,32500.0,Cook,3304.0,4409.0,99.45,1.4513155689626278,32500,913.0,2,,0.0,0.0,0.0,10.895883777239709,Q1 most disadv
COOK,COOK,2012,12,12,0.0,36.0,3.0,False,32500.0,Cook,3167.0,4205.0,100.975,1.4293967153585874,32500,913.0,2,,0.0,0.0,0.0,11.367224502683928,Q1 most disadv
COOK,COOK,2013,12,12,0.0,36.0,3.0,False,32500.0,Cook,3201.0,4222.0,103.225,1.3982400904173733,32500,913.0,2,,0.0,0.0,0.0,11.246485473289598,Q1 most disadv
COOK,COOK,2014,12,12,0.0,36.0,3.0,False,32500.0,Cook,3117.0,4065.0,106.05,1.360993242181361,32500,913.0,2,,0.0,0.0,0.0,11.549566891241579,Q1 most disadv
COOK,COOK,2015,12,12,0.0,38.75,2.9166666666666665,False,32500.0,Cook,3221.0,4217.0,107.675,1.3404535252689422,32500,913.0,2,,0.0,0.0,0.0,12.030425333747283,Q1 most disadv
COOK,COOK,2016,12,12,0.0,47.166666666666664,3.0,False,32500.0,Cook,3296.0,4302.0,109.35,1.3199207437890568,32500,913.0,2,,0.0,0.0,0.0,14.310275080906148,Q1 most disadv
COOK,COOK,2017,12,12,0.0,48.0,3.0,False,32500.0,Cook,3370.0,4414.0,111.3,1.2967954477388441,32500,913.0,2,,0.0,0.0,0.0,14.243323442136498,Q1 most disadv
COOK,COOK,2018,12,12,0.0,48.0,3.0,False,32500.0,Cook,3429.0,4471.0,113.17500000000001,1.275311096384655,32500,913.0,2,,0.0,0.0,0.0,13.99825021872266,Q1 most disadv
COOK,COOK,2019,12,12,0.0,48.0,3.0,False,32500.0,Cook,3485.0,4532.0,115.175,1.253165472831199,32500,913.0,2,36141.0,0.0,0.0,0.0,13.773314203730273,Q1 most disadv
COOK,COOK,2020,12,12,0.0,48.0,3.0,False,32500.0,Cook,3529.0,4579.0,115.875,1.2455951096727798,32500,913.0,2,37000.0,0.0,0.0,0.0,13.601586851799377,Q1 most disadv
COOK,COOK,2021,12,12,0.0,48.0,3.0,False,32500.0,Cook,3596.0,4631.0,120.175,1.2010262811178145,32500,913.0,2,44756.0,0.0,0.0,0.0,13.348164627363737,Q1 most disadv
COOK,COOK,2022,12,12,0.0,48.0,3.0,False,32500.0,Cook,3622.0,4675.0,128.875,1.1199482702877466,32500,913.0,2,45237.0,0.0,0.0,0.0,13.252346769740475,Q1 most disadv
COOK,COOK,2023,12,12,0.0,48.0,3.0,False,32500.0,Cook,3654.0,4762.0,136.325,1.0587444220306865,32500,913.0,2,43885.0,0.0,0.0,0.0,13.136288998357964,Q1 most disadv
COOK,COOK,2024,12,12,0.0,48.0,3.0,False,32500.0,Cook,3770.0,4825.0,139.85,1.0320581575497558,32500,913.0,2,,0.0,0.0,0.0,12.73209549071618,Q1 most disadv
COOK,COOK,2025,12,12,0.0,48.083333333333336,3.0,False,32500.0,Cook,3824.0,4876.0,144.33333333333334,1.0,32500,913.0,2,,0.0,0.0,0.0,12.574093444909344,Q1 most disadv
COOK,COOK,2026,8,8,0.0,52.0,3.0,False,,,,,,,32500,913.0,2,,,,,,Q1 most disadv
DOUGLAS,DOUGLAS,2004,6,0,2747552.54,140.33333333333334,11.0,False,32810.0,Douglas,7870.0,10453.0,79.3,1.8200924758301809,32810,979.0,6,,5000799.705002102,635.4256296063662,35635.1522921765,17.83142736128759,Q3
DOUGLAS,DOUGLAS,2005,12,0,5547731.07,152.33333333333334,11.0,True,32810.0,Douglas,7790.0,10369.0,81.425,1.7725923651622149,32810,979.0,6,,9833865.738655206,1262.3704414191534,64554.91732158778,19.554985023534446,Q3
DOUGLAS,DOUGLAS,2006,12,0,5575849.07,152.66666666666666,11.0,True,32810.0,Douglas,7989.0,10524.0,84.45,1.7090980856522597,32810,979.0,6,,9529672.971422933,1192.8492892005174,62421.4386774428,19.10960904577127,Q3
DOUGLAS,DOUGLAS,2007,12,0,5442276.350000001,152.58333333333334,10.666666666666666,True,32810.0,Douglas,8180.0,10768.0,87.025,1.658527243129369,32810,979.0,6,,9026163.591113666,1103.4429817987366,59155.63249227962,18.653219233903833,Q3
DOUGLAS,DOUGLAS,2008,12,0,5469363.94,141.5,9.0,True,32810.0,Douglas,8358.0,10995.0,91.325,1.5804361711835022,32810,979.0,6,,8643980.604142714,1034.216391976874,61088.202149418474,16.929887532902608,Q3
DOUGLAS,DOUGLAS,2009,12,0,4932119.3,148.5,9.0,True,32810.0,Douglas,8492.0,11116.0,93.5,1.5436720142602496,32810,979.0,6,,7613574.534402852,896.5584708434824,51269.86218453099,17.487046632124354,Q3
DOUGLAS,DOUGLAS,2010,12,0,4852243.8,148.83333333333334,9.0,True,32810.0,Douglas,8550.0,11146.0,96.35000000000001,1.498010724788099,32810,979.0,6,,7268713.251686559,850.1419007820537,48837.9389810967,17.40740740740741,Q3
DOUGLAS,DOUGLAS,2011,12,0,4922132.54,151.0,9.0,True,32810.0,Douglas,8604.0,11186.0,99.45,1.4513155689626278,32810,979.0,6,,7143567.587799564,830.2612259181269,47308.39462118917,17.549976754997676,Q3
DOUGLAS,DOUGLAS,2012,12,0,4974587.63,153.0,9.0,True,32810.0,Douglas,8713.0,11380.0,100.975,1.4293967153585874,32810,979.0,6,,7110659.2185854595,816.0976952353334,46474.89685349973,17.559967864111098,Q3
DOUGLAS,DOUGLAS,2013,12,0,5158690.92,148.66666666666666,8.583333333333334,True,32810.0,Douglas,8920.0,11585.0,103.225,1.3982400904173733,32810,979.0,6,,7213088.458416083,808.6422038583053,48518.53223149832,16.666666666666664,Q3
DOUGLAS,DOUGLAS,2014,12,0,5885171.63,139.33333333333334,7.083333333333333,True,32810.0,Douglas,9121.0,11757.0,106.05,1.360993242181361,32810,979.0,6,,8009678.817507465,878.1579670548696,57485.73314000573,15.27610276650952,Q3
DOUGLAS,DOUGLAS,2015,12,0,5961069.42,136.91666666666666,6.75,True,32810.0,Douglas,9291.0,11877.0,107.675,1.3404535252689422,32810,979.0,6,,7990536.518411889,860.0297619644698,58360.58321420735,14.736483335127183,Q3
DOUGLAS,DOUGLAS,2016,12,0,6387241.85,145.0,7.0,True,32810.0,Douglas,9497.0,12070.0,109.35,1.3199207437890568,32810,979.0,6,,8430653.013412591,887.7174911458977,58142.43457525925,15.267979361903759,Q3
DOUGLAS,DOUGLAS,2017,12,0,7106424.13,155.75,7.5,True,32810.0,Douglas,9645.0,12206.0,111.3,1.2967954477388441,32810,979.0,6,,9215578.461485475,955.4772899414697,59169.04309139952,16.148263348885433,Q3
DOUGLAS,DOUGLAS,2018,12,0,8223994.3,174.16666666666666,8.0,True,32810.0,Douglas,9670.0,12204.0,113.17500000000001,1.275311096384655,32810,979.0,6,,10488151.187394153,1084.6071548494472,60219.04987977505,18.01103067907618,Q3
DOUGLAS,DOUGLAS,2019,12,0,7513314.87,178.0,8.0,True,32810.0,Douglas,9782.0,12312.0,115.175,1.253165472831199,32810,979.0,6,37899.0,9415426.781593228,962.5257392755293,52895.656076366446,18.196687793907177,Q3
DOUGLAS,DOUGLAS,2020,12,4,6417666.53,177.75,8.0,False,32810.0,Douglas,9878.0,12371.0,115.875,1.2455951096727798,32810,979.0,6,37782.0,7993814.045278679,809.2543070741727,44972.23091577316,17.994533306337317,Q3
DOUGLAS,DOUGLAS,2021,12,0,9277660.35,177.0,8.0,True,32810.0,Douglas,10000.0,12441.0,120.175,1.2010262811178145,32810,979.0,6,40105.0,11142713.907634702,1114.2713907634702,62953.18591884012,17.7,Q3
DOUGLAS,DOUGLAS,2022,12,0,10559156.45,177.33333333333334,8.0,True,32810.0,Douglas,10146.0,12633.0,128.875,1.1199482702877466,32810,979.0,6,43068.0,11825709.001875201,1165.5538144958803,66686.32895794287,17.478152309612984,Q3
DOUGLAS,DOUGLAS,2023,12,0,10269500.84,176.83333333333334,8.0,True,32810.0,Douglas,10299.0,12799.0,136.325,1.0587444220306865,32810,979.0,6,44089.0,10872776.73138945,1055.7118876968104,61486.013561109045,17.169951775253264,Q3
DOUGLAS,DOUGLAS,2024,12,0,10809311.45,175.41666666666666,8.0,True,32810.0,Douglas,10492.0,13038.0,139.85,1.0320581575497558,32810,979.0,6,,11155838.059468478,1063.2708787141135,63596.226467278735,16.719087558774937,Q3
DOUGLAS,DOUGLAS,2025,12,0,11758923.46,184.0,8.0,True,32810.0,Douglas,10615.0,13169.0,144.33333333333334,1.0,32810,979.0,6,,11758923.46,1107.7648101742818,63907.192717391306,17.33396137541215,Q3
DOUGLAS,DOUGLAS,2026,8,0,7751376.63,184.0,8.0,False,,,,,,,32810,979.0,6,,,,,,Q3
FLINDERS,FLINDERS,2004,6,6,0.0,29.833333333333332,2.1666666666666665,False,33200.0,Flinders (Qld),1367.0,1946.0,79.3,1.8200924758301809,33200,970.0,5,,0.0,0.0,0.0,21.82394537917581,Q3
FLINDERS,FLINDERS,2005,12,12,0.0,28.0,2.0,False,33200.0,Flinders (Qld),1325.0,1897.0,81.425,1.7725923651622149,33200,970.0,5,,0.0,0.0,0.0,21.132075471698112,Q3
FLINDERS,FLINDERS,2006,12,12,0.0,28.0,2.0,False,33200.0,Flinders (Qld),1290.0,1844.0,84.45,1.7090980856522597,33200,970.0,5,,0.0,0.0,0.0,21.705426356589147,Q3
FLINDERS,FLINDERS,2007,12,12,0.0,28.0,2.0,False,33200.0,Flinders (Qld),1306.0,1842.0,87.025,1.658527243129369,33200,970.0,5,,0.0,0.0,0.0,21.43950995405819,Q3
FLINDERS,FLINDERS,2008,12,12,0.0,28.0,2.0,False,33200.0,Flinders (Qld),1296.0,1837.0,91.325,1.5804361711835022,33200,970.0,5,,0.0,0.0,0.0,21.604938271604937,Q3
FLINDERS,FLINDERS,2009,12,12,0.0,28.0,2.0,False,33200.0,Flinders (Qld),1321.0,1834.0,93.5,1.5436720142602496,33200,970.0,5,,0.0,0.0,0.0,21.196063588190764,Q3
FLINDERS,FLINDERS,2010,12,12,0.0,28.0,2.0,False,33200.0,Flinders (Qld),1345.0,1834.0,96.35000000000001,1.498010724788099,33200,970.0,5,,0.0,0.0,0.0,20.817843866171003,Q3
FLINDERS,FLINDERS,2011,12,12,0.0,28.0,2.0,False,33200.0,Flinders (Qld),1360.0,1840.0,99.45,1.4513155689626278,33200,970.0,5,,0.0,0.0,0.0,20.58823529411765,Q3
FLINDERS,FLINDERS,2012,12,12,0.0,28.0,2.0,False,33200.0,Flinders (Qld),1346.0,1795.0,100.975,1.4293967153585874,33200,970.0,5,,0.0,0.0,0.0,20.802377414561665,Q3
FLINDERS,FLINDERS,2013,12,12,0.0,28.0,2.0,False,33200.0,Flinders (Qld),1323.0,1754.0,103.225,1.3982400904173733,33200,970.0,5,,0.0,0.0,0.0,21.164021164021165,Q3
FLINDERS,FLINDERS,2014,12,12,0.0,28.0,2.0,False,33200.0,Flinders (Qld),1318.0,1710.0,106.05,1.360993242181361,33200,970.0,5,,0.0,0.0,0.0,21.244309559939303,Q3
FLINDERS,FLINDERS,2015,12,12,0.0,28.0,2.0,False,33200.0,Flinders (Qld),1275.0,1643.0,107.675,1.3404535252689422,33200,970.0,5,,0.0,0.0,0.0,21.96078431372549,Q3
FLINDERS,FLINDERS,2016,12,12,0.0,28.0,2.0,False,33200.0,Flinders (Qld),1229.0,1582.0,109.35,1.3199207437890568,33200,970.0,5,,0.0,0.0,0.0,22.78275020341741,Q3
FLINDERS,FLINDERS,2017,12,12,0.0,28.0,2.0,False,33200.0,Flinders (Qld),1190.0,1520.0,111.3,1.2967954477388441,33200,970.0,5,,0.0,0.0,0.0,23.529411764705884,Q3
FLINDERS,FLINDERS,2018,12,12,0.0,28.0,2.0,False,33200.0,Flinders (Qld),1174.0,1498.0,113.17500000000001,1.275311096384655,33200,970.0,5,,0.0,0.0,0.0,23.850085178875638,Q3
FLINDERS,FLINDERS,2019,12,12,0.0,28.0,2.0,False,33200.0,Flinders (Qld),1177.0,1506.0,115.175,1.253165472831199,33200,970.0,5,43200.0,0.0,0.0,0.0,23.789294817332202,Q3
FLINDERS,FLINDERS,2020,12,12,0.0,28.0,2.0,False,33200.0,Flinders (Qld),1177.0,1509.0,115.875,1.2455951096727798,33200,970.0,5,50302.0,0.0,0.0,0.0,23.789294817332202,Q3
FLINDERS,FLINDERS,2021,12,12,0.0,28.0,2.0,False,33200.0,Flinders (Qld),1170.0,1521.0,120.175,1.2010262811178145,33200,970.0,5,52831.0,0.0,0.0,0.0,23.931623931623932,Q3
FLINDERS,FLINDERS,2022,12,12,0.0,28.0,2.0,False,33200.0,Flinders (Qld),1172.0,1526.0,128.875,1.1199482702877466,33200,970.0,5,55065.0,0.0,0.0,0.0,23.890784982935152,Q3
FLINDERS,FLINDERS,2023,12,12,0.0,28.0,2.0,False,33200.0,Flinders (Qld),1169.0,1531.0,136.325,1.0587444220306865,33200,970.0,5,56165.0,0.0,0.0,0.0,23.952095808383234,Q3
FLINDERS,FLINDERS,2024,12,12,0.0,28.0,2.0,False,33200.0,Flinders (Qld),1199.0,1539.0,139.85,1.0320581575497558,33200,970.0,5,,0.0,0.0,0.0,23.352793994995828,Q3
FLINDERS,FLINDERS,2025,12,12,0.0,28.0,2.0,False,33200.0,Flinders (Qld),1197.0,1545.0,144.33333333333334,1.0,33200,970.0,5,,0.0,0.0,0.0,23.391812865497077,Q3
FLINDERS,FLINDERS,2026,8,8,0.0,28.0,2.0,False,,,,,,,33200,970.0,5,,,,,,Q3
FRASER COAST,FRASER COAST,2004,6,0,23295027.67,1142.6666666666667,40.0,False,33220.0,Fraser Coast,59384.0,80111.0,79.3,1.8200924758301809,33220,915.0,2,,42399104.586422876,713.9819578745601,37105.400746577776,19.24199559926355,Q1 most disadv
FRASER COAST,FRASER COAST,2005,12,0,46846312.03,1150.0833333333333,39.666666666666664,True,33220.0,Fraser Coast,61776.0,83010.0,81.425,1.7725923651622149,33220,915.0,2,,83039415.04038481,1344.2018751681044,72202.95489345829,18.616992575325906,Q1 most disadv
FRASER COAST,FRASER COAST,2006,12,0,46877274.86,1163.5833333333333,39.0,True,33220.0,Fraser Coast,64241.0,86117.0,84.45,1.7090980856522597,33220,915.0,2,,80117860.7238208,1247.145292318314,68854.4244564814,18.112783632467323,Q1 most disadv
FRASER COAST,FRASER COAST,2007,12,0,46838428.29,1164.1666666666667,38.416666666666664,True,33220.0,Fraser Coast,66607.0,89109.0,87.025,1.658527243129369,33220,915.0,2,,77682809.34432635,1166.2859661045588,66728.25426856951,17.478142937929448,Q1 most disadv
FRASER COAST,FRASER COAST,2008,12,0,48312739.41,1217.6666666666667,38.916666666666664,True,33220.0,Fraser Coast,68799.0,92018.0,91.325,1.5804361711835022,33220,915.0,2,,76355200.89252669,1109.8300977125639,62706.160054087064,17.69890066231583,Q1 most disadv
FRASER COAST,FRASER COAST,2009,12,0,48613065.57,1202.0833333333333,38.166666666666664,True,33220.0,Fraser Coast,70894.0,94813.0,93.5,1.5436720142602496,33220,915.0,2,,75042628.84780748,1058.5187582560934,62427.14358223153,16.95606586358977,Q1 most disadv
FRASER COAST,FRASER COAST,2010,12,0,48060208.42,1195.6666666666667,37.666666666666664,True,33220.0,Fraser Coast,72203.0,96618.0,96.35000000000001,1.498010724788099,33220,915.0,2,,71994707.6487113,997.1151842542732,60213.02563315692,16.559792067734953,Q1 most disadv
FRASER COAST,FRASER COAST,2011,12,0,47749674.35,1195.9166666666667,38.0,True,33220.0,Fraser Coast,73156.0,97661.0,99.45,1.4513155689626278,33220,915.0,2,,69299845.79705045,947.2886133338407,57947.05243987215,16.347485738239744,Q1 most disadv
FRASER COAST,FRASER COAST,2012,12,0,50561302.01,1189.5833333333333,37.416666666666664,True,33220.0,Fraser Coast,74603.0,99021.0,100.975,1.4293967153585874,33220,915.0,2,,72272159.01734754,968.7567392376653,60754.179208978676,15.94551604269712,Q1 most disadv
FRASER COAST,FRASER COAST,2013,12,0,52571721.38,1172.5833333333333,35.583333333333336,True,33220.0,Fraser Coast,76034.0,100290.0,103.225,1.3982400904173733,33220,915.0,2,,73507888.45576815,966.7765533283551,62688.839561453904,15.421828830961587,Q1 most disadv
FRASER COAST,FRASER COAST,2014,12,0,53618022.22,1194.5833333333333,34.916666666666664,True,33220.0,Fraser Coast,77359.0,101332.0,106.05,1.360993242181361,33220,915.0,2,,72973765.90055005,943.3132007982272,61087.21247342872,15.442073105047031,Q1 most disadv
FRASER COAST,FRASER COAST,2015,12,0,56474220.75,1218.5833333333333,34.0,True,33220.0,Fraser Coast,78456.0,102129.0,107.675,1.3404535252689422,33220,915.0,2,,75701068.29115395,964.8856466191745,62122.19240195907,15.532060433024029,Q1 most disadv
FRASER COAST,FRASER COAST,2016,12,0,58452476.26,1255.5,34.0,True,33220.0,Fraser Coast,79507.0,102962.0,109.35,1.3199207437890568,33220,915.0,2,,77152635.94141138,970.3879651025869,61451.721179937376,15.791062422176664,Q1 most disadv
FRASER COAST,FRASER COAST,2017,12,0,59431728.63,1298.5,34.0,True,33220.0,Fraser Coast,81100.0,104509.0,111.3,1.2967954477388441,33220,915.0,2,,77070795.13863434,950.318065827797,59353.71208212117,16.011097410604194,Q1 most disadv
FRASER COAST,FRASER COAST,2018,12,0,60429157.21,1303.5,33.166666666666664,True,33220.0,Fraser Coast,82988.0,106379.0,113.17500000000001,1.275311096384655,33220,915.0,2,,77065974.73508579,928.6399809018868,59122.34348683221,15.707090181713019,Q1 most disadv
FRASER COAST,FRASER COAST,2019,12,0,63764900.79,1280.5,33.0,True,33220.0,Fraser Coast,84860.0,108146.0,115.175,1.253165472831199,33220,915.0,2,39142.0,79907972.04853484,941.6447330725293,62403.72670717286,15.089559274098516,Q1 most disadv
FRASER COAST,FRASER COAST,2020,12,4,50497372.47,1213.125,32.0,False,33220.0,Fraser Coast,86812.0,109938.0,115.875,1.2455951096727798,33220,915.0,2,40092.0,62899280.19995686,724.5459176145793,51848.96873772847,13.974162558171681,Q1 most disadv
FRASER COAST,FRASER COAST,2021,12,0,74270278.36,1172.0833333333333,32.0,True,33220.0,Fraser Coast,89025.0,112070.0,120.175,1.2010262811178145,33220,915.0,2,41592.0,89200556.21629569,1001.9719878269665,76104.27832175957,13.165777403351118,Q1 most disadv
FRASER COAST,FRASER COAST,2022,12,0,83060739.93,1171.0833333333333,31.416666666666668,True,33220.0,Fraser Coast,91054.0,114693.0,128.875,1.1199482702877466,33220,915.0,2,43302.0,93023732.01342387,1021.6325698313515,79433.91333957778,12.861415570247692,Q1 most disadv
FRASER COAST,FRASER COAST,2023,12,0,88630042.22,1170.0833333333333,31.0,True,33220.0,Fraser Coast,93424.0,117576.0,136.325,1.0587444220306865,33220,915.0,2,45848.0,93836562.82476924,1004.4160261257198,80196.47844863123,12.524440543472055,Q1 most disadv
FRASER COAST,FRASER COAST,2024,12,0,96689442.05,1177.5833333333333,31.0,True,33220.0,Fraser Coast,95779.0,120351.0,139.85,1.0320581575497558,33220,915.0,2,,99789127.41663688,1041.8685454706865,84740.60781258528,12.29479670213025,Q1 most disadv
FRASER COAST,FRASER COAST,2025,12,0,104731139.8,1178.0833333333333,31.0,True,33220.0,Fraser Coast,98201.0,122924.0,144.33333333333334,1.0,33220,915.0,2,,104731139.8,1066.497691469537,88899.60229185825,11.996653123016397,Q1 most disadv
FRASER COAST,FRASER COAST,2026,8,0,71702032.17,1177.5,31.0,False,,,,,,,33220,915.0,2,,,,,,Q1 most disadv
GLADSTONE,GLADSTONE,2004,6,0,11311121.91,551.0,23.0,False,33360.0,Gladstone,34137.0,49517.0,79.3,1.8200924758301809,33360,954.0,4,,20587287.881588906,603.0784158417232,37363.49887765681,16.14084424524709,Q2
GLADSTONE,GLADSTONE,2005,12,0,22061277.17,538.9166666666666,22.25,True,33360.0,Gladstone,34957.0,50587.0,81.425,1.7725923651622149,33360,954.0,4,,39105651.47726948,1118.6787046162278,72563.44792442149,15.41655939201495,Q2
GLADSTONE,GLADSTONE,2006,12,0,22340246.490000002,583.6666666666666,22.0,True,33360.0,Gladstone,36089.0,52051.0,84.45,1.7090980856522597,33360,954.0,4,,38181672.50905862,1057.9864365612407,65416.914635737216,16.17297976299334,Q2
GLADSTONE,GLADSTONE,2007,12,0,23079350.98,626.6666666666666,22.0,True,33360.0,Gladstone,37348.0,53587.0,87.025,1.658527243129369,33360,954.0,4,,38277732.3540745,1024.893765504833,61081.48779905506,16.779122487594158,Q2
GLADSTONE,GLADSTONE,2008,12,0,24370802.33,558.6666666666666,22.083333333333332,True,33360.0,Gladstone,38765.0,55425.0,91.325,1.5804361711835022,33360,954.0,4,,38516497.52309517,993.5895143323918,68943.61131818945,14.4116256072918,Q2
GLADSTONE,GLADSTONE,2009,12,0,24303290.86,547.3333333333334,22.833333333333332,True,33360.0,Gladstone,40023.0,57046.0,93.5,1.5436720142602496,33360,954.0,4,,37516309.95500891,937.3687618371664,68543.8062515388,13.675469938118916,Q2
GLADSTONE,GLADSTONE,2010,12,0,24977270.03,548.6666666666666,23.416666666666668,True,33360.0,Gladstone,40575.0,57697.0,96.35000000000001,1.498010724788099,33360,954.0,4,,37416218.38086836,922.1495596024241,68194.80871361184,13.522283836516738,Q2
GLADSTONE,GLADSTONE,2011,12,0,29478666.17,538.75,23.0,True,33360.0,Gladstone,41937.0,59461.0,99.45,1.4513155689626278,33360,954.0,4,,42782847.16477292,1020.1694724175053,79411.31724319799,12.846650928774114,Q2
GLADSTONE,GLADSTONE,2012,12,0,36365182.47,563.0833333333334,23.666666666666668,True,33360.0,Gladstone,42791.0,60521.0,100.975,1.4293967153585874,33360,954.0,4,,51980272.37603368,1214.7477828523213,92313.64044877965,13.158919710531032,Q2
GLADSTONE,GLADSTONE,2013,12,0,38520706.99,596.5833333333334,24.25,True,33360.0,Gladstone,44060.0,62158.0,103.225,1.3982400904173733,33360,954.0,4,,53861196.82463875,1222.451130836104,90282.77160157354,13.54024814646694,Q2
GLADSTONE,GLADSTONE,2014,12,0,38799033.91,621.0,24.0,True,33360.0,Gladstone,44970.0,63367.0,106.05,1.360993242181361,33360,954.0,4,,52805222.954675466,1174.2322204731036,85032.56514440494,13.80920613742495,Q2
GLADSTONE,GLADSTONE,2015,12,0,36456883.09,615.75,24.0,True,33360.0,Gladstone,45183.0,63697.0,107.675,1.3404535252689422,33360,954.0,4,,48868757.45830819,1081.5739870816058,79364.60813367144,13.62791315317708,Q2
GLADSTONE,GLADSTONE,2016,12,0,28732369.97,624.0,24.0,True,33360.0,Gladstone,44668.0,63017.0,109.35,1.3199207437890568,33360,954.0,4,,37924451.141624756,849.0295321398934,60776.36400901403,13.969732246798603,Q2
GLADSTONE,GLADSTONE,2017,12,0,25140174.07,614.25,24.0,True,33360.0,Gladstone,44622.0,62859.0,111.3,1.2967954477388441,33360,954.0,4,,32601663.28933813,730.6186026923519,53075.56091060339,13.765631302944735,Q2
GLADSTONE,GLADSTONE,2018,12,0,26305164.97,590.1666666666666,23.25,True,33360.0,Gladstone,44840.0,63077.0,113.17500000000001,1.275311096384655,33360,954.0,4,,33547268.77846992,748.1549682977235,56843.72004259236,13.161611656259291,Q2
GLADSTONE,GLADSTONE,2019,12,0,28770968.38,581.4166666666666,22.583333333333332,True,33360.0,Gladstone,45232.0,63495.0,115.175,1.253165472831199,33360,954.0,4,53581.0,36054784.19373417,797.1078925038506,62011.95504153792,12.854100341940809,Q2
GLADSTONE,GLADSTONE,2020,12,4,22621218.64,552.75,20.5,False,33360.0,Gladstone,45710.0,63890.0,115.875,1.2455951096727798,33360,954.0,4,54944.0,28176879.31282273,616.4270250015911,50975.81060664447,12.092539925618027,Q2
GLADSTONE,GLADSTONE,2021,12,0,32287983.27,558.3333333333334,20.75,True,33360.0,Gladstone,46224.0,64275.0,120.175,1.2010262811178145,33360,954.0,4,56857.0,38778716.47156231,838.9303494193992,69454.41756100713,12.078862351448022,Q2
GLADSTONE,GLADSTONE,2022,12,0,35791355.43,550.25,20.583333333333332,True,33360.0,Gladstone,46919.0,65228.0,128.875,1.1199482702877466,33360,954.0,4,59093.0,40084466.605082445,854.3333533340959,72847.73576571094,11.727658304737952,Q2
GLADSTONE,GLADSTONE,2023,12,0,38905016.38,565.1666666666666,20.916666666666668,True,33360.0,Gladstone,47995.0,66743.0,136.325,1.0587444220306865,33360,954.0,4,61916.0,41190469.0813375,858.2241708789977,72881.98598880124,11.775532173490292,Q2
GLADSTONE,GLADSTONE,2024,12,0,44052368.48,570.5833333333334,21.0,True,33360.0,Gladstone,49015.0,67949.0,139.85,1.0320581575497558,33360,954.0,4,,45464606.249171734,927.5651586080126,79680.92230028637,11.640994253459827,Q2
GLADSTONE,GLADSTONE,2025,12,0,49815222.27,576.9166666666666,21.0,True,33360.0,Gladstone,49911.0,69046.0,144.33333333333334,1.0,33360,954.0,4,,49815222.27,998.0810296327463,86347.34468294094,11.558908189911374,Q2
GLADSTONE,GLADSTONE,2026,8,0,34467292.88,577.125,21.0,False,,,,,,,33360,954.0,4,,,,,,Q2
GOLD COAST,GOLD COAST,2004,6,0,130860608.24000001,5024.166666666667,128.16666666666666,False,33430.0,Gold Coast,318881.0,424005.0,79.3,1.8200924758301809,33430,1019.0,8,,238178408.44018498,746.9194101880795,47406.550029560785,15.755616253921266,Q5 least disadv
GOLD COAST,GOLD COAST,2005,12,0,256340656.99,5158.25,128.66666666666666,True,33430.0,Gold Coast,328925.0,436671.0,81.425,1.7725923651622149,33430,1019.0,8,,454387491.46114016,1381.431911411842,88089.46667205742,15.682146385954244,Q5 least disadv
GOLD COAST,GOLD COAST,2006,12,0,249431975.51999998,5252.583333333333,129.91666666666666,True,33430.0,Gold Coast,339587.0,450075.0,84.45,1.7090980856522597,33430,1019.0,8,,426303711.86169326,1255.35933902562,81160.77076899176,15.467563049625966,Q5 least disadv
GOLD COAST,GOLD COAST,2007,12,0,252480959.32000002,5434.416666666667,133.25,True,33430.0,Gold Coast,351854.0,466940.0,87.025,1.658527243129369,33430,1019.0,8,,418746549.403658,1190.1145060270965,77054.55343020403,15.445089914187893,Q5 least disadv
GOLD COAST,GOLD COAST,2008,12,0,258030176.47,5510.333333333333,134.08333333333334,True,33430.0,Gold Coast,362151.0,481569.0,91.325,1.5804361711835022,33430,1019.0,8,,407800224.1500502,1126.0502501720282,74006.4528733985,15.215568459933378,Q5 least disadv
GOLD COAST,GOLD COAST,2009,12,0,245243900.26,5500.75,131.66666666666666,True,33430.0,Gold Coast,372677.0,495835.0,93.5,1.5436720142602496,33430,1019.0,8,,378576145.49939394,1015.8291107296504,68822.64154876952,14.760100569662201,Q5 least disadv
GOLD COAST,GOLD COAST,2010,12,0,240942522.32999998,5490.583333333333,128.58333333333334,True,33430.0,Gold Coast,380911.0,506135.0,96.35000000000001,1.498010724788099,33430,1019.0,8,,360934482.507836,947.5559448475785,65737.00107902974,14.41434700844379,Q5 least disadv
GOLD COAST,GOLD COAST,2011,12,0,243939529.39,5470.75,127.75,True,33430.0,Gold Coast,388681.0,515202.0,99.45,1.4513155689626278,33430,1019.0,8,,354033236.8891235,910.8580992873938,64713.83939845972,14.075167039294435,Q5 least disadv
GOLD COAST,GOLD COAST,2012,12,0,252990708.92000002,5450.166666666667,127.0,True,33430.0,Gold Coast,398322.0,528342.0,100.975,1.4293967153585874,33430,1019.0,8,,361624088.3464885,907.8687301893656,66351.0146502838,13.682816080122782,Q5 least disadv
GOLD COAST,GOLD COAST,2013,12,0,261407243.75,5495.416666666667,126.41666666666667,True,33430.0,Gold Coast,407247.0,540687.0,103.225,1.3982400904173733,33430,1019.0,8,,365510088.13675636,897.5145013634389,66511.80616636707,13.494062980615368,Q5 least disadv
GOLD COAST,GOLD COAST,2014,12,0,287780271.75,5480.083333333333,126.0,True,33430.0,Gold Coast,414795.0,550718.0,106.05,1.360993242181361,33430,1019.0,8,,391667005.0848656,944.2423488346427,71470.9943738445,13.21154626582609,Q5 least disadv
GOLD COAST,GOLD COAST,2015,12,0,312072612.92,5627.833333333333,126.41666666666667,True,33430.0,Gold Coast,423607.0,561629.0,107.675,1.3404535252689422,33430,1019.0,8,,418318834.1285041,987.5163397406183,74330.3522602252,13.285505983926925,Q5 least disadv
GOLD COAST,GOLD COAST,2016,12,0,323783034.33,5670.5,125.16666666666667,True,33430.0,Gold Coast,434348.0,575303.0,109.35,1.3199207437890568,33430,1019.0,8,,427367943.49913126,983.9298062823617,75366.88889853298,13.055199977897907,Q5 least disadv
GOLD COAST,GOLD COAST,2017,12,0,335007774.33,5665.916666666667,124.33333333333333,True,33430.0,Gold Coast,445017.0,589101.0,111.3,1.2967954477388441,33430,1019.0,8,,434436556.70826596,976.224631212439,76675.42293096427,12.731910616148747,Q5 least disadv
GOLD COAST,GOLD COAST,2018,12,0,336470135.33,5621.25,123.33333333333333,True,33430.0,Gold Coast,455613.0,602443.0,113.17500000000001,1.275311096384655,33430,1019.0,8,,429104097.1883955,941.8170622620414,76336.06354252087,12.337773505145815,Q5 least disadv
GOLD COAST,GOLD COAST,2019,12,0,339550006.74,5570.083333333333,123.33333333333333,True,33430.0,Gold Coast,465595.0,614435.0,115.175,1.253165472831199,33430,1019.0,8,44736.0,425512344.7461689,913.9108984120726,76392.45578243933,11.963365872342557,Q5 least disadv
GOLD COAST,GOLD COAST,2020,12,4,261724232.0,5396.0,121.625,False,33430.0,Gold Coast,476330.0,626342.0,115.875,1.2455951096727798,33430,1019.0,8,45000.0,326002423.462064,684.4045587346252,60415.57143477836,11.32828081372158,Q5 least disadv
GOLD COAST,GOLD COAST,2021,12,0,373523838.23,5278.583333333333,119.25,True,33430.0,Gold Coast,483742.0,633598.0,120.175,1.2010262811178145,33430,1019.0,8,48035.0,448611946.33822906,927.378533057351,84987.18652508958,10.911980628792483,Q5 least disadv
GOLD COAST,GOLD COAST,2022,12,0,434674037.9,5301.833333333333,120.58333333333333,True,33430.0,Gold Coast,493621.0,645181.0,128.875,1.1199482702877466,33430,1019.0,8,50899.0,486812436.88509536,986.2069014184877,91819.64167459597,10.740696472259756,Q5 least disadv
GOLD COAST,GOLD COAST,2023,12,0,449913736.75,5289.416666666667,121.41666666666667,True,33430.0,Gold Coast,510362.0,664129.0,136.325,1.0587444220306865,33430,1019.0,8,53824.0,476343659.1790452,933.3446831446017,90055.99089610609,10.364048786286336,Q5 least disadv
GOLD COAST,GOLD COAST,2024,12,0,494287509.23,5290.916666666667,122.5,True,33430.0,Gold Coast,524160.0,679286.0,139.85,1.0320581575497558,33430,1019.0,8,,510133456.07577175,973.2399574095157,96416.83818036037,10.094087047212048,Q5 least disadv
GOLD COAST,GOLD COAST,2025,12,0,544652523.58,5387.5,121.91666666666667,True,33430.0,Gold Coast,535557.0,691230.0,144.33333333333334,1.0,33430,1019.0,8,,544652523.58,1016.9832969786597,101095.59602412993,10.059620171148916,Q5 least disadv
GOLD COAST,GOLD COAST,2026,8,0,372065506.53,5448.75,121.0,False,,,,,,,33430,1019.0,8,,,,,,Q5 least disadv
GOONDIWINDI,GOONDIWINDI,2004,6,0,2370997.5300000003,177.5,11.0,False,33610.0,Goondiwindi,7385.0,10306.0,79.3,1.8200924758301809,33610,965.0,4,,4315434.764564944,584.3513560683743,24312.30853276025,24.035206499661477,Q3
GOONDIWINDI,GOONDIWINDI,2005,12,0,4990682.52,175.75,10.75,True,33610.0,Goondiwindi,7389.0,10297.0,81.425,1.7725923651622149,33610,965.0,4,,8846445.731900522,1197.2453284477633,50335.395345095436,23.78535661117878,Q3
GOONDIWINDI,GOONDIWINDI,2006,12,0,5026141.74,169.5,10.0,True,33610.0,Goondiwindi,7430.0,10364.0,84.45,1.7090980856522597,33610,965.0,4,,8590169.226050919,1156.1465983917792,50679.4644604774,22.81292059219381,Q3
GOONDIWINDI,GOONDIWINDI,2007,12,0,4534283.3,185.0,10.833333333333334,True,33610.0,Goondiwindi,7488.0,10468.0,87.025,1.658527243129369,33610,965.0,4,,7520232.381116537,1004.3045380764606,40649.904762792095,24.706196581196583,Q3
GOONDIWINDI,GOONDIWINDI,2008,12,0,4585252.16,187.0,11.0,True,33610.0,Goondiwindi,7575.0,10605.0,91.325,1.5804361711835022,33610,965.0,4,,7246698.367661283,956.6598505163411,38752.39768802825,24.686468646864686,Q3
GOONDIWINDI,GOONDIWINDI,2009,12,0,4923321.61,184.5,10.75,True,33610.0,Goondiwindi,7642.0,10722.0,93.5,1.5436720142602496,33610,965.0,4,,7599993.786559716,994.5032434650243,41192.37824693613,24.14289453022769,Q3
GOONDIWINDI,GOONDIWINDI,2010,12,0,4789796.99,182.0,10.5,True,33610.0,Goondiwindi,7699.0,10823.0,96.35000000000001,1.498010724788099,33610,965.0,4,,7175167.260577755,931.9609378591707,39423.99593724041,23.639433692687362,Q3
GOONDIWINDI,GOONDIWINDI,2011,12,0,5352227.73,177.0,10.0,True,33610.0,Goondiwindi,7732.0,10900.0,99.45,1.4513155689626278,33610,965.0,4,,7767771.433182505,1004.6264140173959,43885.714311765565,22.89187790998448,Q3
GOONDIWINDI,GOONDIWINDI,2012,12,0,4767414.39,148.33333333333334,9.25,True,33610.0,Goondiwindi,7792.0,10944.0,100.975,1.4293967153585874,33610,965.0,4,,6814526.469819263,874.5542184059628,45940.62788642199,19.036618754277892,Q3
GOONDIWINDI,GOONDIWINDI,2013,12,0,5045610.78,139.08333333333334,9.0,True,33610.0,Goondiwindi,7837.0,10952.0,103.225,1.3982400904173733,33610,965.0,4,,7054975.273238074,900.2137646086608,50724.807237182074,17.74701203691889,Q3
GOONDIWINDI,GOONDIWINDI,2014,12,0,4955741.3,139.0,9.0,True,33610.0,Goondiwindi,7834.0,10902.0,106.05,1.360993242181361,33610,965.0,4,,6744730.419299073,860.9561423664887,48523.240426612036,17.74317079397498,Q3
GOONDIWINDI,GOONDIWINDI,2015,12,0,4852552.62,139.0,9.0,True,33610.0,Goondiwindi,7811.0,10835.0,107.675,1.3404535252689422,33610,965.0,4,,6504621.266032042,832.7514103228833,46795.836446273686,17.79541672001024,Q3
GOONDIWINDI,GOONDIWINDI,2016,12,0,5058320.59,142.83333333333334,9.0,True,33610.0,Goondiwindi,7847.0,10813.0,109.35,1.3199207437890568,33610,965.0,4,,6676582.2754763,850.8451988627884,46743.86657276289,18.202285374453083,Q3
GOONDIWINDI,GOONDIWINDI,2017,12,0,5594725.91,145.33333333333334,9.0,True,33610.0,Goondiwindi,7763.0,10747.0,111.3,1.2967954477388441,33610,965.0,4,,7255215.091434563,934.5890881662453,49921.20475757726,18.721284726695007,Q3
GOONDIWINDI,GOONDIWINDI,2018,12,0,5772323.23,147.0,9.0,True,33610.0,Goondiwindi,7698.0,10648.0,113.17500000000001,1.275311096384655,33610,965.0,4,,7361507.867137914,956.2883693346212,50078.284810462,19.095869056897897,Q3
GOONDIWINDI,GOONDIWINDI,2019,12,0,5945596.8100000005,154.58333333333334,9.0,True,33610.0,Goondiwindi,7698.0,10603.0,115.175,1.253165472831199,33610,965.0,4,42128.0,7450816.637667319,967.8899243527304,48199.352912133596,20.080973413007708,Q3
GOONDIWINDI,GOONDIWINDI,2020,12,4,4889496.27,155.5,9.0,False,33610.0,Goondiwindi,7665.0,10516.0,115.875,1.2455951096727798,33610,965.0,4,41301.0,6090332.642675297,794.5639455545072,39166.12631945529,20.287018917155905,Q3
GOONDIWINDI,GOONDIWINDI,2021,12,0,6985833.83,152.58333333333334,9.0,True,33610.0,Goondiwindi,7628.0,10400.0,120.175,1.2010262811178145,33610,965.0,4,45380.0,8390170.02535192,1099.9174128673203,54987.460570302035,20.003058905785704,Q3
GOONDIWINDI,GOONDIWINDI,2022,12,0,7628419.07,153.0,9.0,True,33610.0,Goondiwindi,7605.0,10393.0,128.875,1.1199482702877466,33610,965.0,4,50273.0,8543434.74247656,1123.3970733039528,55839.44276128471,20.118343195266274,Q3
GOONDIWINDI,GOONDIWINDI,2023,12,0,7390460.76,152.41666666666666,9.0,True,33610.0,Goondiwindi,7595.0,10417.0,136.325,1.0587444220306865,33610,965.0,4,52500.0,7824609.105886668,1030.2316136782972,51336.96515617278,20.068027210884352,Q3
GOONDIWINDI,GOONDIWINDI,2024,12,0,7940848.52,152.66666666666666,9.0,True,33610.0,Goondiwindi,7629.0,10457.0,139.85,1.0320581575497558,33610,965.0,4,,8195417.4929329045,1074.245313007328,53681.77397117623,20.011360160789966,Q3
GOONDIWINDI,GOONDIWINDI,2025,12,0,9007710.59,148.0,8.0,True,33610.0,Goondiwindi,7605.0,10438.0,144.33333333333334,1.0,33610,965.0,4,,9007710.59,1184.4458369493755,60862.90939189189,19.46088099934254,Q3
GOONDIWINDI,GOONDIWINDI,2026,8,0,5725255.88,148.0,8.0,False,,,,,,,33610,965.0,4,,,,,,Q3
GYMPIE,GYMPIE,2004,6,0,6027792.48,349.6666666666667,23.0,False,33620.0,Gympie,29180.0,40469.0,79.3,1.8200924758301809,33620,930.0,3,,10971139.738713747,375.9814852197994,31375.9954396008,11.983093442997488,Q1 most disadv
GYMPIE,GYMPIE,2005,12,0,11755199.1,353.0833333333333,20.833333333333332,True,33620.0,Gympie,30155.0,41682.0,81.425,1.7725923651622149,33620,930.0,3,,20837176.17562174,691.0023603257085,59014.89594228485,11.708948212015697,Q1 most disadv
GYMPIE,GYMPIE,2006,12,0,11125138.48,363.4166666666667,20.0,True,33620.0,Gympie,30835.0,42628.0,84.45,1.7090980856522597,33620,930.0,3,,19013952.87878429,616.6354103708219,52319.980404818045,11.785849413545215,Q1 most disadv
GYMPIE,GYMPIE,2007,12,0,11599951.79,377.25,19.583333333333332,True,33620.0,Gympie,31669.0,43634.0,87.025,1.658527243129369,33620,930.0,3,,19238836.062702287,607.4974284853417,50997.577369654835,11.912280147778585,Q1 most disadv
GYMPIE,GYMPIE,2008,12,0,12566514.02,357.1666666666667,18.75,True,33620.0,Gympie,32484.0,44700.0,91.325,1.5804361711835022,33620,930.0,3,,19860573.3028926,611.3955579021241,55605.89818822006,10.99515658991093,Q1 most disadv
GYMPIE,GYMPIE,2009,12,0,12633433.07,360.0833333333333,18.416666666666668,True,33620.0,Gympie,33363.0,45774.0,93.5,1.5436720142602496,33620,930.0,3,,19501877.074188948,584.5360751188127,54159.343876479375,10.792894324051593,Q1 most disadv
GYMPIE,GYMPIE,2010,12,0,12486667.23,374.6666666666667,18.833333333333332,True,33620.0,Gympie,33873.0,46366.0,96.35000000000001,1.498010724788099,33620,930.0,3,,18705161.427400105,552.2144902252562,49924.808080249386,11.060923646168533,Q1 most disadv
GYMPIE,GYMPIE,2011,12,0,13156449.45,385.8333333333333,18.833333333333332,True,33620.0,Gympie,34300.0,46837.0,99.45,1.4513155689626278,33620,930.0,3,,19094159.919054803,556.6810472027639,49488.103461913095,11.248785228377065,Q1 most disadv
GYMPIE,GYMPIE,2012,12,0,12995619.17,372.1666666666667,18.833333333333332,True,33620.0,Gympie,35248.0,47786.0,100.975,1.4293967153585874,33620,930.0,3,,18575895.35564909,527.0056558003033,49912.840185353576,10.558518686639431,Q1 most disadv
GYMPIE,GYMPIE,2013,12,0,12991426.41,336.3333333333333,18.0,True,33620.0,Gympie,35940.0,48491.0,103.225,1.3982400904173733,33620,930.0,3,,18165133.23816905,505.42941675484286,54009.3158716622,9.358189575217954,Q1 most disadv
GYMPIE,GYMPIE,2014,12,0,13473563.129999999,350.5833333333333,18.083333333333332,True,33620.0,Gympie,36588.0,49089.0,106.05,1.360993242181361,33620,930.0,3,,18337428.368033946,501.1869565987194,52305.47668562095,9.58192121278379,Q1 most disadv
GYMPIE,GYMPIE,2015,12,0,14046582.19,362.9166666666667,18.916666666666668,True,33620.0,Gympie,37146.0,49540.0,107.675,1.3404535252689422,33620,930.0,3,,18828790.61456544,506.88608772318526,51881.85703209765,9.770006640463755,Q1 most disadv
GYMPIE,GYMPIE,2016,12,0,14768549.57,370.1666666666667,18.916666666666668,True,33620.0,Gympie,38001.0,50327.0,109.35,1.3199207437890568,33620,930.0,3,,19493314.933119956,512.9684727538737,52660.91382202599,9.740971728814154,Q1 most disadv
GYMPIE,GYMPIE,2017,12,0,15182613.05,370.0,19.0,True,33620.0,Gympie,38775.0,51110.0,111.3,1.2967954477388441,33620,930.0,3,,19688743.488020368,507.7690132306994,53212.82023789288,9.542230818826564,Q1 most disadv
GYMPIE,GYMPIE,2018,12,0,16077117.57,370.0,19.0,True,33620.0,Gympie,39356.0,51665.0,113.17500000000001,1.275311096384655,33620,930.0,3,,20503326.4349017,520.9707906012221,55414.395770004594,9.401361927025103,Q1 most disadv
GYMPIE,GYMPIE,2019,12,0,17148817.37,369.75,19.0,True,33620.0,Gympie,40185.0,52489.0,115.175,1.253165472831199,33620,930.0,3,36912.0,21490305.827971928,534.7842684576814,58121.17870986323,9.20119447555058,Q1 most disadv
GYMPIE,GYMPIE,2020,12,4,13914653.56,377.375,19.125,False,33620.0,Gympie,40807.0,53021.0,115.875,1.2455951096727798,33620,930.0,3,37476.0,17332024.427126937,424.73164964655416,45927.855388213145,9.247800622442227,Q1 most disadv
GYMPIE,GYMPIE,2021,12,0,22957437.33,433.25,20.0,True,33620.0,Gympie,41664.0,53851.0,120.175,1.2010262811178145,33620,930.0,3,39614.0,27572485.580445185,661.7820079791951,63641.051541708446,10.398665514592935,Q1 most disadv
GYMPIE,GYMPIE,2022,12,0,25729028.57,429.0833333333333,19.25,True,33620.0,Gympie,42513.0,55002.0,128.875,1.1199482702877466,33620,930.0,3,41272.0,28815181.043155514,677.7969337180513,67155.20926740459,10.092991163487246,Q1 most disadv
GYMPIE,GYMPIE,2023,12,0,28136229.79,414.0,17.25,True,33620.0,Gympie,43307.0,56051.0,136.325,1.0587444220306865,33620,930.0,3,43380.0,29789076.347136132,687.8582295503298,71954.29069356553,9.55965548294733,Q1 most disadv
GYMPIE,GYMPIE,2024,12,0,30797654.8,413.8333333333333,17.0,True,33620.0,Gympie,44246.0,57317.0,139.85,1.0320581575497558,33620,930.0,3,,31784970.869741395,718.3693637784522,76806.21233123173,9.35301119498561,Q1 most disadv
GYMPIE,GYMPIE,2025,12,0,33333941.2,415.5,17.0,True,33620.0,Gympie,45203.0,58487.0,144.33333333333334,1.0,33620,930.0,3,,33333941.2,737.4276309094529,80226.09193742479,9.191867796385196,Q1 most disadv
GYMPIE,GYMPIE,2026,8,0,22949914.05,414.625,17.0,False,,,,,,,33620,930.0,3,,,,,,Q1 most disadv
HINCHINBROOK,HINCHINBROOK,2004,6,0,1432254.41,82.0,7.0,False,33800.0,Hinchinbrook,8552.0,11851.0,79.3,1.8200924758301809,33800,954.0,4,,2606835.475115595,304.82173469546245,31790.67652579994,9.588400374181479,Q2
HINCHINBROOK,HINCHINBROOK,2005,12,0,2829166.63,82.58333333333333,7.0,True,33800.0,Hinchinbrook,8549.0,11814.0,81.425,1.7725923651622149,33800,954.0,4,,5014959.168109712,586.6135417136171,60726.04441707018,9.659999220181698,Q2
HINCHINBROOK,HINCHINBROOK,2006,12,0,3014028.48,83.0,7.0,True,33800.0,Hinchinbrook,8639.0,11810.0,84.45,1.7090980856522597,33800,954.0,4,,5151270.30526939,596.2808548754938,62063.49765384808,9.607593471466606,Q2
HINCHINBROOK,HINCHINBROOK,2007,12,0,3105650.84,83.66666666666667,7.5,True,33800.0,Hinchinbrook,8690.0,11822.0,87.025,1.658527243129369,33800,954.0,4,,5150806.525787609,592.7280236809677,61563.42461100727,9.627924817798236,Q2
HINCHINBROOK,HINCHINBROOK,2008,12,0,3263073.79,86.16666666666667,8.0,True,33800.0,Hinchinbrook,8738.0,11826.0,91.325,1.5804361711835022,33800,954.0,4,,5157079.84695684,590.1899573079469,59850.05625094978,9.861142900740063,Q2
HINCHINBROOK,HINCHINBROOK,2009,12,0,3608509.58,88.83333333333333,8.0,True,33800.0,Hinchinbrook,8798.0,11829.0,93.5,1.5436720142602496,33800,954.0,4,,5570355.251836007,633.138810165493,62705.68763792879,10.096991740547093,Q2
HINCHINBROOK,HINCHINBROOK,2010,12,0,3798557.31,89.0,8.0,True,33800.0,Hinchinbrook,8853.0,11808.0,96.35000000000001,1.498010724788099,33800,954.0,4,,5690279.589102232,642.7515632104634,63935.72572024979,10.053089348243534,Q2
HINCHINBROOK,HINCHINBROOK,2011,12,0,3977508.94,91.58333333333333,8.0,True,33800.0,Hinchinbrook,8938.0,11817.0,99.45,1.4513155689626278,33800,954.0,4,,5772620.650310039,645.8514936574221,63031.34468036439,10.24651301558887,Q2
HINCHINBROOK,HINCHINBROOK,2012,12,0,3782689.66,90.0,8.0,True,33800.0,Hinchinbrook,8951.0,11763.0,100.975,1.4293967153585874,33800,954.0,4,,5406964.175224892,604.0625824181535,60077.379724721024,10.054742486872975,Q2
HINCHINBROOK,HINCHINBROOK,2013,12,0,3373412.03,93.0,8.0,True,33800.0,Hinchinbrook,8866.0,11613.0,103.225,1.3982400904173733,33800,954.0,4,,4716839.941842254,532.0144306160901,50718.70905206725,10.48951048951049,Q2
HINCHINBROOK,HINCHINBROOK,2014,12,0,3508145.6999999997,89.75,7.166666666666667,True,33800.0,Hinchinbrook,8770.0,11412.0,106.05,1.360993242181361,33800,954.0,4,,4774562.5902876,544.4199076724743,53198.46897256379,10.233751425313569,Q2
HINCHINBROOK,HINCHINBROOK,2015,12,0,3555837.55,89.0,7.0,True,33800.0,Hinchinbrook,8645.0,11181.0,107.675,1.3404535252689422,33800,954.0,4,,4766434.979181179,551.3516459434562,53555.44920428291,10.294968189705031,Q2
HINCHINBROOK,HINCHINBROOK,2016,12,0,3674461.98,89.0,7.0,True,33800.0,Hinchinbrook,8525.0,10968.0,109.35,1.3199207437890568,33800,954.0,4,,4849998.58966621,568.9147905766815,54494.366176024836,10.439882697947214,Q2
HINCHINBROOK,HINCHINBROOK,2017,12,0,4094180.13,89.0,7.0,True,33800.0,Hinchinbrook,8576.0,10950.0,111.3,1.2967954477388441,33800,954.0,4,,5309314.154806829,619.0898034989307,59655.21522254864,10.377798507462687,Q2
HINCHINBROOK,HINCHINBROOK,2018,12,0,3891896.3200000003,89.33333333333333,7.0,True,33800.0,Hinchinbrook,8601.0,10944.0,113.17500000000001,1.275311096384655,33800,954.0,4,,4963378.562874605,577.0699410387867,55560.20779337244,10.386389179552765,Q2
HINCHINBROOK,HINCHINBROOK,2019,12,0,4279085.41,89.08333333333333,7.0,True,33800.0,Hinchinbrook,8588.0,10891.0,115.175,1.253165472831199,33800,954.0,4,45114.0,5362402.091107735,624.4063916054653,60195.34620513829,10.373001086787765,Q2
HINCHINBROOK,HINCHINBROOK,2020,12,4,3823101.82,86.5,6.125,False,33800.0,Hinchinbrook,8654.0,10911.0,115.875,1.2455951096727798,33800,954.0,4,45663.0,4762036.930773104,550.2700405330603,55052.45006674108,9.995377859949157,Q2
HINCHINBROOK,HINCHINBROOK,2021,12,0,5001673.16,88.25,6.666666666666667,True,33800.0,Hinchinbrook,8769.0,10990.0,120.175,1.2010262811178145,33800,954.0,4,47562.0,6007140.914721588,685.0428685963722,68069.58543593867,10.063861329684114,Q2
HINCHINBROOK,HINCHINBROOK,2022,12,0,5203107.8,89.0,7.0,True,33800.0,Hinchinbrook,8770.0,11067.0,128.875,1.1199482702877466,33800,954.0,4,48257.0,5827211.580730682,664.4482988290401,65474.28742394025,10.148232611174459,Q2
HINCHINBROOK,HINCHINBROOK,2023,12,0,5735212.0,91.91666666666667,7.583333333333333,True,33800.0,Hinchinbrook,8817.0,11093.0,136.325,1.0587444220306865,33800,954.0,4,51454.0,6072123.714163458,688.6836468371847,66061.18274701858,10.424936675361991,Q2
HINCHINBROOK,HINCHINBROOK,2024,12,0,6206361.33,96.0,8.0,True,33800.0,Hinchinbrook,8807.0,11130.0,139.85,1.0320581575497558,33800,954.0,4,,6405325.839327852,727.2994026714945,66722.14415966513,10.900420120358806,Q2
HINCHINBROOK,HINCHINBROOK,2025,12,0,6790931.01,97.08333333333333,7.833333333333333,True,33800.0,Hinchinbrook,8898.0,11194.0,144.33333333333334,1.0,33800,954.0,4,,6790931.01,763.197461227242,69949.50396566524,10.9106915411703,Q2
HINCHINBROOK,HINCHINBROOK,2026,8,0,4375290.48,98.125,7.0,False,,,,,,,33800,954.0,4,,,,,,Q2
IPSWICH,IPSWICH,2004,6,0,30973321.14,1221.5,38.166666666666664,False,33960.0,Ipswich,90676.0,132119.0,79.3,1.8200924758301809,33960,958.0,4,,56374308.75838588,621.7114645373184,46151.70590125737,13.47103974590851,Q3
IPSWICH,IPSWICH,2005,12,0,60470376.8,1250.1666666666667,39.916666666666664,True,33960.0,Ipswich,94506.0,137324.0,81.425,1.7725923651622149,33960,958.0,4,,107189328.23416232,1134.2065925355248,85740.03058325208,13.228436995181964,Q3
IPSWICH,IPSWICH,2006,12,0,60149000.15,1362.25,40.0,True,33960.0,Ipswich,97816.0,141986.0,84.45,1.7090980856522597,33960,958.0,4,,102800541.01026247,1050.9583402537671,75463.78492219672,13.92665821542488,Q3
IPSWICH,IPSWICH,2007,12,0,62889403.58,1464.75,41.333333333333336,True,33960.0,Ipswich,101914.0,148133.0,87.025,1.658527243129369,33960,958.0,4,,104303789.14158766,1023.4490760993353,71209.27744774717,14.372412033675452,Q3
IPSWICH,IPSWICH,2008,12,0,68008606.87,1505.1666666666667,42.75,True,33960.0,Ipswich,106235.0,154428.0,91.325,1.5804361711835022,33960,958.0,4,,107483262.24914683,1011.7500094050627,71409.5419659928,14.168274736825591,Q3
IPSWICH,IPSWICH,2009,12,0,68794870.06,1515.6666666666667,42.916666666666664,True,33960.0,Ipswich,111415.0,161664.0,93.5,1.5436720142602496,33960,958.0,4,,106196715.63629234,953.1635384489731,70066.0098765949,13.603793624437165,Q3
IPSWICH,IPSWICH,2010,12,0,68882594.59,1506.25,41.833333333333336,True,33960.0,Ipswich,115470.0,167134.0,96.35000000000001,1.498010724788099,33960,958.0,4,,103186865.44705069,893.6248847930258,68505.8027864237,13.04451372650905,Q3
IPSWICH,IPSWICH,2011,12,0,71105186.27,1369.4166666666667,38.0,True,33960.0,Ipswich,118906.0,172200.0,99.45,1.4513155689626278,33960,958.0,4,,103196063.86763868,867.8793657816988,75357.68066766045,11.516800385738875,Q3
IPSWICH,IPSWICH,2012,12,0,74267425.8,1463.6666666666667,39.083333333333336,True,33960.0,Ipswich,123120.0,178215.0,100.975,1.4293967153585874,33960,958.0,4,,106157614.49665761,862.2288376921508,72528.54554542765,11.88813082087936,Q3
IPSWICH,IPSWICH,2013,12,0,75195835.92,1542.25,40.5,True,33960.0,Ipswich,126952.0,183688.0,103.225,1.3982400904173733,33960,958.0,4,,105141832.41579077,828.2014652450592,68174.31182738906,12.14829226794379,Q3
IPSWICH,IPSWICH,2014,12,0,79375279.66,1542.6666666666667,40.833333333333336,True,33960.0,Ipswich,130768.0,189195.0,106.05,1.360993242181361,33960,958.0,4,,108029219.21351564,826.1135691722412,70027.5837598416,11.796973775439456,Q3
IPSWICH,IPSWICH,2015,12,0,83409811.03,1509.75,37.5,True,33960.0,Ipswich,134310.0,194274.0,107.675,1.3404535252689422,33960,958.0,4,,111806975.2371798,832.4545844477686,74056.61549076324,11.24078624078624,Q3
IPSWICH,IPSWICH,2016,12,0,88933298.34,1546.25,37.0,True,33960.0,Ipswich,138170.0,200103.0,109.35,1.3199207437890568,33960,958.0,4,,117384905.2925469,849.568685623123,75915.8643767482,11.190924223782297,Q3
IPSWICH,IPSWICH,2017,12,0,92274321.85,1602.4166666666667,36.0,True,33960.0,Ipswich,142129.0,205588.0,111.3,1.2967954477388441,33960,958.0,4,,119660920.51826896,841.9176981352782,74675.28452957654,11.274382192702873,Q3
IPSWICH,IPSWICH,2018,12,0,95761017.16,1619.1666666666667,33.75,True,33960.0,Ipswich,146812.0,211946.0,113.17500000000001,1.275311096384655,33960,958.0,4,,122125087.78522936,831.8467685559039,75424.6553485719,11.028844145346884,Q3
IPSWICH,IPSWICH,2019,12,0,98144369.14,1596.5,31.833333333333332,True,33960.0,Ipswich,152559.0,219893.0,115.175,1.253165472831199,33960,958.0,4,50876.0,122991134.75904784,806.1873423334437,77037.97980522884,10.464803780832334,Q3
IPSWICH,IPSWICH,2020,12,4,78488720.33,1481.125,29.875,False,33960.0,Ipswich,157808.0,226778.0,115.875,1.2455951096727798,33960,958.0,4,52174.0,97765166.20752248,619.5197088076808,66007.37021353531,9.38561416404745,Q3
IPSWICH,IPSWICH,2021,12,0,105216761.61,1510.4166666666667,29.666666666666668,True,33960.0,Ipswich,162785.0,233314.0,120.175,1.2010262811178145,33960,958.0,4,53307.0,126368095.90771793,776.2883306675549,83664.39453200635,9.278598560473426,Q3
IPSWICH,IPSWICH,2022,12,0,121802894.78,1456.1666666666667,30.0,True,33960.0,Ipswich,169294.0,242070.0,128.875,1.1199482702877466,33960,958.0,4,56006.0,136412941.3249014,805.7754044732915,93679.48356980753,8.601407413533066,Q3
IPSWICH,IPSWICH,2023,12,0,132108900.12,1482.9166666666667,30.0,True,33960.0,Ipswich,175732.0,250465.0,136.325,1.0587444220306865,33960,958.0,4,59405.0,139869561.1026591,795.9253926584748,94320.58068175944,8.438512431809043,Q3
IPSWICH,IPSWICH,2024,12,0,149248351.41,1465.0,30.25,True,33960.0,Ipswich,182276.0,259134.0,139.85,1.0320581575497558,33960,958.0,4,,154032978.5735431,845.0535373474462,105141.96489661645,8.037262173846255,Q3
IPSWICH,IPSWICH,2025,12,0,167877665.0,1502.4166666666667,31.5,True,33960.0,Ipswich,189172.0,268272.0,144.33333333333334,1.0,33960,958.0,4,,167877665.0,887.4340018607405,111738.42032281324,7.9420668315959375,Q3
IPSWICH,IPSWICH,2026,8,0,116386787.86,1550.125,32.0,False,,,,,,,33960,958.0,4,,,,,,Q3
ISAAC,ISAAC,2004,6,0,3914289.48,230.5,17.0,False,33980.0,Isaac,13136.0,19231.0,79.3,1.8200924758301809,33980,1012.0,8,,7124368.830769232,542.3545090415066,30908.32464541966,17.547198538367844,Q5 least disadv
ISAAC,ISAAC,2005,12,0,8596018.24,232.16666666666666,17.0,True,33980.0,Isaac,13517.0,19785.0,81.425,1.7725923651622149,33980,1012.0,8,,15237236.30301914,1127.2646521431634,65630.59427000348,17.17590195063007,Q5 least disadv
ISAAC,ISAAC,2006,12,0,9728856.5,245.75,17.0,True,33980.0,Isaac,13974.0,20372.0,84.45,1.7090980856522597,33980,1012.0,8,,16627570.019735543,1189.8933748200618,67660.50872730638,17.58623157292114,Q5 least disadv
ISAAC,ISAAC,2007,12,0,9484468.44,255.83333333333334,17.0,True,33980.0,Isaac,14488.0,21018.0,87.025,1.658527243129369,33980,1012.0,8,,15730249.294340705,1085.743325120148,61486.316459963666,17.65829191974968,Q5 least disadv
ISAAC,ISAAC,2008,12,0,10722195.84,269.6666666666667,17.0,True,33980.0,Isaac,15008.0,21632.0,91.325,1.5804361711835022,33980,1012.0,8,,16945746.140049275,1129.1142150885712,62839.602497092485,17.968194740582803,Q5 least disadv
ISAAC,ISAAC,2009,12,0,10653899.2,269.8333333333333,17.0,True,33980.0,Isaac,15468.0,22237.0,93.5,1.5436720142602496,33980,1012.0,8,,16446126.03778966,1063.2354562832725,60949.20088124643,17.44461684337557,Q5 least disadv
ISAAC,ISAAC,2010,12,0,11028702.67,269.25,17.0,True,33980.0,Isaac,15801.0,22658.0,96.35000000000001,1.498010724788099,33980,1012.0,8,,16521114.880159141,1045.5740067185077,61359.75814358084,17.040060755648376,Q5 least disadv
ISAAC,ISAAC,2011,12,0,13562086.27,269.8333333333333,17.0,True,33980.0,Isaac,16123.0,23188.0,99.45,1.4513155689626278,33980,1012.0,8,,19682866.95126529,1220.7943280571415,72944.53471747483,16.73592590295437,Q5 least disadv
ISAAC,ISAAC,2012,12,0,15366047.36,275.3333333333333,17.0,True,33980.0,Isaac,16357.0,23344.0,100.975,1.4293967153585874,33980,1012.0,8,,21964177.624428492,1342.7998792216476,79773.04221947395,16.83275254223472,Q5 least disadv
ISAAC,ISAAC,2013,12,0,12994453.0,287.5,17.0,True,33980.0,Isaac,16378.0,23284.0,103.225,1.3982400904173733,33980,1012.0,8,,18169365.137644306,1109.3763058764382,63197.79178311063,17.554035901819514,Q5 least disadv
ISAAC,ISAAC,2014,12,0,10780012.86,313.0,16.666666666666668,True,33980.0,Isaac,16025.0,22786.0,106.05,1.360993242181361,33980,1012.0,8,,14671524.653088165,915.5397599430993,46873.88068079286,19.53198127925117,Q5 least disadv
ISAAC,ISAAC,2015,12,0,9981125.61,308.75,16.0,True,33980.0,Isaac,15552.0,22173.0,107.675,1.3404535252689422,33980,1012.0,8,,13379235.010076622,860.2903170059556,43333.554688507276,19.85275205761317,Q5 least disadv
ISAAC,ISAAC,2016,12,0,8736528.86,305.25,15.583333333333334,True,33980.0,Isaac,14997.0,21543.0,109.35,1.3199207437890568,33980,1012.0,8,,11531525.671025759,768.922162500884,37777.31587559626,20.35407081416283,Q5 least disadv
ISAAC,ISAAC,2017,12,0,10017592.36,304.3333333333333,14.916666666666666,True,33980.0,Isaac,15069.0,21480.0,111.3,1.2967954477388441,33980,1012.0,8,,12990768.169751424,862.0856174763703,42685.98522371772,20.195987347092263,Q5 least disadv
ISAAC,ISAAC,2018,12,0,11270012.28,297.1666666666667,13.916666666666666,True,33980.0,Isaac,15278.0,21523.0,113.17500000000001,1.275311096384655,33980,1012.0,8,,14372771.717075326,940.7495560332063,48366.02933396071,19.450626172710216,Q5 least disadv
ISAAC,ISAAC,2019,12,0,12990254.629999999,299.25,14.0,True,33980.0,Isaac,15657.0,21773.0,115.175,1.253165472831199,33980,1012.0,8,73233.0,16278938.58560162,1039.722717353364,54399.12643475897,19.112856869132017,Q5 least disadv
ISAAC,ISAAC,2020,12,4,11005254.22,280.625,13.125,False,33980.0,Isaac,16140.0,22141.0,115.875,1.2455951096727798,33980,1012.0,8,75174.0,13708090.837137723,849.324091520305,48848.430600045336,17.386926889714992,Q5 least disadv
ISAAC,ISAAC,2021,12,0,15097389.2,278.0,13.0,True,33980.0,Isaac,16548.0,22419.0,120.175,1.2010262811178145,33980,1012.0,8,75901.0,18132361.205464255,1095.7433650872767,65224.320882964945,16.799613246313754,Q5 least disadv
ISAAC,ISAAC,2022,12,0,15975332.35,275.5,12.666666666666666,True,33980.0,Isaac,16826.0,22718.0,128.875,1.1199482702877466,33980,1012.0,8,80836.0,17891545.832654383,1063.3273405832867,64942.090136676525,16.373469630334007,Q5 least disadv
ISAAC,ISAAC,2023,12,0,17908899.15,278.0,13.0,True,33980.0,Isaac,17068.0,22989.0,136.325,1.0587444220306865,33980,1012.0,8,83473.0,18960947.079772603,1110.9062034082847,68204.84561069282,16.28779001640497,Q5 least disadv
ISAAC,ISAAC,2024,12,0,20403617.5,274.0,12.0,True,33980.0,Isaac,17175.0,23159.0,139.85,1.0320581575497558,33980,1012.0,8,,21057719.884399954,1226.0681155400264,76852.99227883195,15.953420669577875,Q5 least disadv
ISAAC,ISAAC,2025,12,0,20880882.94,274.0833333333333,12.0,True,33980.0,Isaac,17251.0,23186.0,144.33333333333334,1.0,33980,1012.0,8,,20880882.94,1210.4157985044346,76184.43152325937,15.887967847274552,Q5 least disadv
ISAAC,ISAAC,2026,8,0,13297843.71,273.75,12.0,False,,,,,,,33980,1012.0,8,,,,,,Q5 least disadv
LIVINGSTONE,LIVINGSTONE,2004,6,0,4550075.32,262.3333333333333,13.0,False,34530.0,Livingstone,19948.0,28159.0,79.3,1.8200924758301809,34530,1005.0,7,,8281557.854392603,415.1573017040607,31568.835531356814,13.150858899806162,Q5 least disadv
LIVINGSTONE,LIVINGSTONE,2005,12,0,9250779.48,277.0,13.5,True,34530.0,Livingstone,20481.0,28755.0,81.425,1.7725923651622149,34530,1005.0,7,,16397861.078047285,800.6377168130114,59198.0544333837,13.524730237781359,Q5 least disadv
LIVINGSTONE,LIVINGSTONE,2006,12,0,9484212.0,277.3333333333333,14.0,True,34530.0,Livingstone,21181.0,29543.0,84.45,1.7090980856522597,34530,1005.0,7,,16209448.57312019,765.282497196553,58447.53091269299,13.093495743040146,Q5 least disadv
LIVINGSTONE,LIVINGSTONE,2007,12,0,10153680.43,285.0833333333333,14.0,True,34530.0,Livingstone,22056.0,30629.0,87.025,1.658527243129369,34530,1005.0,7,,16840155.611184526,763.5181180261392,59070.993082202374,12.925432233103614,Q5 least disadv
LIVINGSTONE,LIVINGSTONE,2008,12,0,10015213.32,273.6666666666667,12.416666666666666,True,34530.0,Livingstone,22605.0,31407.0,91.325,1.5804361711835022,34530,1005.0,7,,15828405.393046811,700.2170047797749,57838.2657480395,12.106466121064662,Q5 least disadv
LIVINGSTONE,LIVINGSTONE,2009,12,0,10346577.97,269.4166666666667,12.25,True,34530.0,Livingstone,23416.0,32474.0,93.5,1.5436720142602496,34530,1005.0,7,,15971722.855650626,682.0858752840206,59282.60880538432,11.505665641726456,Q5 least disadv
LIVINGSTONE,LIVINGSTONE,2010,12,0,10206746.24,282.6666666666667,11.583333333333334,True,34530.0,Livingstone,23826.0,32906.0,96.35000000000001,1.498010724788099,34530,1005.0,7,,15289815.332710603,641.7281680815329,54091.327827985624,11.863790257142059,Q5 least disadv
LIVINGSTONE,LIVINGSTONE,2011,12,0,10938976.68,282.8333333333333,11.0,True,34530.0,Livingstone,24339.0,33394.0,99.45,1.4513155689626278,34530,1005.0,7,,15875907.164203117,652.2826395580393,56131.66940790731,11.620581508415848,Q5 least disadv
LIVINGSTONE,LIVINGSTONE,2012,12,0,11804293.879999999,283.0,11.0,True,34530.0,Livingstone,25112.0,34381.0,100.975,1.4293967153585874,34530,1005.0,7,,16873018.899199475,671.9105964956783,59621.97490883207,11.269512583625358,Q5 least disadv
LIVINGSTONE,LIVINGSTONE,2013,12,0,11371102.19,282.75,11.0,True,34530.0,Livingstone,25810.0,35279.0,103.225,1.3982400904173733,34530,1005.0,7,,15899530.95429079,616.0221214370705,56231.7628798967,10.955056179775282,Q5 least disadv
LIVINGSTONE,LIVINGSTONE,2014,12,0,12117155.47,283.0,11.0,True,34530.0,Livingstone,26463.0,36063.0,106.05,1.360993242181361,34530,1005.0,7,,16491366.709130915,623.1858333949633,58273.38059763574,10.69417677511998,Q5 least disadv
LIVINGSTONE,LIVINGSTONE,2015,12,0,13368484.39,271.6666666666667,10.833333333333334,True,34530.0,Livingstone,26979.0,36579.0,107.675,1.3404535252689422,34530,1005.0,7,,17919832.028078325,664.2140934830173,65962.5718824969,10.069560275275833,Q5 least disadv
LIVINGSTONE,LIVINGSTONE,2016,12,0,13843552.84,287.0,11.0,True,34530.0,Livingstone,27425.0,36950.0,109.35,1.3199207437890568,34530,1005.0,7,,18272392.56125591,666.2677324067788,63666.873035734876,10.464904284412032,Q5 least disadv
LIVINGSTONE,LIVINGSTONE,2017,12,0,13579739.18,285.25,11.0,True,34530.0,Livingstone,27831.0,37452.0,111.3,1.2967954477388441,34530,1005.0,7,,17610143.950104825,632.7528277857363,61735.82454024479,10.24936222198268,Q5 least disadv
LIVINGSTONE,LIVINGSTONE,2018,12,0,14924519.030000001,286.9166666666667,11.0,True,34530.0,Livingstone,28286.0,37950.0,113.17500000000001,1.275311096384655,34530,1005.0,7,,19033404.72716295,672.8913500375786,66337.7452006841,10.143416059770441,Q5 least disadv
LIVINGSTONE,LIVINGSTONE,2019,12,0,15343826.49,285.9166666666667,10.833333333333334,True,34530.0,Livingstone,28858.0,38548.0,115.175,1.253165472831199,34530,1005.0,7,51329.0,19228353.578380726,666.3092930341925,67251.60097364287,9.90770901194354,Q5 least disadv
LIVINGSTONE,LIVINGSTONE,2020,12,4,12768343.57,287.0,11.0,False,34530.0,Livingstone,29494.0,39206.0,115.875,1.2455951096727798,34530,1005.0,7,52667.0,15904186.309413882,539.2346344820602,55415.28330806231,9.730792703600732,Q5 least disadv
LIVINGSTONE,LIVINGSTONE,2021,12,0,18646534.47,296.5,11.0,True,34530.0,Livingstone,30064.0,39877.0,120.175,1.2010262811178145,34530,1005.0,7,55671.0,22394977.950239237,744.9101234113637,75531.12293503959,9.862293773283662,Q5 least disadv
LIVINGSTONE,LIVINGSTONE,2022,12,0,19879366.48,297.0833333333333,11.0,True,34530.0,Livingstone,30804.0,40835.0,128.875,1.1199482702877466,34530,1005.0,7,56836.0,22263862.10369221,722.7588009249516,74941.47131677603,9.64431026273644,Q5 least disadv
LIVINGSTONE,LIVINGSTONE,2023,12,0,21614741.54,303.0833333333333,11.0,True,34530.0,Livingstone,31554.0,41830.0,136.325,1.0587444220306865,34530,1005.0,7,58845.0,22884487.03910997,725.2483691167513,75505.59375015664,9.605227018233293,Q5 least disadv
LIVINGSTONE,LIVINGSTONE,2024,12,0,25131991.27,311.25,11.0,True,34530.0,Livingstone,32338.0,42774.0,139.85,1.0320581575497558,34530,1005.0,7,,25937676.605672747,802.0804194963432,83333.90074111726,9.624899499041376,Q5 least disadv
LIVINGSTONE,LIVINGSTONE,2025,12,0,28687847.28,313.6666666666667,11.0,True,34530.0,Livingstone,33080.0,43668.0,144.33333333333334,1.0,34530,1005.0,7,,28687847.28,867.226338573156,91459.66189160467,9.482063683998389,Q5 least disadv
LIVINGSTONE,LIVINGSTONE,2026,8,0,18700044.87,283.75,11.0,False,,,,,,,34530,1005.0,7,,,,,,Q5 least disadv
LOCKYER VALLEY,LOCKYER VALLEY,2004,6,0,4561908.86,264.3333333333333,18.166666666666668,False,34580.0,Lockyer Valley,20476.0,29485.0,79.3,1.8200924758301809,34580,948.0,3,,8303095.991509039,405.5038089230826,31411.46024530532,12.90942241323175,Q2
LOCKYER VALLEY,LOCKYER VALLEY,2005,12,0,9003121.01,267.1666666666667,17.916666666666668,True,34580.0,Lockyer Valley,21265.0,30524.0,81.425,1.7725923651622149,34580,948.0,3,,15958863.564957527,750.4755967532343,59733.737610570905,12.563680539227214,Q2
LOCKYER VALLEY,LOCKYER VALLEY,2006,12,0,8494337.63,268.5,18.0,True,34580.0,Lockyer Valley,21894.0,31305.0,84.45,1.7090980856522597,34580,948.0,3,,14517656.182316955,663.0883430308284,54069.482988145086,12.263633872293779,Q2
LOCKYER VALLEY,LOCKYER VALLEY,2007,12,0,8623841.84,266.0,18.0,True,34580.0,Lockyer Valley,22493.0,32050.0,87.025,1.658527243129369,34580,948.0,3,,14302876.632078905,635.881235587912,53770.21290255227,11.825901391544036,Q2
LOCKYER VALLEY,LOCKYER VALLEY,2008,12,0,9145646.88,266.0,18.0,True,34580.0,Lockyer Valley,23158.0,32974.0,91.325,1.5804361711835022,34580,948.0,3,,14454111.138023544,624.1519620875526,54338.76367678024,11.486311425857155,Q2
LOCKYER VALLEY,LOCKYER VALLEY,2009,12,0,9167329.02,270.5833333333333,18.0,True,34580.0,Lockyer Valley,24123.0,34333.0,93.5,1.5436720142602496,34580,948.0,3,,14151349.253689839,586.6330578157708,52299.412086319084,11.21681935635424,Q2
LOCKYER VALLEY,LOCKYER VALLEY,2010,12,0,9325719.49,278.5,18.666666666666668,True,34580.0,Lockyer Valley,24699.0,35110.0,96.35000000000001,1.498010724788099,34580,948.0,3,,13970027.8123854,565.6110697755132,50161.67975721868,11.275760152232884,Q2
LOCKYER VALLEY,LOCKYER VALLEY,2011,12,0,10073621.129999999,280.6666666666667,18.583333333333332,True,34580.0,Lockyer Valley,25281.0,35880.0,99.45,1.4513155689626278,34580,948.0,3,,14620003.181799898,578.3000348799453,52090.272619239535,11.101881518399853,Q2
LOCKYER VALLEY,LOCKYER VALLEY,2012,12,0,10199908.04,294.75,19.0,True,34580.0,Lockyer Valley,25857.0,36547.0,100.975,1.4293967153585874,34580,948.0,3,,14579715.049335646,563.8594983693254,49464.68210122357,11.399234249912983,Q2
LOCKYER VALLEY,LOCKYER VALLEY,2013,12,0,10366460.74,284.0,17.75,True,34580.0,Lockyer Valley,26899.0,37682.0,103.225,1.3982400904173733,34580,948.0,3,,14494801.002405751,538.8602179414012,51038.0316986118,10.558013309044945,Q2
LOCKYER VALLEY,LOCKYER VALLEY,2014,12,0,10839261.28,278.5,17.083333333333332,True,34580.0,Lockyer Valley,27574.0,38363.0,106.05,1.360993242181361,34580,948.0,3,,14752161.35231809,535.0025876665732,52970.05871568434,10.100094291724089,Q2
LOCKYER VALLEY,LOCKYER VALLEY,2015,12,0,11439353.97,269.75,16.5,True,34580.0,Lockyer Valley,28146.0,38861.0,107.675,1.3404535252689422,34580,948.0,3,,15333922.35588577,544.7993446985636,56844.93922478506,9.5839550913096,Q2
LOCKYER VALLEY,LOCKYER VALLEY,2016,12,0,11602179.06,254.41666666666666,16.0,True,34580.0,Lockyer Valley,28834.0,39499.0,109.35,1.3199207437890568,34580,948.0,3,,15313956.81444902,531.107609573733,60192.427701732144,8.82349541051074,Q2
LOCKYER VALLEY,LOCKYER VALLEY,2017,12,0,11398043.59,227.0,15.5,True,34580.0,Lockyer Valley,29295.0,40003.0,111.3,1.2967954477388441,34580,948.0,3,,14780931.040640913,504.55473769042203,65114.23365921107,7.748762587472265,Q2
LOCKYER VALLEY,LOCKYER VALLEY,2018,12,0,11332216.27,213.66666666666666,14.083333333333334,True,34580.0,Lockyer Valley,29740.0,40539.0,113.17500000000001,1.275311096384655,34580,948.0,3,,14452101.155761724,485.94825675056234,67638.5389505229,7.184487783008294,Q2
LOCKYER VALLEY,LOCKYER VALLEY,2019,12,0,12081446.02,219.66666666666666,13.666666666666666,True,34580.0,Lockyer Valley,30184.0,41020.0,115.175,1.253165472831199,34580,948.0,3,40788.0,15140051.014137907,501.5919365934902,68922.84224948971,7.277586359219012,Q2
LOCKYER VALLEY,LOCKYER VALLEY,2020,12,4,9815221.65,211.75,12.375,False,34580.0,Lockyer Valley,30591.0,41366.0,115.875,1.2455951096727798,34580,948.0,3,41934.0,12225792.087594394,399.6532342059558,57736.91658840328,6.921970514203524,Q2
LOCKYER VALLEY,LOCKYER VALLEY,2021,12,0,13114842.21,207.0,12.0,True,34580.0,Lockyer Valley,30971.0,41750.0,120.175,1.2010262811178145,34580,948.0,3,46173.0,15751270.166923242,508.5812588202913,76093.09259383209,6.6836718220270575,Q2
LOCKYER VALLEY,LOCKYER VALLEY,2022,12,0,16549476.23,199.25,10.916666666666666,True,34580.0,Lockyer Valley,31628.0,42579.0,128.875,1.1199482702877466,34580,948.0,3,47728.0,18534557.27795668,586.0173668254926,93021.61745524054,6.299797647653977,Q2
LOCKYER VALLEY,LOCKYER VALLEY,2023,12,0,18394843.15,189.83333333333334,9.416666666666666,True,34580.0,Lockyer Valley,32684.0,43796.0,136.325,1.0587444220306865,34580,948.0,3,50299.0,19475437.579191882,595.8706883855061,102592.29629073862,5.808142618202587,Q2
LOCKYER VALLEY,LOCKYER VALLEY,2024,12,0,20749387.38,186.0,9.0,True,34580.0,Lockyer Valley,33640.0,44983.0,139.85,1.0320581575497558,34580,948.0,3,,21414574.509688955,636.5806929158429,115132.1210198331,5.529131985731272,Q2
LOCKYER VALLEY,LOCKYER VALLEY,2025,12,0,23202495.08,182.25,9.0,True,34580.0,Lockyer Valley,34580.0,46058.0,144.33333333333334,1.0,34580,948.0,3,,23202495.08,670.9801931752457,127311.35846364882,5.2703875072296125,Q2
LOCKYER VALLEY,LOCKYER VALLEY,2026,8,0,15486330.86,183.625,9.0,False,,,,,,,34580,948.0,3,,,,,,Q2
LOGAN,LOGAN,2004,6,0,60060448.37,1731.0,39.166666666666664,False,34590.0,Logan,168518.0,249161.0,79.3,1.8200924758301809,34590,944.0,3,,109315570.17322405,648.6877969903752,63151.68698626461,10.271899737713479,Q2
LOGAN,LOGAN,2005,12,0,116647282.95,1793.3333333333333,40.416666666666664,True,34590.0,Logan,172581.0,253905.0,81.425,1.7725923651622149,34590,944.0,3,,206768083.1740866,1198.0929718456064,115298.18764354273,10.391255893367944,Q2
LOGAN,LOGAN,2006,12,0,114703679.11,1830.9166666666667,41.0,True,34590.0,Logan,176901.0,259116.0,84.45,1.7090980856522597,34590,944.0,3,,196039838.38417208,1108.1895432144086,107071.96124937713,10.349950914164797,Q2
LOGAN,LOGAN,2007,12,0,119078227.81,1853.75,41.0,True,34590.0,Logan,180992.0,264410.0,87.025,1.658527243129369,34590,944.0,3,,197494484.88645026,1091.1779796148462,106537.82057259623,10.242165399575672,Q2
LOGAN,LOGAN,2008,12,0,123401191.58,1884.0833333333333,40.583333333333336,True,34590.0,Logan,185742.0,270628.0,91.325,1.5804361711835022,34590,944.0,3,,195027706.74017704,1049.9924989511098,103513.31243673424,10.143550372739247,Q2
LOGAN,LOGAN,2009,12,0,122034577.6,1895.3333333333333,40.0,True,34590.0,Logan,191012.0,277372.0,93.5,1.5436720142602496,34590,944.0,3,,188381362.21319073,986.2278925574872,99392.2065845185,9.92258776062935,Q2
LOGAN,LOGAN,2010,12,0,120828686.68,1937.3333333333333,40.166666666666664,True,34590.0,Logan,195081.0,282189.0,96.35000000000001,1.498010724788099,34590,944.0,3,,181002668.50870094,927.8334051429966,93428.76901687936,9.930917584661413,Q2
LOGAN,LOGAN,2011,12,0,130479288.13,2092.4166666666665,40.25,True,34590.0,Logan,199496.0,287474.0,99.45,1.4513155689626278,34590,944.0,3,,189366622.2902296,949.2251588514536,90501.39262745451,10.488514389595112,Q2
LOGAN,LOGAN,2012,12,0,134292119.25,2126.0,40.916666666666664,True,34590.0,Logan,204501.0,293974.0,100.975,1.4293967153585874,34590,944.0,3,,191956714.15449372,938.6590488774809,90290.08191650693,10.396037183192258,Q2
LOGAN,LOGAN,2013,12,0,136361946.01,2156.5,40.666666666666664,True,34590.0,Logan,209656.0,300545.0,103.225,1.3982400904173733,34590,944.0,3,,190666739.71851137,909.426583157703,88414.90364874165,10.285896897775404,Q2
LOGAN,LOGAN,2014,12,0,142796892.58,2077.1666666666665,37.833333333333336,True,34590.0,Logan,213336.0,305147.0,106.05,1.360993242181361,34590,944.0,3,,194345605.80587777,910.9836399195531,93562.83678370109,9.736597042536967,Q2
LOGAN,LOGAN,2015,12,0,151340243.23,2031.3333333333333,37.0,True,34590.0,Logan,216663.0,309342.0,107.675,1.3404535252689422,34590,944.0,3,,202864562.55271265,936.313826323427,99867.6875054378,9.375543278424711,Q2
LOGAN,LOGAN,2016,12,0,154857004.95,1963.0833333333333,36.5,True,34590.0,Logan,220402.0,314511.0,109.35,1.3199207437890568,34590,944.0,3,,204398973.15454963,927.3916441527283,104121.39397438534,8.906830851504674,Q2
LOGAN,LOGAN,2017,12,0,161666809.54,2013.1666666666667,35.583333333333336,True,34590.0,Logan,225455.0,321102.0,111.3,1.2967954477388441,34590,944.0,3,,209648782.66193473,929.8919192829378,104138.8108263605,8.929350276847561,Q2
LOGAN,LOGAN,2018,12,0,164313119.93,1990.0833333333333,35.0,True,34590.0,Logan,230502.0,327769.0,113.17500000000001,1.275311096384655,34590,944.0,3,,209550345.1283116,909.1042382639266,105297.27153551942,8.633692260081618,Q2
LOGAN,LOGAN,2019,12,0,166186671.71,1996.5833333333333,34.333333333333336,True,34590.0,Logan,236540.0,335955.0,115.175,1.253165472831199,34590,944.0,3,48220.0,208259399.03170538,880.4405133664724,104307.89216496785,8.44078520898509,Q2
LOGAN,LOGAN,2020,12,4,138529652.34,1968.75,32.25,False,34590.0,Logan,242528.0,343821.0,115.875,1.2455951096727798,34590,944.0,3,48900.0,172551857.49937436,711.471902210773,87645.38793619015,8.117619408892994,Q2
LOGAN,LOGAN,2021,12,0,181273482.59,1929.0833333333333,31.166666666666668,True,34590.0,Logan,247499.0,350673.0,120.175,1.2010262811178145,34590,944.0,3,50346.0,217714216.6603426,879.6569548173633,112858.89670932271,7.7943075864279585,Q2
LOGAN,LOGAN,2022,12,0,213585098.39,1947.25,31.0,True,34590.0,Logan,255308.0,362388.0,128.875,1.1199482702877466,34590,944.0,3,52396.0,239204261.50111866,936.924269905834,122842.09089799393,7.627062215050057,Q2
LOGAN,LOGAN,2023,12,0,230040123.18,1965.75,31.083333333333332,True,34590.0,Logan,266224.0,377020.0,136.325,1.0587444220306865,34590,944.0,3,55522.0,243553697.26007703,914.8450074376353,123898.6123668203,7.383819640603401,Q2
LOGAN,LOGAN,2024,12,0,254296474.82,1972.0,31.25,True,34590.0,Logan,277138.0,391566.0,139.85,1.0320581575497558,34590,944.0,3,,262448751.27412707,946.9966272186675,133087.60206598736,7.115588623718148,Q2
LOGAN,LOGAN,2025,12,0,288105853.84,1997.5833333333333,31.666666666666668,True,34590.0,Logan,286333.0,403515.0,144.33333333333334,1.0,34590,944.0,3,,288105853.84,1006.1915805722707,144227.20145509156,6.97643419841001,Q2
LOGAN,LOGAN,2026,8,0,197935686.43,2009.25,31.0,False,,,,,,,34590,944.0,3,,,,,,Q2
LONGREACH,LONGREACH,2004,6,0,629566.22,79.0,6.0,False,34710.0,Longreach,3098.0,4379.0,79.3,1.8200924758301809,34710,1003.0,7,,1145868.7400588482,369.8737056355223,14504.667595681622,25.500322788896064,Q5 least disadv
LONGREACH,LONGREACH,2005,12,0,1154234.42,79.0,6.0,True,34710.0,Longreach,3033.0,4284.0,81.425,1.7725923651622149,34710,1003.0,7,,2045987.1204994372,674.5753776786803,25898.571145562495,26.0468183316848,Q5 least disadv
LONGREACH,LONGREACH,2006,12,1,914809.13,74.5,5.916666666666667,False,34710.0,Longreach,2968.0,4174.0,84.45,1.7090980856522597,34710,1003.0,7,,1563498.5328202092,526.7852199529007,20986.557487519585,25.101078167115904,Q5 least disadv
LONGREACH,LONGREACH,2007,12,12,0.0,66.91666666666667,5.0,False,34710.0,Longreach,2981.0,4174.0,87.025,1.658527243129369,34710,1003.0,7,,0.0,0.0,0.0,22.447724477244773,Q5 least disadv
LONGREACH,LONGREACH,2008,12,12,0.0,67.0,5.0,False,34710.0,Longreach,2992.0,4193.0,91.325,1.5804361711835022,34710,1003.0,7,,0.0,0.0,0.0,22.393048128342247,Q5 least disadv
LONGREACH,LONGREACH,2009,12,12,0.0,66.91666666666667,5.0,False,34710.0,Longreach,3004.0,4219.0,93.5,1.5436720142602496,34710,1003.0,7,,0.0,0.0,0.0,22.27585441633378,Q5 least disadv
LONGREACH,LONGREACH,2010,12,12,0.0,66.91666666666667,5.0,False,34710.0,Longreach,2998.0,4250.0,96.35000000000001,1.498010724788099,34710,1003.0,7,,0.0,0.0,0.0,22.320435846119636,Q5 least disadv
LONGREACH,LONGREACH,2011,12,12,0.0,62.583333333333336,4.833333333333333,False,34710.0,Longreach,3014.0,4296.0,99.45,1.4513155689626278,34710,1003.0,7,,0.0,0.0,0.0,20.764211457642116,Q5 least disadv
LONGREACH,LONGREACH,2012,12,12,0.0,61.166666666666664,4.416666666666667,False,34710.0,Longreach,2990.0,4217.0,100.975,1.4293967153585874,34710,1003.0,7,,0.0,0.0,0.0,20.457079152731325,Q5 least disadv
LONGREACH,LONGREACH,2013,12,12,0.0,57.0,4.0,False,34710.0,Longreach,2943.0,4104.0,103.225,1.3982400904173733,34710,1003.0,7,,0.0,0.0,0.0,19.367991845056064,Q5 least disadv
LONGREACH,LONGREACH,2014,12,12,0.0,57.0,4.0,False,34710.0,Longreach,2899.0,4027.0,106.05,1.360993242181361,34710,1003.0,7,,0.0,0.0,0.0,19.661952397378407,Q5 least disadv
LONGREACH,LONGREACH,2015,12,12,0.0,58.666666666666664,4.0,False,34710.0,Longreach,2783.0,3812.0,107.675,1.3404535252689422,34710,1003.0,7,,0.0,0.0,0.0,21.080368906455863,Q5 least disadv
LONGREACH,LONGREACH,2016,12,12,0.0,62.0,4.0,False,34710.0,Longreach,2740.0,3727.0,109.35,1.3199207437890568,34710,1003.0,7,,0.0,0.0,0.0,22.62773722627737,Q5 least disadv
LONGREACH,LONGREACH,2017,12,12,0.0,64.5,4.666666666666667,False,34710.0,Longreach,2712.0,3661.0,111.3,1.2967954477388441,34710,1003.0,7,,0.0,0.0,0.0,23.783185840707965,Q5 least disadv
LONGREACH,LONGREACH,2018,12,12,0.0,71.33333333333333,5.0,False,34710.0,Longreach,2703.0,3653.0,113.17500000000001,1.275311096384655,34710,1003.0,7,,0.0,0.0,0.0,26.39043038599087,Q5 least disadv
LONGREACH,LONGREACH,2019,12,12,0.0,76.66666666666667,5.0,False,34710.0,Longreach,2713.0,3654.0,115.175,1.253165472831199,34710,1003.0,7,51429.0,0.0,0.0,0.0,28.258999877134784,Q5 least disadv
LONGREACH,LONGREACH,2020,12,12,0.0,78.5,5.0,False,34710.0,Longreach,2732.0,3651.0,115.875,1.2455951096727798,34710,1003.0,7,52022.0,0.0,0.0,0.0,28.733528550512446,Q5 least disadv
LONGREACH,LONGREACH,2021,12,12,0.0,76.41666666666667,4.083333333333333,False,34710.0,Longreach,2793.0,3691.0,120.175,1.2010262811178145,34710,1003.0,7,54626.0,0.0,0.0,0.0,27.360066833751045,Q5 least disadv
LONGREACH,LONGREACH,2022,12,12,0.0,76.0,4.0,False,34710.0,Longreach,2805.0,3719.0,128.875,1.1199482702877466,34710,1003.0,7,57277.0,0.0,0.0,0.0,27.094474153297682,Q5 least disadv
LONGREACH,LONGREACH,2023,12,12,0.0,75.5,4.0,False,34710.0,Longreach,2823.0,3733.0,136.325,1.0587444220306865,34710,1003.0,7,59464.0,0.0,0.0,0.0,26.744597945448106,Q5 least disadv
LONGREACH,LONGREACH,2024,12,12,0.0,75.91666666666667,4.0,False,34710.0,Longreach,2855.0,3745.0,139.85,1.0320581575497558,34710,1003.0,7,,0.0,0.0,0.0,26.59077641564507,Q5 least disadv
LONGREACH,LONGREACH,2025,12,12,0.0,76.0,4.0,False,34710.0,Longreach,2848.0,3741.0,144.33333333333334,1.0,34710,1003.0,7,,0.0,0.0,0.0,26.685393258426966,Q5 least disadv
LONGREACH,LONGREACH,2026,8,8,0.0,79.75,4.0,False,,,,,,,34710,1003.0,7,,,,,,Q5 least disadv
MACKAY,MACKAY,2004,6,0,23794436.56,1238.1666666666667,45.166666666666664,False,34770.0,Mackay,67756.0,96285.0,79.3,1.8200924758301809,34770,999.0,7,,43308074.949474566,639.1769725112841,34977.58106028367,18.273904402070176,Q4
MACKAY,MACKAY,2005,12,0,51871536.7,1280.5,45.0,True,34770.0,Mackay,70769.0,99901.0,81.425,1.7725923651622149,34770,999.0,7,,91947089.92365164,1299.2565943231025,71805.61493451905,18.094080741567634,Q4
MACKAY,MACKAY,2006,12,0,56821018.22,1314.0,44.083333333333336,True,34770.0,Mackay,73760.0,103567.0,84.45,1.7090980856522597,34770,999.0,7,,97112693.46461417,1316.6037617219924,73906.15940990424,17.814533622559654,Q4
MACKAY,MACKAY,2007,12,0,56484788.35,1381.5,43.0,True,34770.0,Mackay,75615.0,106026.0,87.025,1.658527243129369,34770,999.0,7,,93681560.3008714,1238.9282589548554,67811.48049284937,18.27018448720492,Q4
MACKAY,MACKAY,2008,12,0,61081567.82,1426.25,42.833333333333336,True,34770.0,Mackay,77590.0,108644.0,91.325,1.5804361711835022,34770,999.0,7,,96535519.17532621,1244.1747541606678,67684.85130610077,18.38187910813249,Q4
MACKAY,MACKAY,2009,12,0,60857035.3,1466.25,43.666666666666664,True,34770.0,Mackay,79807.0,111455.0,93.5,1.5436720142602496,34770,999.0,7,,93943302.2634581,1177.1311070890788,64070.45337661252,18.372448532083652,Q4
MACKAY,MACKAY,2010,12,0,62320826.85,1569.25,43.416666666666664,True,34770.0,Mackay,81744.0,113669.0,96.35000000000001,1.498010724788099,34770,999.0,7,,93357266.99896212,1142.068738977321,59491.64696444933,19.197127617929144,Q4
MACKAY,MACKAY,2011,12,0,69416006.8,1589.75,43.0,True,34770.0,Mackay,83699.0,115960.0,99.45,1.4513155689626278,34770,999.0,7,,100744531.40405564,1203.6527485878642,63371.304547290856,18.993655838182057,Q4
MACKAY,MACKAY,2012,12,0,76494844.12,1671.25,43.0,True,34770.0,Mackay,85031.0,117495.0,100.975,1.4293967153585874,34770,999.0,7,,109341478.92699516,1285.901364525822,65424.96869229329,19.654596558902046,Q4
MACKAY,MACKAY,2013,12,0,73311365.4,1681.5,42.333333333333336,True,34770.0,Mackay,86156.0,118878.0,103.225,1.3982400904173733,34770,999.0,7,,102506890.1855171,1189.7823736654104,60961.57608416123,19.516922791215933,Q4
MACKAY,MACKAY,2014,12,0,72520681.67,1716.9166666666667,43.0,True,34770.0,Mackay,86294.0,118916.0,106.05,1.360993242181361,34770,999.0,7,,98700157.67125571,1143.7661676507719,57486.86560476962,19.896130283295093,Q4
MACKAY,MACKAY,2015,12,0,69735867.08,1723.0833333333333,43.083333333333336,True,34770.0,Mackay,85827.0,118292.0,107.675,1.3404535252689422,34770,999.0,7,,93477688.86507237,1089.140816585368,54250.242606803135,20.076238635083755,Q4
MACKAY,MACKAY,2016,12,0,68040586.1,1708.25,42.5,True,34770.0,Mackay,85106.0,117218.0,109.35,1.3199207437890568,34770,999.0,7,,89808181.01295535,1055.2508755311653,52573.20709085635,20.072027824125207,Q4
MACKAY,MACKAY,2017,12,0,73329278.65,1623.5,39.166666666666664,True,34770.0,Mackay,85425.0,117513.0,111.3,1.2967954477388441,34770,999.0,7,,95093074.73929322,1113.1761748819808,58572.8825003346,19.00497512437811,Q4
MACKAY,MACKAY,2018,12,0,76654622.73,1594.6666666666667,37.5,True,34770.0,Mackay,86227.0,118352.0,113.17500000000001,1.275311096384655,34770,999.0,7,,97758490.9567484,1133.734108304225,61303.40151970008,18.49382057437539,Q4
MACKAY,MACKAY,2019,12,0,81571316.22,1599.8333333333333,37.0,True,34770.0,Mackay,87310.0,119529.0,115.175,1.253165472831199,34770,999.0,7,56487.0,102222357.06029955,1170.7978130832614,63895.62895737028,18.32359790783797,Q4
MACKAY,MACKAY,2020,12,4,69397189.31,1569.875,36.25,False,34770.0,Mackay,89016.0,121395.0,115.875,1.2455951096727798,34770,999.0,7,57615.0,86440799.62957211,971.0703652104353,55062.218093524716,17.635874449537162,Q4
MACKAY,MACKAY,2021,12,0,96761228.76,1579.3333333333333,36.0,True,34770.0,Mackay,90612.0,123148.0,120.175,1.2010262811178145,34770,999.0,7,59958.0,116212778.73401293,1282.531880258828,73583.43946856032,17.42962668667873,Q4
MACKAY,MACKAY,2022,12,0,101912474.03,1566.6666666666667,34.916666666666664,True,34770.0,Mackay,91876.0,124786.0,128.875,1.1199482702877466,34770,999.0,7,62000.0,114136699.0106434,1242.290685387298,72853.21213445322,17.05196859535316,Q4
MACKAY,MACKAY,2023,12,0,111767677.7,1541.0833333333333,33.75,True,34770.0,Mackay,93434.0,126714.0,136.325,1.0587444220306865,34770,999.0,7,64712.0,118333405.32819855,1266.4919122396402,76785.8575643964,16.49381738268011,Q4
MACKAY,MACKAY,2024,12,0,120674691.82000001,1498.0,31.333333333333332,True,34770.0,Mackay,94460.0,128139.0,139.85,1.0320581575497558,34770,999.0,7,,124543300.1026338,1318.4766049400148,83139.7196946821,15.858564471734068,Q4
MACKAY,MACKAY,2025,12,0,133008664.08,1473.5833333333333,31.0,True,34770.0,Mackay,95462.0,129253.0,144.33333333333334,1.0,34770,999.0,7,,133008664.08,1393.3152885965096,90262.05784991235,15.436334178346707,Q4
MACKAY,MACKAY,2026,8,0,87798479.88,1481.25,30.375,False,,,,,,,34770,999.0,7,,,,,,Q4
MARANOA,MARANOA,2004,6,0,1467019.61,127.0,8.0,False,34860.0,Maranoa,8774.0,12461.0,79.3,1.8200924758301809,34860,995.0,7,,2670111.3540563267,304.32087463600715,21024.49885083722,14.47458399817643,Q4
MARANOA,MARANOA,2005,12,0,2826066.83,126.33333333333333,7.916666666666667,True,34860.0,Maranoa,8802.0,12501.0,81.425,1.7725923651622149,34860,995.0,7,,5009464.486296183,569.1279807198572,39652.753189679555,14.352798606377338,Q4
MARANOA,MARANOA,2006,12,0,3114456.56,119.0,7.0,True,34860.0,Maranoa,8910.0,12612.0,84.45,1.7090980856522597,34860,995.0,7,,5322911.744543122,597.4087255379486,44730.350794480015,13.35578002244669,Q4
MARANOA,MARANOA,2007,12,0,3173903.17,129.66666666666666,8.0,True,34860.0,Maranoa,9045.0,12770.0,87.025,1.658527243129369,34860,995.0,7,,5264004.874499665,581.9795328357839,40596.43862082004,14.33572876358946,Q4
MARANOA,MARANOA,2008,12,0,3333932.11,133.91666666666666,8.5,True,34860.0,Maranoa,9193.0,12952.0,91.325,1.5804361711835022,34860,995.0,7,,5269066.898914134,573.1607635063781,39345.863588655644,14.567243192283984,Q4
MARANOA,MARANOA,2009,12,0,3527630.62,137.0,9.0,True,34860.0,Maranoa,9315.0,13113.0,93.5,1.5436720142602496,34860,995.0,7,,5445504.664741533,584.595240444609,39748.20923169002,14.707461084272678,Q4
MARANOA,MARANOA,2010,12,0,3809461.3,134.5,9.0,True,34860.0,Maranoa,9462.0,13286.0,96.35000000000001,1.498010724788099,34860,995.0,7,,5706613.883065213,603.1086327483845,42428.3560079198,14.214753751849504,Q4
MARANOA,MARANOA,2011,12,0,4167881.11,118.66666666666667,8.166666666666666,True,34860.0,Maranoa,9605.0,13437.0,99.45,1.4513155689626278,34860,995.0,7,,6048910.744528239,629.7668656458343,50973.96694827167,12.354676383827869,Q4
MARANOA,MARANOA,2012,12,0,5365701.4399999995,126.91666666666667,9.0,True,34860.0,Maranoa,9640.0,13424.0,100.975,1.4293967153585874,34860,995.0,7,,7669716.013930841,795.6136943911661,60431.11764095213,13.165629322268327,Q4
MARANOA,MARANOA,2013,12,0,6513424.97,133.83333333333334,9.0,True,34860.0,Maranoa,9785.0,13515.0,103.225,1.3982400904173733,34860,995.0,7,,9107331.918979576,930.7441920265279,68049.80263247504,13.67739737693749,Q4
MARANOA,MARANOA,2014,12,0,6606152.19,137.66666666666666,8.833333333333334,True,34860.0,Maranoa,9758.0,13434.0,106.05,1.360993242181361,34860,995.0,7,,8990928.4874116,921.3904988124206,65309.40789887361,14.10808225729316,Q4
MARANOA,MARANOA,2015,12,0,5582767.03,130.0,8.0,True,34860.0,Maranoa,9694.0,13292.0,107.675,1.3404535252689422,34860,995.0,7,,7483439.746118723,771.9661384483932,57564.92112399018,13.410356921807303,Q4
MARANOA,MARANOA,2016,12,0,4907067.54,135.0,8.5,True,34860.0,Maranoa,9377.0,12926.0,109.35,1.3199207437890568,34860,995.0,7,,6476940.237219937,690.7262703657819,47977.335090518056,14.39692865522022,Q4
MARANOA,MARANOA,2017,12,0,5498812.38,137.5,8.833333333333334,True,34860.0,Maranoa,9368.0,12927.0,111.3,1.2967954477388441,34860,995.0,7,,7130834.862353999,761.190741071093,51860.61718075636,14.677625960717336,Q4
MARANOA,MARANOA,2018,12,0,5568787.53,146.0,9.0,True,34860.0,Maranoa,9355.0,12914.0,113.17500000000001,1.275311096384655,34860,995.0,7,,7101936.530417495,759.1594367095131,48643.40089327052,15.606627471940138,Q4
MARANOA,MARANOA,2019,12,0,5899479.66,144.41666666666666,8.083333333333334,True,34860.0,Maranoa,9314.0,12835.0,115.175,1.253165472831199,34860,995.0,7,47445.0,7393024.217581941,793.7539421926069,51192.3200294191,15.50533247441128,Q4
MARANOA,MARANOA,2020,12,4,4824908.87,143.375,8.0,False,34860.0,Maranoa,9381.0,12891.0,115.875,1.2455951096727798,34860,995.0,7,46597.0,6009882.893088818,640.6441629984881,41917.230291813896,15.283551860142842,Q4
MARANOA,MARANOA,2021,12,0,6469376.8100000005,144.08333333333334,8.0,True,34860.0,Maranoa,9459.0,12957.0,120.175,1.2010262811178145,34860,995.0,7,50097.0,7769891.571264131,821.4284354862175,53926.37296423919,15.232406526412236,Q4
MARANOA,MARANOA,2022,12,0,7128698.09,144.0,8.0,True,34860.0,Maranoa,9528.0,13078.0,128.875,1.1199482702877466,34860,995.0,7,54658.0,7983773.095299062,837.9274869121602,55442.8687173546,15.113350125944585,Q4
MARANOA,MARANOA,2023,12,0,8080894.74,144.0,8.0,True,34860.0,Maranoa,9641.0,13230.0,136.325,1.0587444220306865,34860,995.0,7,55732.0,8555602.230992116,887.4185490086211,59413.9043818897,14.936209936728556,Q4
MARANOA,MARANOA,2024,12,0,9376991.48,143.91666666666666,8.0,True,34860.0,Maranoa,9724.0,13336.0,139.85,1.0320581575497558,34860,995.0,7,,9677600.55020856,995.228357693188,67244.47400260725,14.800150829562593,Q4
MARANOA,MARANOA,2025,12,0,9779548.36,144.0,8.0,True,34860.0,Maranoa,9736.0,13370.0,144.33333333333334,1.0,34860,995.0,7,,9779548.36,1004.472921117502,67913.53027777777,14.790468364831552,Q4
MARANOA,MARANOA,2026,8,0,6365359.82,144.0,8.0,False,,,,,,,34860,995.0,7,,,,,,Q4
MAREEBA,MAREEBA,2004,6,0,2849077.3899999997,178.5,7.0,False,34880.0,Mareeba,13444.0,18353.0,79.3,1.8200924758301809,34880,937.0,3,,5185584.32059689,385.71736987480585,29050.892552363526,13.277298423088366,Q2
MAREEBA,MAREEBA,2005,12,0,5664463.63,186.08333333333334,7.0,True,34880.0,Mareeba,13636.0,18553.0,81.425,1.7725923651622149,34880,937.0,3,,10040784.983277045,736.3438679434618,53958.539990740945,13.646475017111568,Q2
MAREEBA,MAREEBA,2006,12,0,5839694.16,185.66666666666666,7.0,True,34880.0,Mareeba,13807.0,18753.0,84.45,1.7090980856522597,34880,937.0,3,,9980610.10965068,722.8659455095734,53755.53021355843,13.44728519350088,Q2
MAREEBA,MAREEBA,2007,12,0,6319789.13,185.91666666666666,7.0,True,34880.0,Mareeba,14141.0,19195.0,87.025,1.658527243129369,34880,937.0,3,,10481542.442937853,741.2164940907894,56377.63752364601,13.147349315229945,Q2
MAREEBA,MAREEBA,2008,12,0,6634232.09,185.91666666666666,7.0,True,34880.0,Mareeba,14515.0,19737.0,91.325,1.5804361711835022,34880,937.0,3,,10484980.363062324,722.3548303866569,56396.12924999906,12.808588816167182,Q2
MAREEBA,MAREEBA,2009,12,0,6509509.029999999,185.91666666666666,7.0,True,34880.0,Mareeba,14822.0,20177.0,93.5,1.5436720142602496,34880,937.0,3,,10048546.916185383,677.9481120081894,54048.66113591421,12.543291503620743,Q2
MAREEBA,MAREEBA,2010,12,0,5916042.78,186.0,7.0,True,34880.0,Mareeba,15064.0,20495.0,96.35000000000001,1.498010724788099,34880,937.0,3,,8862295.5327452,588.309581302788,47646.750176049456,12.347318109399893,Q2
MAREEBA,MAREEBA,2011,12,0,6632307.51,186.0,7.0,True,34880.0,Mareeba,15267.0,20745.0,99.45,1.4513155689626278,34880,937.0,3,,9625571.14741076,630.4821607002528,51750.38251296107,12.183140106111221,Q2
MAREEBA,MAREEBA,2012,12,0,6611021.88,186.0,7.0,True,34880.0,Mareeba,15445.0,20953.0,100.975,1.4293967153585874,34880,937.0,3,,9449772.960435754,611.8337947837975,50805.230970084696,12.042732275817416,Q2
MAREEBA,MAREEBA,2013,12,0,6849830.0200000005,190.66666666666666,7.0,True,34880.0,Mareeba,15841.0,21379.0,103.225,1.3982400904173733,34880,937.0,3,,9577706.94650844,604.6150461781731,50232.72874042888,12.036277171054016,Q2
MAREEBA,MAREEBA,2014,12,0,7379922.29,194.08333333333334,7.0,True,34880.0,Mareeba,16064.0,21542.0,106.05,1.360993242181361,34880,937.0,3,,10044024.364513595,625.2505206993025,51751.09161621431,12.081880810092962,Q2
MAREEBA,MAREEBA,2015,12,0,8054793.52,192.41666666666666,6.333333333333333,True,34880.0,Mareeba,16433.0,21812.0,107.675,1.3404535252689422,34880,937.0,3,,10797076.369197432,657.0362300978173,56112.99975329978,11.70916245765634,Q2
MAREEBA,MAREEBA,2016,12,0,8485318.04,198.75,6.916666666666667,True,34880.0,Mareeba,16753.0,22038.0,109.35,1.3199207437890568,34880,937.0,3,,11199947.2986435,668.5338326654032,56351.93609380377,11.863546827433892,Q2
MAREEBA,MAREEBA,2017,12,0,8443304.34,196.5,6.0,True,34880.0,Mareeba,16967.0,22227.0,111.3,1.2967954477388441,34880,937.0,3,,10949238.631985625,645.325551481442,55721.31619331107,11.58130488595509,Q2
MAREEBA,MAREEBA,2018,12,6,4135525.6799999997,179.25,5.5,False,34880.0,Mareeba,17229.0,22501.0,113.17500000000001,1.275311096384655,34880,937.0,3,,5274081.789087696,306.11653543953196,29423.05042726748,10.403970050496257,Q2
MAREEBA,MAREEBA,2019,12,12,0.0,156.0,5.0,False,34880.0,Mareeba,17415.0,22681.0,115.175,1.253165472831199,34880,937.0,3,35387.0,0.0,0.0,0.0,8.957795004306632,Q2
MAREEBA,MAREEBA,2020,12,12,0.0,156.0,5.0,False,34880.0,Mareeba,17748.0,23010.0,115.875,1.2455951096727798,34880,937.0,3,36210.0,0.0,0.0,0.0,8.78972278566599,Q2
MAREEBA,MAREEBA,2021,12,12,0.0,156.0,5.0,False,34880.0,Mareeba,17936.0,23171.0,120.175,1.2010262811178145,34880,937.0,3,40975.0,0.0,0.0,0.0,8.697591436217662,Q2
MAREEBA,MAREEBA,2022,12,12,0.0,156.25,5.0,False,34880.0,Mareeba,18024.0,23332.0,128.875,1.1199482702877466,34880,937.0,3,43068.0,0.0,0.0,0.0,8.668996893031514,Q2
MAREEBA,MAREEBA,2023,12,12,0.0,156.25,5.0,False,34880.0,Mareeba,18295.0,23654.0,136.325,1.0587444220306865,34880,937.0,3,41391.0,0.0,0.0,0.0,8.540584859251162,Q2
MAREEBA,MAREEBA,2024,12,12,0.0,156.58333333333334,5.0,False,34880.0,Mareeba,18625.0,23940.0,139.85,1.0320581575497558,34880,937.0,3,,0.0,0.0,0.0,8.407158836689039,Q2
MAREEBA,MAREEBA,2025,12,12,0.0,158.41666666666666,5.0,False,34880.0,Mareeba,18827.0,24205.0,144.33333333333334,1.0,34880,937.0,3,,0.0,0.0,0.0,8.414334023831023,Q2
MAREEBA,MAREEBA,2026,8,8,0.0,158.25,5.0,False,,,,,,,34880,937.0,3,,,,,,Q2
MCKINLAY,MCKINLAY,2004,6,6,0.0,21.0,2.0,False,34800.0,McKinlay,731.0,973.0,79.3,1.8200924758301809,34800,1014.0,8,,0.0,0.0,0.0,28.72777017783858,Q5 least disadv
MCKINLAY,MCKINLAY,2005,12,12,0.0,21.0,2.0,False,34800.0,McKinlay,720.0,951.0,81.425,1.7725923651622149,34800,1014.0,8,,0.0,0.0,0.0,29.166666666666668,Q5 least disadv
MCKINLAY,MCKINLAY,2006,12,12,0.0,21.0,2.0,False,34800.0,McKinlay,712.0,922.0,84.45,1.7090980856522597,34800,1014.0,8,,0.0,0.0,0.0,29.49438202247191,Q5 least disadv
MCKINLAY,MCKINLAY,2007,12,12,0.0,21.0,2.0,False,34800.0,McKinlay,743.0,963.0,87.025,1.658527243129369,34800,1014.0,8,,0.0,0.0,0.0,28.263795423956932,Q5 least disadv
MCKINLAY,MCKINLAY,2008,12,12,0.0,20.833333333333332,2.0,False,34800.0,McKinlay,769.0,994.0,91.325,1.5804361711835022,34800,1014.0,8,,0.0,0.0,0.0,27.0914607715648,Q5 least disadv
MCKINLAY,MCKINLAY,2009,12,12,0.0,20.916666666666668,2.0,False,34800.0,McKinlay,785.0,1011.0,93.5,1.5436720142602496,34800,1014.0,8,,0.0,0.0,0.0,26.64543524416136,Q5 least disadv
MCKINLAY,MCKINLAY,2010,12,12,0.0,21.0,2.0,False,34800.0,McKinlay,823.0,1044.0,96.35000000000001,1.498010724788099,34800,1014.0,8,,0.0,0.0,0.0,25.51640340218712,Q5 least disadv
MCKINLAY,MCKINLAY,2011,12,12,0.0,21.0,2.0,False,34800.0,McKinlay,834.0,1085.0,99.45,1.4513155689626278,34800,1014.0,8,,0.0,0.0,0.0,25.179856115107913,Q5 least disadv
MCKINLAY,MCKINLAY,2012,12,12,0.0,10.0,1.0,False,34800.0,McKinlay,820.0,1041.0,100.975,1.4293967153585874,34800,1014.0,8,,0.0,0.0,0.0,12.195121951219512,Q5 least disadv
MCKINLAY,MCKINLAY,2013,12,12,0.0,10.0,1.0,False,34800.0,McKinlay,800.0,992.0,103.225,1.3982400904173733,34800,1014.0,8,,0.0,0.0,0.0,12.5,Q5 least disadv
MCKINLAY,MCKINLAY,2014,12,12,0.0,10.0,1.0,False,34800.0,McKinlay,769.0,943.0,106.05,1.360993242181361,34800,1014.0,8,,0.0,0.0,0.0,13.003901170351105,Q5 least disadv
MCKINLAY,MCKINLAY,2015,12,12,0.0,10.0,1.0,False,34800.0,McKinlay,716.0,876.0,107.675,1.3404535252689422,34800,1014.0,8,,0.0,0.0,0.0,13.966480446927374,Q5 least disadv
MCKINLAY,MCKINLAY,2016,12,12,0.0,10.0,1.0,False,34800.0,McKinlay,642.0,816.0,109.35,1.3199207437890568,34800,1014.0,8,,0.0,0.0,0.0,15.576323987538942,Q5 least disadv
MCKINLAY,MCKINLAY,2017,12,12,0.0,10.0,1.0,False,34800.0,McKinlay,623.0,811.0,111.3,1.2967954477388441,34800,1014.0,8,,0.0,0.0,0.0,16.051364365971107,Q5 least disadv
MCKINLAY,MCKINLAY,2018,12,12,0.0,10.0,1.0,False,34800.0,McKinlay,628.0,817.0,113.17500000000001,1.275311096384655,34800,1014.0,8,,0.0,0.0,0.0,15.92356687898089,Q5 least disadv
MCKINLAY,MCKINLAY,2019,12,12,0.0,10.0,1.0,False,34800.0,McKinlay,631.0,822.0,115.175,1.253165472831199,34800,1014.0,8,53785.0,0.0,0.0,0.0,15.847860538827259,Q5 least disadv
MCKINLAY,MCKINLAY,2020,12,12,0.0,10.0,1.0,False,34800.0,McKinlay,641.0,828.0,115.875,1.2455951096727798,34800,1014.0,8,51801.0,0.0,0.0,0.0,15.600624024960998,Q5 least disadv
MCKINLAY,MCKINLAY,2021,12,12,0.0,10.0,1.0,False,34800.0,McKinlay,643.0,838.0,120.175,1.2010262811178145,34800,1014.0,8,54102.0,0.0,0.0,0.0,15.552099533437014,Q5 least disadv
MCKINLAY,MCKINLAY,2022,12,12,0.0,10.0,1.0,False,34800.0,McKinlay,653.0,843.0,128.875,1.1199482702877466,34800,1014.0,8,53855.0,0.0,0.0,0.0,15.313935681470138,Q5 least disadv
MCKINLAY,MCKINLAY,2023,12,12,0.0,10.0,1.0,False,34800.0,McKinlay,659.0,846.0,136.325,1.0587444220306865,34800,1014.0,8,48616.0,0.0,0.0,0.0,15.174506828528072,Q5 least disadv
MCKINLAY,MCKINLAY,2024,12,12,0.0,10.0,1.0,False,34800.0,McKinlay,655.0,849.0,139.85,1.0320581575497558,34800,1014.0,8,,0.0,0.0,0.0,15.267175572519085,Q5 least disadv
MCKINLAY,MCKINLAY,2025,12,12,0.0,10.0,1.0,False,34800.0,McKinlay,663.0,850.0,144.33333333333334,1.0,34800,1014.0,8,,0.0,0.0,0.0,15.082956259426847,Q5 least disadv
MCKINLAY,MCKINLAY,2026,8,8,0.0,10.0,1.0,False,,,,,,,34800,1014.0,8,,,,,,Q5 least disadv
MORETON BAY,MORETON BAY,2004,6,0,70165335.97,2578.3333333333335,63.0,False,35010.0,Moreton Bay,219974.0,312887.0,79.3,1.8200924758301809,35010,992.0,7,,127707400.06309374,580.5567933623689,49530.98903545975,11.721082188501066,Q4
MORETON BAY,MORETON BAY,2005,12,0,137116557.64000002,2685.75,62.083333333333336,True,35010.0,Moreton Bay,227647.0,323085.0,81.425,1.7725923651622149,35010,992.0,7,,243051763.2099888,1067.669519958483,90496.79352508193,11.79787126559981,Q4
MORETON BAY,MORETON BAY,2006,12,0,135043238.11,2922.4166666666665,63.666666666666664,True,35010.0,Moreton Bay,234422.0,331713.0,84.45,1.7090980856522597,35010,992.0,7,,230802139.73408332,984.558359429078,78976.46573352534,12.466477833422914,Q4
MORETON BAY,MORETON BAY,2007,12,0,138508085.96,2967.0,64.66666666666667,True,35010.0,Moreton Bay,243950.0,344545.0,87.025,1.658527243129369,35010,992.0,7,,229719433.95836446,941.6660543486963,77424.81764690409,12.162328345972535,Q4
MORETON BAY,MORETON BAY,2008,12,0,147331734.91,2972.75,63.833333333333336,True,35010.0,Moreton Bay,253289.0,357499.0,91.325,1.5804361711835022,35010,992.0,7,,232848403.01498312,919.299310333189,78327.61013034501,11.736593377525278,Q4
MORETON BAY,MORETON BAY,2009,12,0,148733895.38,3005.25,63.75,True,35010.0,Moreton Bay,262763.0,370447.0,93.5,1.5436720142602496,35010,992.0,7,,229596351.87001783,873.7773273635095,76398.42005490985,11.437112531064114,Q4
MORETON BAY,MORETON BAY,2010,12,0,148621709.23,3000.3333333333335,63.916666666666664,True,35010.0,Moreton Bay,271128.0,381357.0,96.35000000000001,1.498010724788099,35010,992.0,7,,222636914.36287838,821.1505796630314,74204.05989208256,11.066113914215181,Q4
MORETON BAY,MORETON BAY,2011,12,0,155965517.5,3099.1666666666665,64.0,True,35010.0,Moreton Bay,278031.0,390051.0,99.45,1.4513155689626278,35010,992.0,7,,226355183.76906317,814.1364947400224,73037.43493489535,11.146838541985126,Q4
MORETON BAY,MORETON BAY,2012,12,0,163044820.71,3144.5833333333335,65.41666666666667,True,35010.0,Moreton Bay,286761.0,401188.0,100.975,1.4293967153585874,35010,992.0,7,,233055731.1791038,812.7176679503273,74113.3900662315,10.965868208484883,Q4
MORETON BAY,MORETON BAY,2013,12,0,166288220.19,3152.1666666666665,64.16666666666667,True,35010.0,Moreton Bay,294278.0,410687.0,103.225,1.3982400904173733,35010,992.0,7,,232510856.03380966,790.1061446448924,73762.23424114937,10.711526742286772,Q4
MORETON BAY,MORETON BAY,2014,12,0,177166541.2,3139.1666666666665,63.0,True,35010.0,Moreton Bay,301524.0,419764.0,106.05,1.360993242181361,35010,992.0,7,,241122465.31384566,799.6791808076493,76810.97912838195,10.411001003789638,Q4
MORETON BAY,MORETON BAY,2015,12,0,190481088.07,3218.5833333333335,63.5,True,35010.0,Moreton Bay,308992.0,428994.0,107.675,1.3404535252689422,35010,992.0,7,,255331046.00049534,826.3354585248011,79330.25792936706,10.416396972521403,Q4
MORETON BAY,MORETON BAY,2016,12,0,196278675.27,3195.0,62.666666666666664,True,35010.0,Moreton Bay,317220.0,439292.0,109.35,1.3199207437890568,35010,992.0,7,,259072295.05230916,816.6959682627487,81086.79031371178,10.071874408927558,Q4
MORETON BAY,MORETON BAY,2017,12,0,200505948.0,3307.8333333333335,62.75,True,35010.0,Moreton Bay,325017.0,448559.0,111.3,1.2967954477388441,35010,992.0,7,,260015200.6109614,800.0049246992047,78605.89528219723,10.177416360785232,Q4
MORETON BAY,MORETON BAY,2018,12,0,211901043.46,3314.1666666666665,60.333333333333336,True,35010.0,Moreton Bay,332980.0,458013.0,113.17500000000001,1.275311096384655,35010,992.0,7,,270239752.06002504,811.5795304823864,81540.78513251951,9.953050233247241,Q4
MORETON BAY,MORETON BAY,2019,12,0,217176981.78,3311.8333333333335,60.0,True,35010.0,Moreton Bay,341134.0,467314.0,115.175,1.253165472831199,35010,992.0,7,48726.0,272158695.06038636,797.8058330755256,82177.65438892446,9.708306217888962,Q4
MORETON BAY,MORETON BAY,2020,12,4,175229241.75,3227.375,59.5,False,35010.0,Moreton Bay,349461.0,476622.0,115.875,1.2455951096727798,35010,992.0,7,49724.0,218264686.5954693,624.5752361364194,67629.16816157692,9.23529378099416,Q4
MORETON BAY,MORETON BAY,2021,12,0,240276923.98,3172.1666666666665,58.5,True,35010.0,Moreton Bay,356644.0,484353.0,120.175,1.2010262811178145,35010,992.0,7,51737.0,288578900.44612724,809.15114356649,90972.17478467732,8.894490490984474,Q4
MORETON BAY,MORETON BAY,2022,12,0,279437889.84,3256.4166666666665,59.5,True,35010.0,Moreton Bay,365994.0,495849.0,128.875,1.1199482702877466,35010,992.0,7,54073.0,312955981.3791658,855.0850051617399,96104.40352509123,8.897459156889639,Q4
MORETON BAY,MORETON BAY,2023,12,0,295789912.82,3253.5,58.416666666666664,True,35010.0,Moreton Bay,377500.0,509123.0,136.325,1.0587444220306865,35010,992.0,7,57332.0,313165920.291118,829.5785967976636,96255.08538224005,8.618543046357615,Q4
MORETON BAY,MORETON BAY,2024,12,0,322479751.84,3288.5833333333335,59.583333333333336,True,35010.0,Moreton Bay,388032.0,521494.0,139.85,1.0320581575497558,35010,992.0,7,,332817858.5310929,857.7072471628445,101204.02154861805,8.475031268898785,Q4
MORETON BAY,MORETON BAY,2025,12,0,353204091.15999997,3243.3333333333335,59.666666666666664,True,35010.0,Moreton Bay,397584.0,532445.0,144.33333333333334,1.0,35010,992.0,7,,353204091.15999997,888.3760190550927,108901.56973072968,8.157605269159054,Q4
MORETON BAY,MORETON BAY,2026,8,0,237968529.77,3271.125,59.125,False,,,,,,,35010,992.0,7,,,,,,Q4
MOUNT ISA,MOUNT ISA,2004,6,0,9140925.75,506.0,9.0,False,35300.0,Mount Isa,13235.0,19908.0,79.3,1.8200924758301809,35300,972.0,5,,16637330.179697353,1257.070659591791,32880.09916936236,38.231960710238006,Q3
MOUNT ISA,MOUNT ISA,2005,12,0,18510886.63,476.6666666666667,8.166666666666666,True,35300.0,Mount Isa,13444.0,20153.0,81.425,1.7725923651622149,35300,972.0,5,,32812256.31272132,2440.6617310860843,68836.90135535941,35.455717544381635,Q3
MOUNT ISA,MOUNT ISA,2006,12,0,19323011.8,505.9166666666667,9.0,True,35300.0,Mount Isa,13698.0,20374.0,84.45,1.7090980856522597,35300,972.0,5,,33024922.476416025,2410.930243569574,65277.395769558934,36.933615612984866,Q3
MOUNT ISA,MOUNT ISA,2007,12,0,20333159.0,506.0,9.0,True,35300.0,Mount Isa,14008.0,20711.0,87.025,1.658527243129369,35300,972.0,5,,33723098.14038111,2407.4170574229806,66646.43901261089,36.12221587664192,Q3
MOUNT ISA,MOUNT ISA,2008,12,0,21094936.28,493.0,8.5,True,35300.0,Mount Isa,14543.0,21381.0,91.325,1.5804361711835022,35300,972.0,5,,33339200.325723153,2292.456874491037,67625.1527905135,33.89947053565289,Q3
MOUNT ISA,MOUNT ISA,2009,12,0,19417915.38,479.9166666666667,8.0,True,35300.0,Mount Isa,14777.0,21607.0,93.5,1.5436720142602496,35300,972.0,5,,29974892.547379676,2028.4829496771792,62458.536302926914,32.477273239944964,Q3
MOUNT ISA,MOUNT ISA,2010,12,0,20213097.84,466.1666666666667,7.75,True,35300.0,Mount Isa,15031.0,21830.0,96.35000000000001,1.498010724788099,35300,972.0,5,,30279437.345511157,2014.4659267853874,64954.10227853662,31.013682833255718,Q3
MOUNT ISA,MOUNT ISA,2011,12,0,21687537.33,415.1666666666667,6.083333333333333,True,35300.0,Mount Isa,15391.0,22079.0,99.45,1.4513155689626278,35300,972.0,5,,31475460.57948718,2045.0562393273458,75814.03592008151,26.97463885820718,Q3
MOUNT ISA,MOUNT ISA,2012,12,0,23709358.72,428.0833333333333,6.0,True,35300.0,Mount Isa,15344.0,21958.0,100.975,1.4293967153585874,35300,972.0,5,,33890079.47762648,2208.686097342706,79167.01454769667,27.899070212026416,Q3
MOUNT ISA,MOUNT ISA,2013,12,0,24339393.02,436.0,6.0,True,35300.0,Mount Isa,15300.0,21822.0,103.225,1.3982400904173733,35300,972.0,5,,34032315.09698878,2224.3343200646264,78055.76857107518,28.49673202614379,Q3
MOUNT ISA,MOUNT ISA,2014,12,0,24992575.97,439.8333333333333,6.0,True,35300.0,Mount Isa,14925.0,21261.0,106.05,1.360993242181361,35300,972.0,5,,34014726.99987427,2279.043685083703,77335.49147375734,29.469570072585146,Q3
MOUNT ISA,MOUNT ISA,2015,12,0,25041934.52,439.75,6.0,True,35300.0,Mount Isa,14433.0,20586.0,107.675,1.3404535252689422,35300,972.0,5,,33567549.406888016,2325.7499762272582,76333.25618394092,30.468371094020647,Q3
MOUNT ISA,MOUNT ISA,2016,12,0,24508646.16,433.75,6.0,True,35300.0,Mount Isa,13681.0,19606.0,109.35,1.3199207437890568,35300,972.0,5,,32349470.46877001,2364.5545258950374,74580.91174356198,31.704553760690008,Q3
MOUNT ISA,MOUNT ISA,2017,12,0,25384754.82,433.1666666666667,6.0,True,35300.0,Mount Isa,13468.0,19363.0,111.3,1.2967954477388441,35300,972.0,5,,32918834.492542684,2444.2259052971995,75995.77027905198,32.16265716265716,Q3
MOUNT ISA,MOUNT ISA,2018,12,0,25753127.29,433.0,6.0,True,35300.0,Mount Isa,13372.0,19241.0,113.17500000000001,1.275311096384655,35300,972.0,5,,32843248.999543477,2456.1209242853333,75850.45958324129,32.38109482500748,Q3
MOUNT ISA,MOUNT ISA,2019,12,0,26532235.11,410.75,6.0,True,35300.0,Mount Isa,13314.0,19159.0,115.175,1.253165472831199,35300,972.0,5,68134.0,33249280.956891686,2497.317181680313,80947.73209225,30.850983926693704,Q3
MOUNT ISA,MOUNT ISA,2020,12,4,24338546.15,380.75,6.0,False,35300.0,Mount Isa,13490.0,19315.0,115.875,1.2455951096727798,35300,972.0,5,71592.0,30315974.06098526,2247.292369235379,79621.73095465597,28.22461082283173,Q3
MOUNT ISA,MOUNT ISA,2021,12,0,30071174.58,380.9166666666667,6.0,True,35300.0,Mount Isa,13422.0,19217.0,120.175,1.2010262811178145,35300,972.0,5,73441.0,36116270.974661954,2690.8263280183246,94814.10013037485,28.3800228480604,Q3
MOUNT ISA,MOUNT ISA,2022,12,0,31346662.48,381.1666666666667,6.0,True,35300.0,Mount Isa,13277.0,19032.0,128.875,1.1199482702877466,35300,972.0,5,74557.0,35106640.4237698,2644.1696485478496,92103.1231056488,28.70879465742763,Q3
MOUNT ISA,MOUNT ISA,2023,12,0,32563915.07,383.5,6.0,True,35300.0,Mount Isa,13138.0,18901.0,136.325,1.0587444220306865,35300,972.0,5,77025.0,34476863.43984351,2624.2094260803406,89900.55655761021,29.190135484853098,Q3
MOUNT ISA,MOUNT ISA,2024,12,0,35607198.8,390.75,6.0,True,35300.0,Mount Isa,13094.0,18725.0,139.85,1.0320581575497558,35300,972.0,5,,36748699.989035875,2806.529707425987,94046.57706727031,29.8419123262563,Q3
MOUNT ISA,MOUNT ISA,2025,12,0,35218431.29,391.0,6.0,True,35300.0,Mount Isa,13021.0,18585.0,144.33333333333334,1.0,35300,972.0,5,,35218431.29,2704.7409023884493,90072.71429667519,30.028415636279856,Q3
MOUNT ISA,MOUNT ISA,2026,8,0,23992280.87,385.0,6.0,False,,,,,,,35300,972.0,5,,,,,,Q3
MURWEH,MURWEH,2004,6,0,901861.51,72.5,8.0,False,35600.0,Murweh,3400.0,4803.0,79.3,1.8200924758301809,35600,948.0,3,,1641471.3485918455,482.78569076230747,22640.984118508215,21.323529411764707,Q2
MURWEH,MURWEH,2005,12,0,1649064.1300000001,76.0,8.0,True,35600.0,Murweh,3396.0,4774.0,81.425,1.7725923651622149,35600,948.0,3,,2923118.4865008704,860.7533823618581,38462.08534869566,22.37926972909305,Q2
MURWEH,MURWEH,2006,12,0,1549663.28,76.0,8.0,True,35600.0,Murweh,3322.0,4692.0,84.45,1.7090980856522597,35600,948.0,3,,2648526.545253602,797.2686770781463,34849.03349017897,22.87778446718844,Q2
MURWEH,MURWEH,2007,12,0,1471694.47,75.5,8.0,True,35600.0,Murweh,3293.0,4665.0,87.025,1.658527243129369,35600,948.0,3,,2440845.372057838,741.2224026898991,32329.0777756005,22.9274218038263,Q2
MURWEH,MURWEH,2008,12,0,1504942.01,75.0,8.0,True,35600.0,Murweh,3283.0,4668.0,91.325,1.5804361711835022,35600,948.0,3,,2378464.788137604,724.4790704043875,31712.863841834722,22.844958879074017,Q2
MURWEH,MURWEH,2009,12,0,1688210.62,74.91666666666667,8.0,True,35600.0,Murweh,3323.0,4699.0,93.5,1.5436720142602496,35600,948.0,3,,2606043.488270945,784.2442035121712,34785.89750750983,22.544889156384794,Q2
MURWEH,MURWEH,2010,12,0,1550703.02,75.0,8.0,True,35600.0,Murweh,3338.0,4714.0,96.35000000000001,1.498010724788099,35600,948.0,3,,2322969.754921294,695.9166431759418,30972.930065617253,22.468544038346316,Q2
MURWEH,MURWEH,2011,12,0,1634777.9100000001,67.0,7.0,True,35600.0,Murweh,3386.0,4731.0,99.45,1.4513155689626278,35600,948.0,3,,2372578.632579186,700.7024904250402,35411.621381778896,19.78735971647962,Q2
MURWEH,MURWEH,2012,12,0,1687110.8,65.33333333333333,6.833333333333333,True,35600.0,Murweh,3405.0,4737.0,100.975,1.4293967153585874,35600,948.0,3,,2411550.6359659988,708.2380722367103,36911.48932601019,19.187469407733722,Q2
MURWEH,MURWEH,2013,12,10,294930.44999999995,51.666666666666664,5.166666666666667,False,35600.0,Murweh,3378.0,4685.0,103.225,1.3982400904173733,35600,948.0,3,,412383.5790748365,122.07921227792673,7981.6176595129655,15.295046378527728,Q2
MURWEH,MURWEH,2014,12,12,0.0,54.416666666666664,5.0,False,35600.0,Murweh,3377.0,4639.0,106.05,1.360993242181361,35600,948.0,3,,0.0,0.0,0.0,16.11390780771888,Q2
MURWEH,MURWEH,2015,12,12,0.0,60.0,5.0,False,35600.0,Murweh,3309.0,4527.0,107.675,1.3404535252689422,35600,948.0,3,,0.0,0.0,0.0,18.13236627379873,Q2
MURWEH,MURWEH,2016,12,12,0.0,59.833333333333336,5.0,False,35600.0,Murweh,3221.0,4386.0,109.35,1.3199207437890568,35600,948.0,3,,0.0,0.0,0.0,18.576011590603333,Q2
MURWEH,MURWEH,2017,12,12,0.0,60.0,5.0,False,35600.0,Murweh,3191.0,4279.0,111.3,1.2967954477388441,35600,948.0,3,,0.0,0.0,0.0,18.80288310874334,Q2
MURWEH,MURWEH,2018,12,12,0.0,56.083333333333336,4.0,False,35600.0,Murweh,3216.0,4263.0,113.17500000000001,1.275311096384655,35600,948.0,3,,0.0,0.0,0.0,17.438847429519072,Q2
MURWEH,MURWEH,2019,12,12,0.0,56.0,4.0,False,35600.0,Murweh,3201.0,4211.0,115.175,1.253165472831199,35600,948.0,3,46137.0,0.0,0.0,0.0,17.494532958450485,Q2
MURWEH,MURWEH,2020,12,12,0.0,56.375,4.0,False,35600.0,Murweh,3147.0,4106.0,115.875,1.2455951096727798,35600,948.0,3,45505.0,0.0,0.0,0.0,17.913886240864315,Q2
MURWEH,MURWEH,2021,12,12,0.0,54.75,3.5833333333333335,False,35600.0,Murweh,3114.0,4009.0,120.175,1.2010262811178145,35600,948.0,3,49033.0,0.0,0.0,0.0,17.581888246628132,Q2
MURWEH,MURWEH,2022,12,12,0.0,52.916666666666664,3.0,False,35600.0,Murweh,3069.0,3957.0,128.875,1.1199482702877466,35600,948.0,3,54093.0,0.0,0.0,0.0,17.242315629412403,Q2
MURWEH,MURWEH,2023,12,12,0.0,52.833333333333336,3.0,False,35600.0,Murweh,3063.0,3960.0,136.325,1.0587444220306865,35600,948.0,3,55431.0,0.0,0.0,0.0,17.248884535858092,Q2
MURWEH,MURWEH,2024,12,12,0.0,53.0,3.0,False,35600.0,Murweh,3075.0,3988.0,139.85,1.0320581575497558,35600,948.0,3,,0.0,0.0,0.0,17.235772357723576,Q2
MURWEH,MURWEH,2025,12,12,0.0,53.0,3.0,False,35600.0,Murweh,3078.0,4004.0,144.33333333333334,1.0,35600,948.0,3,,0.0,0.0,0.0,17.218973359324238,Q2
MURWEH,MURWEH,2026,8,8,0.0,53.0,3.0,False,,,,,,,35600,948.0,3,,,,,,Q2
NOOSA,NOOSA,2004,6,0,12446680.790000001,544.0,19.5,False,35740.0,Noosa,35375.0,47183.0,79.3,1.8200924758301809,35740,1030.0,9,,22654110.054939054,640.398870810998,41643.584659814434,15.378091872791519,Q5 least disadv
NOOSA,NOOSA,2005,12,0,24192053.96,557.6666666666666,20.0,True,35740.0,Noosa,35794.0,47635.0,81.425,1.7725923651622149,35740,1030.0,9,,42882650.14708833,1198.0401784401947,76896.5633241273,15.579892346948277,Q5 least disadv
NOOSA,NOOSA,2006,12,0,23392698.35,565.75,19.833333333333332,True,35740.0,Noosa,36225.0,48082.0,84.45,1.7090980856522597,35740,1030.0,9,,39980415.96822578,1103.6691778668262,70667.99110601109,15.617667356797792,Q5 least disadv
NOOSA,NOOSA,2007,12,0,23043606.98,554.0,18.333333333333332,True,35740.0,Noosa,36728.0,48595.0,87.025,1.658527243129369,35740,1030.0,9,,38218449.95629609,1040.5807546366827,68986.3717622673,15.083859725549988,Q5 least disadv
NOOSA,NOOSA,2008,12,0,23175750.95,564.3333333333334,18.0,True,35740.0,Noosa,37602.0,49600.0,91.325,1.5804361711835022,35740,1030.0,9,,36627795.09572041,974.0916732014364,64904.53944900249,15.008066946793612,Q5 least disadv
NOOSA,NOOSA,2009,12,0,22207835.71,570.0,18.0,True,35740.0,Noosa,38295.0,50315.0,93.5,1.5436720142602496,35740,1030.0,9,,34281614.4828164,895.1981846929468,60143.18330318666,14.884449667058362,Q5 least disadv
NOOSA,NOOSA,2010,12,0,22374054.98,554.1666666666666,17.416666666666668,True,35740.0,Noosa,38785.0,50770.0,96.35000000000001,1.498010724788099,35740,1030.0,9,,33516574.317038573,864.1633187324629,60481.03636157337,14.288169825104205,Q5 least disadv
NOOSA,NOOSA,2011,12,0,22517942.79,548.5,16.916666666666668,True,35740.0,Noosa,39114.0,51038.0,99.45,1.4513155689626278,35740,1030.0,9,,32680640.95213675,835.5228550426126,59581.843121489066,14.023111929232499,Q5 least disadv
NOOSA,NOOSA,2012,12,0,22967135.91,524.75,16.0,True,35740.0,Noosa,39677.0,51678.0,100.975,1.4293967153585874,35740,1030.0,9,,32829148.63094826,827.4100519431474,62561.50286983947,13.225546286261562,Q5 least disadv
NOOSA,NOOSA,2013,12,0,23028333.87,529.6666666666666,16.0,True,35740.0,Noosa,40372.0,52360.0,103.225,1.3982400904173733,35740,1030.0,9,,32199139.632550262,797.5611719149475,60791.32718543159,13.119653885531225,Q5 least disadv
NOOSA,NOOSA,2014,12,0,25027287.96,516.1666666666666,14.5,True,35740.0,Noosa,41060.0,52988.0,106.05,1.360993242181361,35740,1030.0,9,,34061969.78368694,829.5657521599353,65990.2546664907,12.571034258808247,Q5 least disadv
NOOSA,NOOSA,2015,12,0,25431030.75,507.1666666666667,14.0,True,35740.0,Noosa,41682.0,53497.0,107.675,1.3404535252689422,35740,1030.0,9,,34089114.82006037,817.8377913742232,67214.81725940264,12.167522351774547,Q5 least disadv
NOOSA,NOOSA,2016,12,0,25690242.61,506.0,14.0,True,35740.0,Noosa,42111.0,53922.0,109.35,1.3199207437890568,35740,1030.0,9,,33909084.13391252,805.231035451842,67014.00026464925,12.015862838688228,Q5 least disadv
NOOSA,NOOSA,2017,12,0,25607785.28,504.3333333333333,14.0,True,35740.0,Noosa,42870.0,54688.0,111.3,1.2967954477388441,35740,1030.0,9,,33208059.377777785,774.6223321151805,65845.45811852833,11.76424850322681,Q5 least disadv
NOOSA,NOOSA,2018,12,0,26848057.43,508.3333333333333,13.916666666666666,True,35740.0,Noosa,43701.0,55511.0,113.17500000000001,1.275311096384655,35740,1030.0,9,,34239625.556851484,783.4975299615909,67356.64043970784,11.632075543656514,Q5 least disadv
NOOSA,NOOSA,2019,12,0,27133549.38,514.75,13.083333333333334,True,35740.0,Noosa,44269.0,56045.0,115.175,1.253165472831199,35740,1030.0,9,38518.0,34002827.23837639,768.0956705228576,66056.97375109546,11.627775644356095,Q5 least disadv
NOOSA,NOOSA,2020,12,4,19344338.1,516.625,14.0,False,35740.0,Noosa,44936.0,56662.0,115.875,1.2455951096727798,35740,1030.0,9,38531.0,24095212.937216833,536.2117887043091,46639.65727019953,11.496906711767847,Q5 least disadv
NOOSA,NOOSA,2021,12,0,28172847.66,508.75,13.916666666666666,True,35740.0,Noosa,45241.0,56874.0,120.175,1.2010262811178145,35740,1030.0,9,42425.0,33836330.45358852,747.9129650889354,66508.75764833124,11.245330562984902,Q5 least disadv
NOOSA,NOOSA,2022,12,0,29051006.61,499.3333333333333,12.833333333333334,True,35740.0,Noosa,45329.0,57121.0,128.875,1.1199482702877466,35740,1030.0,9,43562.0,32535624.60298739,717.7662115420015,65158.12670825245,11.015758859302727,Q5 least disadv
NOOSA,NOOSA,2023,12,0,30517402.75,505.0,13.0,True,35740.0,Noosa,46205.0,58147.0,136.325,1.0587444220306865,35740,1030.0,9,45385.0,32310129.936426435,699.2777824137308,63980.45531965631,10.92955307867114,Q5 least disadv
NOOSA,NOOSA,2024,12,0,31406202.82,502.5833333333333,13.0,True,35740.0,Noosa,46937.0,59015.0,139.85,1.0320581575497558,35740,1030.0,9,,32413027.818043146,690.564540086566,64492.84261590413,10.707615172110133,Q5 least disadv
NOOSA,NOOSA,2025,12,0,33859450.05,499.9166666666667,12.916666666666666,True,35740.0,Noosa,47440.0,59551.0,144.33333333333334,1.0,35740,1030.0,9,,33859450.05,713.7320836846542,67730.18846474412,10.537872400224845,Q5 least disadv
NOOSA,NOOSA,2026,8,0,24561718.84,500.25,12.125,False,,,,,,,35740,1030.0,9,,,,,,Q5 least disadv
NORTH BURNETT,NORTH BURNETT,2004,6,0,1544453.08,103.0,11.0,False,35760.0,North Burnett,7754.0,10445.0,79.3,1.8200924758301809,35760,902.0,2,,2811047.4301807485,362.528685862877,27291.722623114063,13.283466597884962,Q1 most disadv
NORTH BURNETT,NORTH BURNETT,2005,12,0,2767050.0,104.75,10.666666666666666,True,35760.0,North Burnett,7747.0,10403.0,81.425,1.7725923651622149,35760,902.0,2,,4904851.704022107,633.1291731021178,46824.359942931806,13.521363108299987,Q1 most disadv
NORTH BURNETT,NORTH BURNETT,2006,12,0,2571387.21,105.33333333333333,10.0,True,35760.0,North Burnett,7746.0,10378.0,84.45,1.7090980856522597,35760,902.0,2,,4394752.9580817055,567.3577276118907,41722.338209636444,13.598416386952405,Q1 most disadv
NORTH BURNETT,NORTH BURNETT,2007,12,0,2824270.68,104.33333333333333,10.0,True,35760.0,North Burnett,7714.0,10322.0,87.025,1.658527243129369,35760,902.0,2,,4684129.864751508,607.224509301466,44895.81340017421,13.525192291072509,Q1 most disadv
NORTH BURNETT,NORTH BURNETT,2008,12,0,2930681.6,106.75,10.0,True,35760.0,North Burnett,7752.0,10335.0,91.325,1.5804361711835022,35760,902.0,2,,4631755.20686194,597.4916417520562,43388.80755842567,13.77063983488132,Q1 most disadv
NORTH BURNETT,NORTH BURNETT,2009,12,0,3181546.23,106.83333333333333,10.0,True,35760.0,North Burnett,7826.0,10377.0,93.5,1.5436720142602496,35760,902.0,2,,4911263.8773262035,627.5573571845391,45971.26874252297,13.651077604565977,Q1 most disadv
NORTH BURNETT,NORTH BURNETT,2010,12,0,2828844.11,98.83333333333333,9.333333333333334,True,35760.0,North Burnett,7853.0,10358.0,96.35000000000001,1.498010724788099,35760,902.0,2,,4237638.8155336445,539.6203763572704,42876.61533423587,12.58542382953436,Q1 most disadv
NORTH BURNETT,NORTH BURNETT,2011,12,0,2964976.5,94.0,9.0,True,35760.0,North Burnett,7801.0,10374.0,99.45,1.4513155689626278,35760,902.0,2,,4303116.556058321,551.610890406143,45777.835702748096,12.049737213177798,Q1 most disadv
NORTH BURNETT,NORTH BURNETT,2012,12,0,2724694.52,94.0,9.0,True,35760.0,North Burnett,7833.0,10408.0,100.975,1.4293967153585874,35760,902.0,2,,3894669.397243543,497.2129959458117,41432.65316216535,12.000510660028086,Q1 most disadv
NORTH BURNETT,NORTH BURNETT,2013,12,0,2647541.13,92.25,8.916666666666666,True,35760.0,North Burnett,7921.0,10487.0,103.225,1.3982400904173733,35760,902.0,2,,3701898.1489949147,467.35237331080856,40128.977224877126,11.646256785759373,Q1 most disadv
NORTH BURNETT,NORTH BURNETT,2014,12,0,2503157.4,91.08333333333333,8.416666666666666,True,35760.0,North Burnett,7974.0,10547.0,106.05,1.360993242181361,35760,902.0,2,,3406780.305516266,427.23605536948406,37402.89447959304,11.422539921411254,Q1 most disadv
NORTH BURNETT,NORTH BURNETT,2015,12,0,2492127.9,88.0,8.0,True,35760.0,North Burnett,8071.0,10607.0,107.675,1.3404535252689422,35760,902.0,2,,3340581.6289760857,413.8993469181125,37961.15487472824,10.90323380002478,Q1 most disadv
NORTH BURNETT,NORTH BURNETT,2016,12,0,2619747.84,83.0,8.0,True,35760.0,North Burnett,8144.0,10646.0,109.35,1.3199207437890568,35760,902.0,2,,3457859.517512575,424.58982287728077,41660.95804232018,10.19155206286837,Q1 most disadv
NORTH BURNETT,NORTH BURNETT,2017,12,0,2471764.41,82.66666666666667,7.916666666666667,True,35760.0,North Burnett,8141.0,10556.0,111.3,1.2967954477388441,35760,902.0,2,,3205372.83477089,393.73207649808256,38774.671388357536,10.154362690906114,Q1 most disadv
NORTH BURNETT,NORTH BURNETT,2018,12,0,2695360.68,83.0,8.0,True,35760.0,North Burnett,8081.0,10406.0,113.17500000000001,1.275311096384655,35760,902.0,2,,3437423.3839628897,425.371041203179,41414.739565817945,10.27100606360599,Q1 most disadv
NORTH BURNETT,NORTH BURNETT,2019,12,0,3026526.85,83.25,8.0,True,35760.0,North Burnett,8008.0,10268.0,115.175,1.253165472831199,35760,902.0,2,27742.0,3792738.951016569,473.6187501269442,45558.42583803686,10.395854145854146,Q1 most disadv
NORTH BURNETT,NORTH BURNETT,2020,12,4,2473797.98,83.0,8.0,False,35760.0,North Burnett,8026.0,10206.0,115.875,1.2455951096727798,35760,902.0,2,28083.0,3081350.666206401,383.92108973416407,37124.706821763866,10.341390480936955,Q1 most disadv
NORTH BURNETT,NORTH BURNETT,2021,12,0,3827671.88,83.0,8.0,True,35760.0,North Burnett,8010.0,10142.0,120.175,1.2010262811178145,35760,902.0,2,35796.0,4597134.523375633,573.9244099095672,55387.16293223654,10.362047440699126,Q1 most disadv
NORTH BURNETT,NORTH BURNETT,2022,12,0,3830201.89,75.41666666666667,7.333333333333333,True,35760.0,North Burnett,8040.0,10195.0,128.875,1.1199482702877466,35760,902.0,2,39040.0,4289627.981558358,533.5358186017859,56879.045059337346,9.380182421227198,Q1 most disadv
NORTH BURNETT,NORTH BURNETT,2023,12,0,4520192.96,57.0,6.0,True,35760.0,North Burnett,8212.0,10327.0,136.325,1.0587444220306865,35760,902.0,2,34094.0,4785729.082902378,582.7726598760812,83960.15934916453,6.94106186069167,Q1 most disadv
NORTH BURNETT,NORTH BURNETT,2024,12,0,5146980.39,57.0,6.0,True,35760.0,North Burnett,8306.0,10449.0,139.85,1.0320581575497558,35760,902.0,2,,5311983.098248123,639.5356487175684,93192.6859341776,6.8625090296171445,Q1 most disadv
NORTH BURNETT,NORTH BURNETT,2025,12,6,2358201.69,54.5,5.5,False,35760.0,North Burnett,8460.0,10562.0,144.33333333333334,1.0,35760,902.0,2,,2358201.69,278.74724468085105,43269.755779816514,6.442080378250591,Q1 most disadv
NORTH BURNETT,NORTH BURNETT,2026,8,8,0.0,46.75,4.125,False,,,,,,,35760,902.0,2,,,,,,Q1 most disadv
PAROO,PAROO,2004,6,6,0.0,25.0,2.0,False,35800.0,Paroo,1502.0,2075.0,79.3,1.8200924758301809,35800,866.0,1,,0.0,0.0,0.0,16.644474034620504,Q1 most disadv
PAROO,PAROO,2005,12,12,0.0,25.0,2.0,False,35800.0,Paroo,1483.0,2042.0,81.425,1.7725923651622149,35800,866.0,1,,0.0,0.0,0.0,16.857720836142953,Q1 most disadv
PAROO,PAROO,2006,12,12,0.0,25.0,2.0,False,35800.0,Paroo,1451.0,1991.0,84.45,1.7090980856522597,35800,866.0,1,,0.0,0.0,0.0,17.22949689869056,Q1 most disadv
PAROO,PAROO,2007,12,12,0.0,24.0,2.0,False,35800.0,Paroo,1411.0,1946.0,87.025,1.658527243129369,35800,866.0,1,,0.0,0.0,0.0,17.00921332388377,Q1 most disadv
PAROO,PAROO,2008,12,12,0.0,23.0,2.0,False,35800.0,Paroo,1385.0,1921.0,91.325,1.5804361711835022,35800,866.0,1,,0.0,0.0,0.0,16.60649819494585,Q1 most disadv
PAROO,PAROO,2009,12,12,0.0,23.0,2.0,False,35800.0,Paroo,1367.0,1909.0,93.5,1.5436720142602496,35800,866.0,1,,0.0,0.0,0.0,16.825164594001464,Q1 most disadv
PAROO,PAROO,2010,12,12,0.0,23.0,2.0,False,35800.0,Paroo,1379.0,1924.0,96.35000000000001,1.498010724788099,35800,866.0,1,,0.0,0.0,0.0,16.678752719361857,Q1 most disadv
PAROO,PAROO,2011,12,12,0.0,22.5,1.1666666666666667,False,35800.0,Paroo,1410.0,1937.0,99.45,1.4513155689626278,35800,866.0,1,,0.0,0.0,0.0,15.957446808510639,Q1 most disadv
PAROO,PAROO,2012,12,12,0.0,23.0,1.0,False,35800.0,Paroo,1411.0,1903.0,100.975,1.4293967153585874,35800,866.0,1,,0.0,0.0,0.0,16.30049610205528,Q1 most disadv
PAROO,PAROO,2013,12,12,0.0,23.75,1.0,False,35800.0,Paroo,1399.0,1849.0,103.225,1.3982400904173733,35800,866.0,1,,0.0,0.0,0.0,16.97641172265904,Q1 most disadv
PAROO,PAROO,2014,12,12,0.0,24.0,1.0,False,35800.0,Paroo,1387.0,1807.0,106.05,1.360993242181361,35800,866.0,1,,0.0,0.0,0.0,17.303532804614274,Q1 most disadv
PAROO,PAROO,2015,12,12,0.0,24.0,1.0,False,35800.0,Paroo,1339.0,1734.0,107.675,1.3404535252689422,35800,866.0,1,,0.0,0.0,0.0,17.923823749066468,Q1 most disadv
PAROO,PAROO,2016,12,12,0.0,23.833333333333332,1.0,False,35800.0,Paroo,1275.0,1668.0,109.35,1.3199207437890568,35800,866.0,1,,0.0,0.0,0.0,18.692810457516337,Q1 most disadv
PAROO,PAROO,2017,12,12,0.0,24.0,1.0,False,35800.0,Paroo,1275.0,1679.0,111.3,1.2967954477388441,35800,866.0,1,,0.0,0.0,0.0,18.823529411764707,Q1 most disadv
PAROO,PAROO,2018,12,12,0.0,24.166666666666668,1.0,False,35800.0,Paroo,1269.0,1666.0,113.17500000000001,1.275311096384655,35800,866.0,1,,0.0,0.0,0.0,19.04386656159706,Q1 most disadv
PAROO,PAROO,2019,12,12,0.0,25.0,1.0,False,35800.0,Paroo,1265.0,1671.0,115.175,1.253165472831199,35800,866.0,1,37753.0,0.0,0.0,0.0,19.76284584980237,Q1 most disadv
PAROO,PAROO,2020,12,12,0.0,25.0,1.0,False,35800.0,Paroo,1263.0,1683.0,115.875,1.2455951096727798,35800,866.0,1,39421.0,0.0,0.0,0.0,19.79414093428345,Q1 most disadv
PAROO,PAROO,2021,12,12,0.0,25.0,1.0,False,35800.0,Paroo,1263.0,1707.0,120.175,1.2010262811178145,35800,866.0,1,44664.0,0.0,0.0,0.0,19.79414093428345,Q1 most disadv
PAROO,PAROO,2022,12,12,0.0,25.0,1.0,False,35800.0,Paroo,1259.0,1710.0,128.875,1.1199482702877466,35800,866.0,1,45201.0,0.0,0.0,0.0,19.857029388403493,Q1 most disadv
PAROO,PAROO,2023,12,12,0.0,25.0,1.0,False,35800.0,Paroo,1285.0,1719.0,136.325,1.0587444220306865,35800,866.0,1,48120.0,0.0,0.0,0.0,19.455252918287936,Q1 most disadv
PAROO,PAROO,2024,12,12,0.0,25.0,1.0,False,35800.0,Paroo,1271.0,1722.0,139.85,1.0320581575497558,35800,866.0,1,,0.0,0.0,0.0,19.66955153422502,Q1 most disadv
PAROO,PAROO,2025,12,12,0.0,25.0,1.0,False,35800.0,Paroo,1259.0,1724.0,144.33333333333334,1.0,35800,866.0,1,,0.0,0.0,0.0,19.857029388403493,Q1 most disadv
PAROO,PAROO,2026,8,8,0.0,25.0,1.0,False,,,,,,,35800,866.0,1,,,,,,Q1 most disadv
QUILPIE,QUILPIE,2004,6,6,0.0,5.0,1.0,False,36150.0,Quilpie,757.0,1025.0,79.3,1.8200924758301809,36150,998.0,7,,0.0,0.0,0.0,6.605019815059445,Q4
QUILPIE,QUILPIE,2005,12,12,0.0,5.0,1.0,False,36150.0,Quilpie,751.0,1019.0,81.425,1.7725923651622149,36150,998.0,7,,0.0,0.0,0.0,6.657789613848203,Q4
QUILPIE,QUILPIE,2006,12,12,0.0,5.833333333333333,1.0,False,36150.0,Quilpie,753.0,1012.0,84.45,1.7090980856522597,36150,998.0,7,,0.0,0.0,0.0,7.746790615316511,Q4
QUILPIE,QUILPIE,2007,12,12,0.0,6.0,1.0,False,36150.0,Quilpie,726.0,994.0,87.025,1.658527243129369,36150,998.0,7,,0.0,0.0,0.0,8.264462809917354,Q4
QUILPIE,QUILPIE,2008,12,12,0.0,6.0,1.0,False,36150.0,Quilpie,717.0,992.0,91.325,1.5804361711835022,36150,998.0,7,,0.0,0.0,0.0,8.368200836820083,Q4
QUILPIE,QUILPIE,2009,12,12,0.0,6.0,1.0,False,36150.0,Quilpie,722.0,996.0,93.5,1.5436720142602496,36150,998.0,7,,0.0,0.0,0.0,8.310249307479225,Q4
QUILPIE,QUILPIE,2010,12,12,0.0,6.0,1.0,False,36150.0,Quilpie,730.0,1003.0,96.35000000000001,1.498010724788099,36150,998.0,7,,0.0,0.0,0.0,8.219178082191782,Q4
QUILPIE,QUILPIE,2011,12,12,0.0,6.0,1.0,False,36150.0,Quilpie,736.0,1007.0,99.45,1.4513155689626278,36150,998.0,7,,0.0,0.0,0.0,8.152173913043478,Q4
QUILPIE,QUILPIE,2012,12,12,0.0,6.0,1.0,False,36150.0,Quilpie,731.0,983.0,100.975,1.4293967153585874,36150,998.0,7,,0.0,0.0,0.0,8.207934336525307,Q4
QUILPIE,QUILPIE,2013,12,12,0.0,6.0,1.0,False,36150.0,Quilpie,713.0,944.0,103.225,1.3982400904173733,36150,998.0,7,,0.0,0.0,0.0,8.415147265077138,Q4
QUILPIE,QUILPIE,2014,12,12,0.0,6.0,1.0,False,36150.0,Quilpie,691.0,915.0,106.05,1.360993242181361,36150,998.0,7,,0.0,0.0,0.0,8.683068017366136,Q4
QUILPIE,QUILPIE,2015,12,12,0.0,6.0,1.0,False,36150.0,Quilpie,657.0,868.0,107.675,1.3404535252689422,36150,998.0,7,,0.0,0.0,0.0,9.132420091324201,Q4
QUILPIE,QUILPIE,2016,12,12,0.0,6.0,1.0,False,36150.0,Quilpie,632.0,825.0,109.35,1.3199207437890568,36150,998.0,7,,0.0,0.0,0.0,9.49367088607595,Q4
QUILPIE,QUILPIE,2017,12,12,0.0,6.0,1.0,False,36150.0,Quilpie,615.0,805.0,111.3,1.2967954477388441,36150,998.0,7,,0.0,0.0,0.0,9.75609756097561,Q4
QUILPIE,QUILPIE,2018,12,12,0.0,6.0,1.0,False,36150.0,Quilpie,582.0,772.0,113.17500000000001,1.275311096384655,36150,998.0,7,,0.0,0.0,0.0,10.309278350515465,Q4
QUILPIE,QUILPIE,2019,12,12,0.0,6.0,1.0,False,36150.0,Quilpie,564.0,742.0,115.175,1.253165472831199,36150,998.0,7,45940.0,0.0,0.0,0.0,10.638297872340425,Q4
QUILPIE,QUILPIE,2020,12,12,0.0,6.0,1.0,False,36150.0,Quilpie,549.0,721.0,115.875,1.2455951096727798,36150,998.0,7,49906.0,0.0,0.0,0.0,10.92896174863388,Q4
QUILPIE,QUILPIE,2021,12,12,0.0,6.0,1.0,False,36150.0,Quilpie,546.0,702.0,120.175,1.2010262811178145,36150,998.0,7,53561.0,0.0,0.0,0.0,10.989010989010989,Q4
QUILPIE,QUILPIE,2022,12,12,0.0,6.0,1.0,False,36150.0,Quilpie,532.0,703.0,128.875,1.1199482702877466,36150,998.0,7,53720.0,0.0,0.0,0.0,11.278195488721805,Q4
QUILPIE,QUILPIE,2023,12,12,0.0,6.0,1.0,False,36150.0,Quilpie,523.0,713.0,136.325,1.0587444220306865,36150,998.0,7,56491.0,0.0,0.0,0.0,11.47227533460803,Q4
QUILPIE,QUILPIE,2024,12,12,0.0,6.0,1.0,False,36150.0,Quilpie,537.0,714.0,139.85,1.0320581575497558,36150,998.0,7,,0.0,0.0,0.0,11.1731843575419,Q4
QUILPIE,QUILPIE,2025,12,12,0.0,6.0,1.0,False,36150.0,Quilpie,528.0,720.0,144.33333333333334,1.0,36150,998.0,7,,0.0,0.0,0.0,11.363636363636363,Q4
QUILPIE,QUILPIE,2026,8,8,0.0,6.0,1.0,False,,,,,,,36150,998.0,7,,,,,,Q4
REDLAND,REDLAND,2004,6,0,27484406.35,1116.6666666666667,28.0,False,36250.0,Redland,89785.0,126010.0,79.3,1.8200924758301809,36250,1024.0,8,,50024161.20029425,557.1549947128613,44797.75629877097,12.437118301126766,Q5 least disadv
REDLAND,REDLAND,2005,12,0,53920684.74,1160.1666666666667,28.416666666666668,True,36250.0,Redland,92020.0,128654.0,81.425,1.7725923651622149,36250,1024.0,8,,95579394.09444275,1038.6806574053767,82384.1925824819,12.607766427588206,Q5 least disadv
REDLAND,REDLAND,2006,12,0,53451820.81,1163.75,29.25,True,36250.0,Redland,93785.0,130760.0,84.45,1.7090980856522597,36250,1024.0,8,,91354404.62099862,974.0833248493749,78500.02545306004,12.408700751719358,Q5 least disadv
REDLAND,REDLAND,2007,12,0,54286538.55,1228.0,30.0,True,36250.0,Redland,96136.0,133596.0,87.025,1.658527243129369,36250,1024.0,8,,90035703.1203677,936.5451352289226,73318.97648238413,12.773570774735791,Q5 least disadv
REDLAND,REDLAND,2008,12,0,56996747.53,1235.1666666666667,30.0,True,36250.0,Redland,98641.0,136771.0,91.325,1.5804361711835022,36250,1024.0,8,,90079721.43622594,913.2077071017725,72929.20369954873,12.52183845121873,Q5 least disadv
REDLAND,REDLAND,2009,12,0,56810965.5,1255.9166666666667,30.0,True,36250.0,Redland,101116.0,139859.0,93.5,1.5436720142602496,36250,1024.0,8,,87697497.54545455,867.2959526232697,69827.48129158348,12.420553291928742,Q5 least disadv
REDLAND,REDLAND,2010,12,0,54316055.66,1254.75,30.0,True,36250.0,Redland,102764.0,141552.0,96.35000000000001,1.498010724788099,36250,1024.0,8,,81366033.90686733,791.7756598309459,64846.41076458842,12.210015180413375,Q5 least disadv
REDLAND,REDLAND,2011,12,0,55756888.2,1303.5,29.5,True,36250.0,Redland,104920.0,143711.0,99.45,1.4513155689626278,36250,1024.0,8,,80920839.92156863,771.2622943344322,62079.662387087556,12.423751429660694,Q5 least disadv
REDLAND,REDLAND,2012,12,0,56884902.879999995,1312.9166666666667,29.0,True,36250.0,Redland,106805.0,145719.0,100.975,1.4293967153585874,36250,1024.0,8,,81311093.33016424,761.3041836071742,61931.64836318444,12.292651717304121,Q5 least disadv
REDLAND,REDLAND,2013,12,0,59129976.61,1313.6666666666667,28.166666666666668,True,36250.0,Redland,108320.0,147328.0,103.225,1.3982400904173733,36250,1024.0,8,,82677903.84154357,763.2745923333048,62936.744867960086,12.127646479566717,Q5 least disadv
REDLAND,REDLAND,2014,12,0,62891217.84,1290.0833333333333,28.0,True,36250.0,Redland,109721.0,148833.0,106.05,1.360993242181361,36250,1024.0,8,,85594522.47279586,780.1106668075926,66348.05695197664,11.757852492534093,Q5 least disadv
REDLAND,REDLAND,2015,12,0,66150203.199999996,1240.6666666666667,27.333333333333332,True,36250.0,Redland,111130.0,150107.0,107.675,1.3404535252689422,36250,1024.0,8,,88671273.07669686,797.9058137019424,71470.66610158264,11.164102102642552,Q5 least disadv
REDLAND,REDLAND,2016,12,0,67851487.32,1221.1666666666667,27.0,True,36250.0,Redland,113036.0,152216.0,109.35,1.3199207437890568,36250,1024.0,8,,89558585.61060815,792.3014403429717,73338.54424234323,10.803342887811553,Q5 least disadv
REDLAND,REDLAND,2017,12,0,68855763.9,1203.25,26.916666666666668,True,36250.0,Redland,115452.0,154656.0,111.3,1.2967954477388441,36250,1024.0,8,,89291841.17610064,773.4109515305117,74208.88524920061,10.422080171846309,Q5 least disadv
REDLAND,REDLAND,2018,12,0,69539022.05,1188.8333333333333,27.0,True,36250.0,Redland,117498.0,156885.0,113.17500000000001,1.275311096384655,36250,1024.0,8,,88683886.4521022,754.7693275809137,74597.40904424692,10.1179027160746,Q5 least disadv
REDLAND,REDLAND,2019,12,0,69480532.66,1210.6666666666667,27.0,True,36250.0,Redland,119436.0,158937.0,115.175,1.253165472831199,36250,1024.0,8,50793.0,87070604.56343246,729.014740642959,71919.55222750477,10.136530582627238,Q5 least disadv
REDLAND,REDLAND,2020,12,4,53804168.13,1221.25,27.0,False,36250.0,Redland,120983.0,160418.0,115.875,1.2455951096727798,36250,1024.0,8,51661.0,67018208.702740036,553.9473207205974,54876.73179344118,10.094393427175719,Q5 least disadv
REDLAND,REDLAND,2021,12,0,71787189.63,1198.0,26.666666666666668,True,36250.0,Redland,122309.0,161709.0,120.175,1.2010262811178145,36250,1024.0,8,53729.0,86218301.39321823,704.921971344858,71968.53204776146,9.794863828499947,Q5 least disadv
REDLAND,REDLAND,2022,12,0,83187044.71000001,1160.25,25.5,True,36250.0,Redland,123662.0,163490.0,128.875,1.1199482702877466,36250,1024.0,8,56231.0,93165186.83331394,753.3857355801616,80297.51073761166,9.382429525642477,Q5 least disadv
REDLAND,REDLAND,2023,12,0,87287957.16,1132.3333333333333,26.0,True,36250.0,Redland,126121.0,166557.0,136.325,1.0587444220306865,36250,1024.0,8,59533.0,92415637.75360352,732.7537662530706,81615.22321483973,8.978150611978444,Q5 least disadv
REDLAND,REDLAND,2024,12,0,92414392.12,1119.1666666666667,25.5,True,36250.0,Redland,129139.0,169940.0,139.85,1.0320581575497558,36250,1024.0,8,,95377027.26244788,738.5609867077171,85221.46888677398,8.66637241009042,Q5 least disadv
REDLAND,REDLAND,2025,12,0,102652766.08,1099.0833333333333,24.666666666666668,True,36250.0,Redland,131797.0,172831.0,144.33333333333334,1.0,36250,1024.0,8,,102652766.08,778.8702783826642,93398.5285434832,8.339213588574347,Q5 least disadv
REDLAND,REDLAND,2026,8,0,70733613.01,1123.375,25.75,False,,,,,,,36250,1024.0,8,,,,,,Q5 least disadv
RICHMOND,RICHMOND,2004,6,6,0.0,6.0,1.0,False,36300.0,Richmond,693.0,1007.0,79.3,1.8200924758301809,36300,1009.0,8,,0.0,0.0,0.0,8.658008658008658,Q5 least disadv
RICHMOND,RICHMOND,2005,12,12,0.0,8.0,1.0,False,36300.0,Richmond,680.0,975.0,81.425,1.7725923651622149,36300,1009.0,8,,0.0,0.0,0.0,11.764705882352942,Q5 least disadv
RICHMOND,RICHMOND,2006,12,12,0.0,8.0,1.0,False,36300.0,Richmond,660.0,935.0,84.45,1.7090980856522597,36300,1009.0,8,,0.0,0.0,0.0,12.121212121212121,Q5 least disadv
RICHMOND,RICHMOND,2007,12,12,0.0,8.0,1.0,False,36300.0,Richmond,653.0,908.0,87.025,1.658527243129369,36300,1009.0,8,,0.0,0.0,0.0,12.251148545176111,Q5 least disadv
RICHMOND,RICHMOND,2008,12,12,0.0,8.0,1.0,False,36300.0,Richmond,663.0,895.0,91.325,1.5804361711835022,36300,1009.0,8,,0.0,0.0,0.0,12.066365007541478,Q5 least disadv
RICHMOND,RICHMOND,2009,12,12,0.0,8.0,1.0,False,36300.0,Richmond,674.0,898.0,93.5,1.5436720142602496,36300,1009.0,8,,0.0,0.0,0.0,11.869436201780415,Q5 least disadv
RICHMOND,RICHMOND,2010,12,12,0.0,8.0,1.0,False,36300.0,Richmond,662.0,873.0,96.35000000000001,1.498010724788099,36300,1009.0,8,,0.0,0.0,0.0,12.084592145015106,Q5 least disadv
RICHMOND,RICHMOND,2011,12,12,0.0,8.0,1.0,False,36300.0,Richmond,643.0,847.0,99.45,1.4513155689626278,36300,1009.0,8,,0.0,0.0,0.0,12.441679626749611,Q5 least disadv
RICHMOND,RICHMOND,2012,12,12,0.0,8.0,1.0,False,36300.0,Richmond,614.0,841.0,100.975,1.4293967153585874,36300,1009.0,8,,0.0,0.0,0.0,13.029315960912053,Q5 least disadv
RICHMOND,RICHMOND,2013,12,12,0.0,8.0,1.0,False,36300.0,Richmond,620.0,839.0,103.225,1.3982400904173733,36300,1009.0,8,,0.0,0.0,0.0,12.903225806451612,Q5 least disadv
RICHMOND,RICHMOND,2014,12,12,0.0,8.0,1.0,False,36300.0,Richmond,605.0,838.0,106.05,1.360993242181361,36300,1009.0,8,,0.0,0.0,0.0,13.223140495867769,Q5 least disadv
RICHMOND,RICHMOND,2015,12,12,0.0,8.0,1.0,False,36300.0,Richmond,594.0,820.0,107.675,1.3404535252689422,36300,1009.0,8,,0.0,0.0,0.0,13.468013468013469,Q5 least disadv
RICHMOND,RICHMOND,2016,12,12,0.0,8.0,1.0,False,36300.0,Richmond,629.0,806.0,109.35,1.3199207437890568,36300,1009.0,8,,0.0,0.0,0.0,12.718600953895072,Q5 least disadv
RICHMOND,RICHMOND,2017,12,12,0.0,8.0,1.0,False,36300.0,Richmond,607.0,791.0,111.3,1.2967954477388441,36300,1009.0,8,,0.0,0.0,0.0,13.179571663920923,Q5 least disadv
RICHMOND,RICHMOND,2018,12,12,0.0,8.0,1.0,False,36300.0,Richmond,599.0,785.0,113.17500000000001,1.275311096384655,36300,1009.0,8,,0.0,0.0,0.0,13.35559265442404,Q5 least disadv
RICHMOND,RICHMOND,2019,12,12,0.0,8.0,1.0,False,36300.0,Richmond,589.0,777.0,115.175,1.253165472831199,36300,1009.0,8,51396.0,0.0,0.0,0.0,13.582342954159593,Q5 least disadv
RICHMOND,RICHMOND,2020,12,12,0.0,8.0,1.0,False,36300.0,Richmond,577.0,769.0,115.875,1.2455951096727798,36300,1009.0,8,48443.0,0.0,0.0,0.0,13.864818024263432,Q5 least disadv
RICHMOND,RICHMOND,2021,12,12,0.0,8.0,1.0,False,36300.0,Richmond,578.0,769.0,120.175,1.2010262811178145,36300,1009.0,8,52828.0,0.0,0.0,0.0,13.84083044982699,Q5 least disadv
RICHMOND,RICHMOND,2022,12,12,0.0,8.0,1.0,False,36300.0,Richmond,583.0,775.0,128.875,1.1199482702877466,36300,1009.0,8,56508.0,0.0,0.0,0.0,13.722126929674099,Q5 least disadv
RICHMOND,RICHMOND,2023,12,12,0.0,8.0,1.0,False,36300.0,Richmond,589.0,779.0,136.325,1.0587444220306865,36300,1009.0,8,55257.0,0.0,0.0,0.0,13.582342954159593,Q5 least disadv
RICHMOND,RICHMOND,2024,12,12,0.0,8.0,1.0,False,36300.0,Richmond,588.0,785.0,139.85,1.0320581575497558,36300,1009.0,8,,0.0,0.0,0.0,13.605442176870747,Q5 least disadv
RICHMOND,RICHMOND,2025,12,12,0.0,8.0,1.0,False,36300.0,Richmond,589.0,788.0,144.33333333333334,1.0,36300,1009.0,8,,0.0,0.0,0.0,13.582342954159593,Q5 least disadv
RICHMOND,RICHMOND,2026,8,8,0.0,8.0,1.0,False,,,,,,,36300,1009.0,8,,,,,,Q5 least disadv
ROCKHAMPTON,ROCKHAMPTON,2004,6,0,17794489.91,960.0,41.666666666666664,False,36370.0,Rockhampton,50914.0,72420.0,79.3,1.8200924758301809,36370,949.0,3,,32387617.196427073,636.1239972586533,33737.1012462782,18.85532466512158,Q2
ROCKHAMPTON,ROCKHAMPTON,2005,12,0,37406865.2,967.5833333333334,40.166666666666664,True,36370.0,Rockhampton,51639.0,73185.0,81.425,1.7725923651622149,36370,949.0,3,,66307123.65817215,1284.0512724524517,68528.5921882754,18.7374529586811,Q2
ROCKHAMPTON,ROCKHAMPTON,2006,12,0,39306185.26,987.9166666666666,39.166666666666664,True,36370.0,Rockhampton,52419.0,74204.0,84.45,1.7090980856522597,36370,949.0,3,,67178125.98215906,1281.5606169930572,67999.79011268738,18.846537832974047,Q2
ROCKHAMPTON,ROCKHAMPTON,2007,12,0,40282388.76,1007.4166666666666,38.0,True,36370.0,Rockhampton,53231.0,75195.0,87.025,1.658527243129369,36370,949.0,3,,66809439.17678828,1255.0851792524709,66317.58376387288,18.925375564364124,Q2
ROCKHAMPTON,ROCKHAMPTON,2008,12,0,42436900.94,1062.75,39.916666666666664,True,36370.0,Rockhampton,54137.0,76272.0,91.325,1.5804361711835022,36370,949.0,3,,67068813.23850716,1238.871995834774,63108.73981510907,19.63075161165192,Q2
ROCKHAMPTON,ROCKHAMPTON,2009,12,0,42512157.5,1064.5833333333333,40.0,True,36370.0,Rockhampton,55148.0,77448.0,93.5,1.5436720142602496,36370,949.0,3,,65624827.79857398,1189.976568480706,61643.67386167419,19.304114987548655,Q2
ROCKHAMPTON,ROCKHAMPTON,2010,12,0,42118500.51,1061.25,40.166666666666664,True,36370.0,Rockhampton,55864.0,78193.0,96.35000000000001,1.498010724788099,36370,949.0,3,,63093965.47597301,1129.4208340966097,59452.4998595741,18.997028497780324,Q2
ROCKHAMPTON,ROCKHAMPTON,2011,12,0,47847137.74,1063.1666666666667,40.083333333333336,True,36370.0,Rockhampton,56422.0,78939.0,99.45,1.4513155689626278,36370,949.0,3,,69441295.93236132,1230.7485720527688,65315.53152440318,18.84312265901008,Q2
ROCKHAMPTON,ROCKHAMPTON,2012,12,0,51968553.72,1058.9166666666667,39.416666666666664,True,36370.0,Rockhampton,57838.0,80555.0,100.975,1.4293967153585874,36370,949.0,3,,74283679.98930429,1284.340398860685,70150.63822079574,18.308320942402343,Q2
ROCKHAMPTON,ROCKHAMPTON,2013,12,0,50965914.33,1059.3333333333333,39.833333333333336,True,36370.0,Rockhampton,58824.0,81745.0,103.225,1.3982400904173733,36370,949.0,3,,71262584.6609833,1211.4542476027352,67271.16236090305,18.00852259848588,Q2
ROCKHAMPTON,ROCKHAMPTON,2014,12,0,50351149.55,1051.9166666666667,37.916666666666664,True,36370.0,Rockhampton,59051.0,82136.0,106.05,1.360993242181361,36370,949.0,3,,68527574.27361308,1160.4811819209342,65145.44017138215,17.813697764079638,Q2
ROCKHAMPTON,ROCKHAMPTON,2015,12,0,52308149.769999996,1016.3333333333334,35.5,True,36370.0,Rockhampton,58994.0,82026.0,107.675,1.3404535252689422,36370,949.0,3,,70116643.75949231,1188.5385591669035,68989.81019300653,17.227740674192855,Q2
ROCKHAMPTON,ROCKHAMPTON,2016,12,0,49835852.91,979.0,32.333333333333336,True,36370.0,Rockhampton,58392.0,81322.0,109.35,1.3199207437890568,36370,949.0,3,,65779376.040329225,1126.5134956899785,67190.37389206253,16.765995341827647,Q2
ROCKHAMPTON,ROCKHAMPTON,2017,12,0,46103329.93,915.5833333333334,31.916666666666668,True,36370.0,Rockhampton,58545.0,81322.0,111.3,1.2967954477388441,36370,949.0,3,,59786588.37882601,1021.2074195717142,65298.90420914827,15.638967176246194,Q2
ROCKHAMPTON,ROCKHAMPTON,2018,12,0,48564220.870000005,910.6666666666666,30.333333333333332,True,36370.0,Rockhampton,58759.0,81406.0,113.17500000000001,1.275311096384655,36370,949.0,3,,61934489.76278625,1054.0426107113165,68010.054644348,15.498335006835832,Q2
ROCKHAMPTON,ROCKHAMPTON,2019,12,0,52174154.87,904.25,29.083333333333332,True,36370.0,Rockhampton,59185.0,81842.0,115.175,1.253165472831199,36370,949.0,3,51473.0,65382849.457231745,1104.71993676154,72306.16473014293,15.278364450451972,Q2
ROCKHAMPTON,ROCKHAMPTON,2020,12,4,48346167.3,884.25,28.0,False,36370.0,Rockhampton,59762.0,82352.0,115.875,1.2455951096727798,36370,949.0,3,53279.0,60219749.56030206,1007.6595421890509,68102.62884964891,14.796191559854089,Q2
ROCKHAMPTON,ROCKHAMPTON,2021,12,0,64940785.88,882.3333333333334,27.583333333333332,True,36370.0,Rockhampton,60373.0,82882.0,120.175,1.2010262811178145,36370,949.0,3,54715.0,77995590.55832468,1291.895227308974,88396.96700981262,14.614700832049648,Q2
ROCKHAMPTON,ROCKHAMPTON,2022,12,0,68605982.69,858.4166666666666,26.166666666666668,True,36370.0,Rockhampton,60789.0,83508.0,128.875,1.1199482702877466,36370,949.0,3,56702.0,76835151.64505658,1263.9647246221616,89507.99143196573,14.121250006854309,Q2
ROCKHAMPTON,ROCKHAMPTON,2023,12,0,70669157.7,854.25,26.0,True,36370.0,Rockhampton,61434.0,84389.0,136.325,1.0587444220306865,36370,949.0,3,59945.0,74820576.52448194,1217.9017567549229,87586.27629438916,13.905166520167985,Q2
ROCKHAMPTON,ROCKHAMPTON,2024,12,0,77950745.32,814.1666666666666,26.0,True,36370.0,Rockhampton,62161.0,85170.0,139.85,1.0320581575497558,36370,949.0,3,,80449702.59458944,1294.2150640206792,98812.32662590311,13.097708638320919,Q2
ROCKHAMPTON,ROCKHAMPTON,2025,12,0,87135823.62,892.0,26.166666666666668,True,36370.0,Rockhampton,62627.0,85794.0,144.33333333333334,1.0,36370,949.0,3,,87135823.62,1391.3459629233398,97685.90091928252,14.243058105928753,Q2
ROCKHAMPTON,ROCKHAMPTON,2026,8,0,59190341.769999996,984.75,28.5,False,,,,,,,36370,949.0,3,,,,,,Q2
SCENIC RIM,SCENIC RIM,2004,6,0,3363108.63,237.33333333333334,20.833333333333332,False,36510.0,Scenic Rim,23620.0,32749.0,79.3,1.8200924758301809,36510,986.0,6,,6121168.7128625475,259.1519353455778,25791.441205881518,10.047981936212249,Q4
SCENIC RIM,SCENIC RIM,2005,12,0,6751472.140000001,233.66666666666666,20.0,True,36510.0,Scenic Rim,24280.0,33560.0,81.425,1.7725923651622149,36510,986.0,6,,11967607.968969401,492.89983397732294,51216.58189287904,9.623833058758922,Q4
SCENIC RIM,SCENIC RIM,2006,12,0,6819076.3100000005,232.0,20.0,True,36510.0,Scenic Rim,24805.0,34231.0,84.45,1.7090980856522597,36510,986.0,6,,11654470.267337676,469.84359070097463,50234.78563507619,9.352953033662567,Q4
SCENIC RIM,SCENIC RIM,2007,12,0,6662720.3100000005,218.0,19.416666666666668,True,36510.0,Scenic Rim,25384.0,34983.0,87.025,1.658527243129369,36510,986.0,6,,11050303.147486355,435.32552582281573,50689.46397929521,8.588086983926884,Q4
SCENIC RIM,SCENIC RIM,2008,12,0,7289017.65,232.83333333333334,19.833333333333332,True,36510.0,Scenic Rim,25838.0,35578.0,91.325,1.5804361711835022,36510,986.0,6,,11519827.14645497,445.8482524365264,49476.70929042936,9.011275382511547,Q4
SCENIC RIM,SCENIC RIM,2009,12,0,7624589.22,232.58333333333334,18.833333333333332,True,36510.0,Scenic Rim,26552.0,36525.0,93.5,1.5436720142602496,36510,986.0,6,,11769864.999144385,443.27602437271713,50604.93729478058,8.75954102641358,Q4
SCENIC RIM,SCENIC RIM,2010,12,0,7253067.7299999995,239.91666666666666,19.0,True,36510.0,Scenic Rim,27106.0,37167.0,96.35000000000001,1.498010724788099,36510,986.0,6,,10865173.24715447,400.8401552111883,45287.27994645837,8.851053887208243,Q4
SCENIC RIM,SCENIC RIM,2011,12,0,7278522.83,239.58333333333334,19.0,True,36510.0,Scenic Rim,27345.0,37437.0,99.45,1.4513155689626278,36510,986.0,6,,10563433.502228927,386.30219426691997,44090.852878868565,8.761504235996831,Q4
SCENIC RIM,SCENIC RIM,2012,12,0,6885233.91,240.0,19.0,True,36510.0,Scenic Rim,27777.0,37966.0,100.975,1.4293967153585874,36510,986.0,6,,9841730.735429564,354.31222721782643,41007.211397623185,8.64024192677395,Q4
SCENIC RIM,SCENIC RIM,2013,12,0,6433293.84,244.0,19.0,True,36510.0,Scenic Rim,28427.0,38732.0,103.225,1.3982400904173733,36510,986.0,6,,8995289.36052313,316.4347050523492,36865.94000214398,8.583389031554509,Q4
SCENIC RIM,SCENIC RIM,2014,12,0,6998444.58,245.25,19.0,True,36510.0,Scenic Rim,29380.0,39882.0,106.05,1.360993242181361,36510,986.0,6,,9524835.779160773,324.1945466017962,38837.25088342823,8.347515316541866,Q4
SCENIC RIM,SCENIC RIM,2015,12,0,7314911.7299999995,251.0,19.0,True,36510.0,Scenic Rim,29834.0,40307.0,107.675,1.3404535252689422,36510,986.0,6,,9805299.215509636,328.6619030471823,39064.93711358421,8.413219816316953,Q4
SCENIC RIM,SCENIC RIM,2016,12,0,7794920.36,251.58333333333334,18.75,True,36510.0,Scenic Rim,30541.0,40984.0,109.35,1.3199207437890568,36510,986.0,6,,10288677.079347663,336.8808185503966,40895.702203435554,8.237560437881319,Q4
SCENIC RIM,SCENIC RIM,2017,12,0,7833199.05,244.66666666666666,19.0,True,36510.0,Scenic Rim,31220.0,41643.0,111.3,1.2967954477388441,36510,986.0,6,,10158056.869272238,325.3701751848891,41517.94360737972,7.836856715780482,Q4
SCENIC RIM,SCENIC RIM,2018,12,0,7707673.18,230.33333333333334,17.75,True,36510.0,Scenic Rim,31893.0,42371.0,113.17500000000001,1.275311096384655,36510,986.0,6,,9829681.1337604,308.2081062854043,42675.894936731114,7.222065448008445,Q4
SCENIC RIM,SCENIC RIM,2019,12,0,7976675.39,210.16666666666666,16.333333333333332,True,36510.0,Scenic Rim,32360.0,42856.0,115.175,1.253165472831199,36510,986.0,6,41941.0,9996094.186730338,308.9027869817781,47562.700333371955,6.494643592913061,Q4
SCENIC RIM,SCENIC RIM,2020,12,4,6234384.28,196.25,15.125,False,36510.0,Scenic Rim,32814.0,43255.0,115.875,1.2455951096727798,36510,986.0,6,42735.0,7765518.570988854,236.65260471106401,39569.52138083493,5.980678978484793,Q4
SCENIC RIM,SCENIC RIM,2021,12,0,9118094.31,188.41666666666666,14.416666666666666,True,36510.0,Scenic Rim,33183.0,43592.0,120.175,1.2010262811178145,36510,986.0,6,45342.0,10951070.900020806,330.02051954376657,58121.56161001755,5.6781082682899875,Q4
SCENIC RIM,SCENIC RIM,2022,12,0,10687499.129999999,187.75,14.0,True,36510.0,Scenic Rim,33770.0,44263.0,128.875,1.1199482702877466,36510,986.0,6,46934.0,11969446.164345296,354.4402180735948,63752.043485194656,5.559668344684631,Q4
SCENIC RIM,SCENIC RIM,2023,12,0,12121960.53,195.5,13.083333333333334,True,36510.0,Scenic Rim,34501.0,45166.0,136.325,1.0587444220306865,36510,986.0,6,48993.0,12834058.095213644,371.9909015742629,65647.35598574753,5.666502420219704,Q4
SCENIC RIM,SCENIC RIM,2024,12,0,13671398.75,192.0,12.0,True,36510.0,Scenic Rim,35161.0,45944.0,139.85,1.0320581575497558,36510,986.0,6,,14109678.605053036,401.28775077651477,73487.9094013179,5.460595546201757,Q4
SCENIC RIM,SCENIC RIM,2025,12,0,14939560.139999999,184.0,10.25,True,36510.0,Scenic Rim,36022.0,46947.0,144.33333333333334,1.0,36510,986.0,6,,14939560.139999999,414.7343329076675,81193.26163043478,5.107989561934374,Q4
SCENIC RIM,SCENIC RIM,2026,8,0,10971720.11,188.375,10.0,False,,,,,,,36510,986.0,6,,,,,,Q4
SOMERSET,SOMERSET,2004,6,0,2454853.91,130.0,13.0,False,36580.0,Somerset,13351.0,18609.0,79.3,1.8200924758301809,36580,944.0,3,,4468061.1308533,334.66115877861586,34369.701006563846,9.737098344693282,Q2
SOMERSET,SOMERSET,2005,12,0,4521296.65,129.0,12.75,True,36580.0,Somerset,13786.0,19085.0,81.425,1.7725923651622149,36580,944.0,3,,8014415.9224235,581.3445468173146,62127.25521258527,9.357319019294938,Q2
SOMERSET,SOMERSET,2006,12,0,4122427.86,126.5,12.0,True,36580.0,Somerset,14238.0,19608.0,84.45,1.7090980856522597,36580,944.0,3,,7045633.563765542,494.8471389075391,55696.70801395685,8.884674813878354,Q2
SOMERSET,SOMERSET,2007,12,0,4172258.77,127.58333333333333,12.833333333333334,True,36580.0,Somerset,14506.0,19919.0,87.025,1.658527243129369,36580,944.0,3,,6919804.835430432,477.03052774234334,54237.52973557491,8.795211176984235,Q2
SOMERSET,SOMERSET,2008,12,0,4301316.15,130.0,13.0,True,36580.0,Somerset,14812.0,20366.0,91.325,1.5804361711835022,36580,944.0,3,,6797955.627155763,458.9492051819986,52291.96636273664,8.776667566837698,Q2
SOMERSET,SOMERSET,2009,12,0,4406106.23,130.0,13.0,True,36580.0,Somerset,15319.0,21071.0,93.5,1.5436720142602496,36580,944.0,3,,6801582.879108735,443.9965323525514,52319.868300836424,8.486193615771265,Q2
SOMERSET,SOMERSET,2010,12,0,4067985.55,127.0,12.25,True,36580.0,Somerset,15744.0,21717.0,96.35000000000001,1.498010724788099,36580,944.0,3,,6093885.982183013,387.0608474455674,47983.35419041743,8.066565040650406,Q2
SOMERSET,SOMERSET,2011,12,0,4124044.79,125.33333333333333,11.833333333333334,True,36580.0,Somerset,16114.0,22200.0,99.45,1.4513155689626278,36580,944.0,3,,5985290.410826211,371.43418212896927,47754.97668212403,7.777915684084233,Q2
SOMERSET,SOMERSET,2012,12,0,4015331.9,127.66666666666667,12.0,True,36580.0,Somerset,16523.0,22761.0,100.975,1.4293967153585874,36580,944.0,3,,5739502.228934555,347.3644149933157,44956.93651906962,7.726603320623777,Q2
SOMERSET,SOMERSET,2013,12,0,4162764.96,131.0,12.0,True,36580.0,Somerset,17156.0,23619.0,103.225,1.3982400904173733,36580,944.0,3,,5820544.854056673,339.2716748692395,44431.64010730285,7.635812543716484,Q2
SOMERSET,SOMERSET,2014,12,0,4301569.81,130.08333333333334,12.0,True,36580.0,Somerset,17805.0,24459.0,106.05,1.360993242181361,36580,944.0,3,,5854407.442181361,328.8069330065353,45005.05400780034,7.30600018721333,Q2
SOMERSET,SOMERSET,2015,12,0,4006170.46,129.75,12.0,True,36580.0,Somerset,17982.0,24681.0,107.675,1.3404535252689422,36580,944.0,3,,5370085.3159353,298.636709817334,41387.94077792139,7.215548882215549,Q2
SOMERSET,SOMERSET,2016,12,0,4351367.62,125.0,11.833333333333334,True,36580.0,Somerset,18375.0,25153.0,109.35,1.3199207437890568,36580,944.0,3,,5743460.385490018,312.56927267972884,45947.68308392014,6.802721088435374,Q2
SOMERSET,SOMERSET,2017,12,0,4599906.78,112.41666666666667,10.333333333333334,True,36580.0,Somerset,18603.0,25286.0,111.3,1.2967954477388441,36580,944.0,3,,5965138.172327045,320.65463486142266,53062.756165992985,6.0429321435610746,Q2
SOMERSET,SOMERSET,2018,12,0,4435234.31,109.0,9.416666666666666,True,36580.0,Somerset,18726.0,25326.0,113.17500000000001,1.275311096384655,36580,944.0,3,,5656303.530608938,302.0561535089682,51892.692941366404,5.820783936772402,Q2
SOMERSET,SOMERSET,2019,12,0,4962968.63,101.83333333333333,8.5,True,36580.0,Somerset,18862.0,25355.0,115.175,1.253165472831199,36580,944.0,3,44697.0,6219420.929860357,329.7328453960533,61074.50994952888,5.398861909306189,Q2
SOMERSET,SOMERSET,2020,12,4,4001246.46,95.0,8.0,False,36580.0,Somerset,18945.0,25322.0,115.875,1.2455951096727798,36580,944.0,3,45108.0,4983933.023171522,263.07379378049734,52462.452875489704,5.014515703351808,Q2
SOMERSET,SOMERSET,2021,12,0,5989353.45,94.5,7.833333333333333,True,36580.0,Somerset,19118.0,25388.0,120.175,1.2010262811178145,36580,944.0,3,47539.0,7193370.900353652,376.26168534123093,76120.32698786934,4.942985667956899,Q2
SOMERSET,SOMERSET,2022,12,0,6996385.9399999995,81.91666666666667,6.0,True,36580.0,Somerset,19388.0,25669.0,128.875,1.1199482702877466,36580,944.0,3,48718.0,7835590.331768509,404.1463963156854,95653.18818028698,4.225122068633519,Q2
SOMERSET,SOMERSET,2023,12,7,2663909.24,70.33333333333333,5.416666666666667,False,36580.0,Somerset,19767.0,26197.0,136.325,1.0587444220306865,36580,944.0,3,50152.0,2820399.048646006,142.68220006303466,40100.46040728918,3.558118750105394,Q2
SOMERSET,SOMERSET,2024,12,12,0.0,62.0,5.0,False,36580.0,Somerset,20157.0,26516.0,139.85,1.0320581575497558,36580,944.0,3,,0.0,0.0,0.0,3.075854541846505,Q2
SOMERSET,SOMERSET,2025,12,12,0.0,62.0,5.0,False,36580.0,Somerset,20575.0,26936.0,144.33333333333334,1.0,36580,944.0,3,,0.0,0.0,0.0,3.0133657351154315,Q2
SOMERSET,SOMERSET,2026,8,8,0.0,64.0,5.0,False,,,,,,,36580,944.0,3,,,,,,Q2
SOUTH BURNETT,SOUTH BURNETT,2004,6,0,5477777.8100000005,326.5,21.0,False,36630.0,South Burnett,20587.0,28630.0,79.3,1.8200924758301809,36630,907.0,2,,9970062.176250527,484.28922019966615,30536.17818147175,15.859522999951425,Q1 most disadv
SOUTH BURNETT,SOUTH BURNETT,2005,12,0,11162593.76,332.3333333333333,21.0,True,36630.0,South Burnett,20898.0,29050.0,81.425,1.7725923651622149,36630,907.0,2,,19786728.47438338,946.8240249968121,59538.80182863605,15.902638210993077,Q1 most disadv
SOUTH BURNETT,SOUTH BURNETT,2006,12,0,11150050.75,333.0,21.0,True,36630.0,South Burnett,21364.0,29699.0,84.45,1.7090980856522597,36630,907.0,2,,19056530.391750544,891.9926227181494,57226.81799324488,15.586968732447108,Q1 most disadv
SOUTH BURNETT,SOUTH BURNETT,2007,12,0,10795677.57,338.3333333333333,21.0,True,36630.0,South Burnett,21699.0,30114.0,87.025,1.658527243129369,36630,907.0,2,,17904925.357885666,825.1497929805828,52920.961648923156,15.592116380171129,Q1 most disadv
SOUTH BURNETT,SOUTH BURNETT,2008,12,0,11683246.68,352.25,21.0,True,36630.0,South Burnett,22015.0,30583.0,91.325,1.5804361711835022,36630,907.0,2,,18464625.649931565,838.7293050161965,52419.09339937988,16.000454235748354,Q1 most disadv
SOUTH BURNETT,SOUTH BURNETT,2009,12,0,12176521.17,381.6666666666667,21.0,True,36630.0,South Burnett,22513.0,31173.0,93.5,1.5436720142602496,36630,907.0,2,,18796554.96117647,834.9200444710376,49248.61561880298,16.953167799345565,Q1 most disadv
SOUTH BURNETT,SOUTH BURNETT,2010,12,0,11977870.37,372.25,19.25,True,36630.0,South Burnett,22799.0,31518.0,96.35000000000001,1.498010724788099,36630,907.0,2,,17942978.274381593,787.0072491943328,48201.41913870139,16.32747050309224,Q1 most disadv
SOUTH BURNETT,SOUTH BURNETT,2011,12,0,12702916.43,365.9166666666667,18.0,True,36630.0,South Burnett,23033.0,31803.0,99.45,1.4513155689626278,36630,907.0,2,,18435940.386090163,800.4142051009492,50382.89333479434,15.886626434535957,Q1 most disadv
SOUTH BURNETT,SOUTH BURNETT,2012,12,0,12143495.69,356.75,18.0,True,36630.0,South Burnett,23600.0,32340.0,100.975,1.4293967153585874,36630,907.0,2,,17357872.852257162,735.5030869600492,48655.56510793879,15.116525423728813,Q1 most disadv
SOUTH BURNETT,SOUTH BURNETT,2013,12,0,11956118.99,343.0,18.0,True,36630.0,South Burnett,23969.0,32647.0,103.225,1.3982400904173733,36630,907.0,2,,16717524.897618474,697.4644289548364,48739.13964320255,14.310150611206142,Q1 most disadv
SOUTH BURNETT,SOUTH BURNETT,2014,12,0,12006253.92,337.0,17.166666666666668,True,36630.0,South Burnett,24091.0,32606.0,106.05,1.360993242181361,36630,907.0,2,,16340430.449033476,678.2794590939968,48487.92418110824,13.988626458013366,Q1 most disadv
SOUTH BURNETT,SOUTH BURNETT,2015,12,0,12586762.42,339.0,17.0,True,36630.0,South Burnett,24240.0,32589.0,107.675,1.3404535252689422,36630,907.0,2,,16871970.057611644,696.0383687133517,49769.823178795414,13.985148514851485,Q1 most disadv
SOUTH BURNETT,SOUTH BURNETT,2016,12,0,13251146.91,338.25,17.0,True,36630.0,South Burnett,24374.0,32625.0,109.35,1.3199207437890568,36630,907.0,2,,17490463.68550526,717.5869239970978,51708.687909845554,13.877492409945024,Q1 most disadv
SOUTH BURNETT,SOUTH BURNETT,2017,12,0,13447852.03,340.0833333333333,17.0,True,36630.0,South Burnett,24580.0,32680.0,111.3,1.2967954477388441,36630,907.0,2,,17439113.294369575,709.4838606334246,51278.94132135136,13.835774342283699,Q1 most disadv
SOUTH BURNETT,SOUTH BURNETT,2018,12,0,12793626.42,334.5,17.0,True,36630.0,South Burnett,24737.0,32698.0,113.17500000000001,1.275311096384655,36630,907.0,2,,16315853.736425888,659.5728559011152,48776.84226136289,13.522254113271618,Q1 most disadv
SOUTH BURNETT,SOUTH BURNETT,2019,12,0,14159987.08,336.25,17.0,True,36630.0,South Burnett,24960.0,32784.0,115.175,1.253165472831199,36630,907.0,2,38321.0,17744806.90439187,710.9297637977512,52772.659938711884,13.471554487179487,Q1 most disadv
SOUTH BURNETT,SOUTH BURNETT,2020,12,4,11838925.280000001,329.375,16.625,False,36630.0,South Burnett,25248.0,32952.0,115.875,1.2455951096727798,36630,907.0,2,38263.0,14746507.432549447,584.0663590204946,44771.180060871186,13.045587769328264,Q1 most disadv
SOUTH BURNETT,SOUTH BURNETT,2021,12,0,16052613.84,311.1666666666667,14.5,True,36630.0,South Burnett,25680.0,33323.0,120.175,1.2010262811178145,36630,907.0,2,40948.0,19279611.10247556,750.7636722147804,61959.11441609714,12.117082035306336,Q1 most disadv
SOUTH BURNETT,SOUTH BURNETT,2022,12,0,17903230.72,302.75,12.583333333333334,True,36630.0,South Burnett,25979.0,33743.0,128.875,1.1199482702877466,36630,907.0,2,42573.0,20050692.277426448,771.8038522432137,66228.54592048372,11.653643327302822,Q1 most disadv
SOUTH BURNETT,SOUTH BURNETT,2023,12,0,19210274.12,296.9166666666667,12.0,True,36630.0,South Burnett,26518.0,34248.0,136.325,1.0587444220306865,36630,907.0,2,44378.0,20338770.570230458,766.9798088178014,68499.9289482923,11.196797144078237,Q1 most disadv
SOUTH BURNETT,SOUTH BURNETT,2024,12,0,22464542.37,298.3333333333333,12.0,True,36630.0,South Burnett,26889.0,34683.0,139.85,1.0320581575497558,36630,907.0,2,,23184714.208580628,862.2378745427732,77714.12583881775,11.094995475225309,Q1 most disadv
SOUTH BURNETT,SOUTH BURNETT,2025,12,0,22632674.42,304.4166666666667,12.0,True,36630.0,South Burnett,27317.0,35111.0,144.33333333333334,1.0,36630,907.0,2,,22632674.42,828.5197649815134,74347.68492745688,11.143854254371515,Q1 most disadv
SOUTH BURNETT,SOUTH BURNETT,2026,8,0,15676288.219999999,307.0,12.0,False,,,,,,,36630,907.0,2,,,,,,Q1 most disadv
SOUTHERN DOWNS,SOUTHERN DOWNS,2004,6,0,5361604.34,408.1666666666667,23.0,False,36660.0,Southern Downs,22544.0,31729.0,79.3,1.8200924758301809,36660,939.0,3,,9758615.717612442,432.86975326527863,23908.409271406552,18.10533475277975,Q2
SOUTHERN DOWNS,SOUTHERN DOWNS,2005,12,0,10829213.93,403.0833333333333,22.0,True,36660.0,Southern Downs,22891.0,32010.0,81.425,1.7725923651622149,36660,939.0,3,,19195781.933026303,838.5733228354508,47622.36576314154,17.60881277940384,Q2
SOUTHERN DOWNS,SOUTHERN DOWNS,2006,12,0,10667296.7,411.6666666666667,22.0,True,36660.0,Southern Downs,23300.0,32411.0,84.45,1.7090980856522597,36660,939.0,3,,18231456.369054668,782.4659385860373,44286.93854831093,17.668097281831187,Q2
SOUTHERN DOWNS,SOUTHERN DOWNS,2007,12,0,10306221.5,416.9166666666667,22.0,True,36660.0,Southern Downs,23730.0,32933.0,87.025,1.658527243129369,36660,939.0,3,,17093149.13147563,720.318126063027,40998.95854041726,17.569181064756286,Q2
SOUTHERN DOWNS,SOUTHERN DOWNS,2008,12,0,10776838.1,405.5,20.916666666666668,True,36660.0,Southern Downs,24164.0,33451.0,91.325,1.5804361711835022,36660,939.0,3,,17032104.74422849,704.8545250880852,42002.724400070256,16.78116205926171,Q2
SOUTHERN DOWNS,SOUTHERN DOWNS,2009,12,0,11370722.81,395.9166666666667,19.583333333333332,True,36660.0,Southern Downs,24669.0,33976.0,93.5,1.5436720142602496,36660,939.0,3,,17552666.583707664,711.5272845963624,44334.24521247989,16.04915751212723,Q2
SOUTHERN DOWNS,SOUTHERN DOWNS,2010,12,0,11708429.36,387.75,19.0,True,36660.0,Southern Downs,24998.0,34313.0,96.35000000000001,1.498010724788099,36660,939.0,3,,17539352.751703855,701.6302404873932,45233.66280258892,15.511240899271941,Q2
SOUTHERN DOWNS,SOUTHERN DOWNS,2011,12,0,11746405.54,393.9166666666667,18.5,True,36660.0,Southern Downs,25254.0,34649.0,99.45,1.4513155689626278,36660,939.0,3,,17047741.239550862,675.0511301002163,43277.532234950355,15.598189065758561,Q2
SOUTHERN DOWNS,SOUTHERN DOWNS,2012,12,0,11787652.82,377.25,16.666666666666668,True,36660.0,Southern Downs,25578.0,35013.0,100.975,1.4293967153585874,36660,939.0,3,,16849232.22269539,658.7392377314642,44663.30609064385,14.749003049495661,Q2
SOUTHERN DOWNS,SOUTHERN DOWNS,2013,12,0,11782601.99,367.3333333333333,15.583333333333334,True,36660.0,Southern Downs,25991.0,35501.0,103.225,1.3982400904173733,36660,939.0,3,,16474906.471849523,633.869665339907,44850.01761846513,14.133097354212355,Q2
SOUTHERN DOWNS,SOUTHERN DOWNS,2014,12,0,11860761.96,351.3333333333333,13.75,True,36660.0,Southern Downs,26166.0,35580.0,106.05,1.360993242181361,36660,939.0,3,,16142416.874681756,616.9233690545653,45946.15808732948,13.427093683915514,Q2
SOUTHERN DOWNS,SOUTHERN DOWNS,2015,12,0,11851242.29,351.0,13.0,True,36660.0,Southern Downs,26319.0,35566.0,107.675,1.3404535252689422,36660,939.0,3,,15886039.50644687,603.59586254975,45259.37181323895,13.336372962498576,Q2
SOUTHERN DOWNS,SOUTHERN DOWNS,2016,12,0,11221908.97,351.0,13.0,True,36660.0,Southern Downs,26540.0,35638.0,109.35,1.3199207437890568,36660,939.0,3,,14812030.43441549,558.1021263909378,42199.51690716664,13.225320271288622,Q2
SOUTHERN DOWNS,SOUTHERN DOWNS,2017,12,0,11787067.91,350.0,12.916666666666666,True,36660.0,Southern Downs,26852.0,35899.0,111.3,1.2967954477388441,36660,939.0,3,,15285416.007876612,569.2468347935577,43672.61716536175,13.034410844629823,Q2
SOUTHERN DOWNS,SOUTHERN DOWNS,2018,12,0,12554098.07,346.0833333333333,13.0,True,36660.0,Southern Downs,27149.0,36118.0,113.17500000000001,1.275311096384655,36660,939.0,3,,16010380.573772183,589.7226628521191,46261.634212681485,12.747553623828992,Q2
SOUTHERN DOWNS,SOUTHERN DOWNS,2019,12,0,12158120.48,345.1666666666667,13.0,True,36660.0,Southern Downs,27411.0,36239.0,115.175,1.253165472831199,36660,939.0,3,34887.0,15236136.800057884,555.8402393220928,44141.39101899918,12.59226831077548,Q2
SOUTHERN DOWNS,SOUTHERN DOWNS,2020,12,4,9012285.91,321.25,13.0,False,36660.0,Southern Downs,27722.0,36393.0,115.875,1.2455951096727798,36660,939.0,3,35293.0,11225659.256468898,404.93684642049266,34943.68640145961,11.588269244643243,Q2
SOUTHERN DOWNS,SOUTHERN DOWNS,2021,12,0,13906024.31,315.8333333333333,13.0,True,36660.0,Southern Downs,28160.0,36637.0,120.175,1.2010262811178145,36660,939.0,3,38723.0,16701500.662173223,593.0930632874014,52880.74088287036,11.215672348484848,Q2
SOUTHERN DOWNS,SOUTHERN DOWNS,2022,12,0,15853463.299999999,321.0,13.0,True,36660.0,Southern Downs,28377.0,36947.0,128.875,1.1199482702877466,36660,939.0,3,41233.0,17755058.80090527,625.6848433909599,55311.70966014102,11.311978010360503,Q2
SOUTHERN DOWNS,SOUTHERN DOWNS,2023,12,0,18154029.14,316.4166666666667,13.0,True,36660.0,Southern Downs,28755.0,37378.0,136.325,1.0587444220306865,36660,939.0,3,41880.0,19220477.08935754,668.4220862235277,60744.19938696088,11.003883382600128,Q2
SOUTHERN DOWNS,SOUTHERN DOWNS,2024,12,0,19887324.42,318.6666666666667,13.0,True,36660.0,Southern Downs,29117.0,37736.0,139.85,1.0320581575497558,36660,939.0,3,,20524875.39949947,704.9103753648889,64408.604810144774,10.944350951906676,Q2
SOUTHERN DOWNS,SOUTHERN DOWNS,2025,12,0,22758638.72,321.0,13.0,True,36660.0,Southern Downs,29375.0,38064.0,144.33333333333334,1.0,36660,939.0,3,,22758638.72,774.7621691914893,70899.1860436137,10.927659574468086,Q2
SOUTHERN DOWNS,SOUTHERN DOWNS,2026,8,0,14803265.52,332.125,13.0,False,,,,,,,36660,939.0,3,,,,,,Q2
SUNSHINE COAST,SUNSHINE COAST,2004,6,0,55724672.56,2506.0,73.83333333333333,False,36720.0,Sunshine Coast,164301.0,223143.0,79.3,1.8200924758301809,36720,1022.0,8,,101424057.24455655,617.3063903722834,40472.488924404046,15.252493898393801,Q5 least disadv
SUNSHINE COAST,SUNSHINE COAST,2005,12,0,109190467.23,2619.6666666666665,75.0,True,36720.0,Sunshine Coast,169933.0,230168.0,81.425,1.7725923651622149,36720,1022.0,8,,193550188.56039304,1138.9794128297212,73883.5177097823,15.415879591760673,Q5 least disadv
SUNSHINE COAST,SUNSHINE COAST,2006,12,0,109761311.52,2668.9166666666665,74.0,True,36720.0,Sunshine Coast,175129.0,236654.0,84.45,1.7090980856522597,36720,1022.0,8,,187592847.39751333,1071.1695230231048,70288.01226371998,15.239718531292171,Q5 least disadv
SUNSHINE COAST,SUNSHINE COAST,2007,12,0,109802291.49,2702.8333333333335,74.0,True,36720.0,Sunshine Coast,180297.0,243309.0,87.025,1.658527243129369,36720,1022.0,8,,182110091.79419705,1010.0561395597101,67377.47738577926,14.991005581531216,Q5 least disadv
SUNSHINE COAST,SUNSHINE COAST,2008,12,0,112545661.45,2772.75,74.5,True,36720.0,Sunshine Coast,186045.0,250800.0,91.325,1.5804361711835022,36720,1022.0,8,,177871234.2653527,956.0656522096949,64149.75539278792,14.90365234217528,Q5 least disadv
SUNSHINE COAST,SUNSHINE COAST,2009,12,0,111296587.91,2874.75,76.41666666666667,True,36720.0,Sunshine Coast,191687.0,258047.0,93.5,1.5436720142602496,36720,1022.0,8,,171805428.03932264,896.2810625620028,59763.60658816337,14.997104654984428,Q5 least disadv
SUNSHINE COAST,SUNSHINE COAST,2010,12,0,112587892.38,2904.6666666666665,77.0,True,36720.0,Sunshine Coast,195972.0,263053.0,96.35000000000001,1.498010724788099,36720,1022.0,8,,168657870.26652828,860.6222841351228,58064.449254026265,14.82184529762755,Q5 least disadv
SUNSHINE COAST,SUNSHINE COAST,2011,12,0,114785723.03999999,2802.1666666666665,75.5,True,36720.0,Sunshine Coast,199743.0,267241.0,99.45,1.4513155689626278,36720,1022.0,8,,166590306.94258422,834.0232545950757,59450.53480375337,14.02886041897171,Q5 least disadv
SUNSHINE COAST,SUNSHINE COAST,2012,12,0,118835773.14,2827.5,74.25,True,36720.0,Sunshine Coast,205714.0,274828.0,100.975,1.4293967153585874,36720,1022.0,8,,169863463.79341424,825.7263180600943,60075.495594487795,13.744810756681607,Q5 least disadv
SUNSHINE COAST,SUNSHINE COAST,2013,12,0,123911542.88,2892.5,72.41666666666667,True,36720.0,Sunshine Coast,211336.0,281969.0,103.225,1.3982400904173733,36720,1022.0,8,,173258086.92028743,819.822874097586,59899.079315570416,13.686735814059128,Q5 least disadv
SUNSHINE COAST,SUNSHINE COAST,2014,12,0,134673990.2,2947.1666666666665,72.0,True,36720.0,Sunshine Coast,216720.0,288652.0,106.05,1.360993242181361,36720,1022.0,8,,183290390.55979884,845.747464746211,62192.06827793887,13.598960255937,Q5 least disadv
SUNSHINE COAST,SUNSHINE COAST,2015,12,0,142338476.55,2933.0833333333335,71.41666666666667,True,36720.0,Sunshine Coast,222462.0,295317.0,107.675,1.3404535252689422,36720,1022.0,8,,190798112.67285818,857.6660853217995,65050.355202838255,13.184648763983663,Q5 least disadv
SUNSHINE COAST,SUNSHINE COAST,2016,12,0,145235493.04,2912.0833333333335,70.25,True,36720.0,Sunshine Coast,228678.0,302841.0,109.35,1.3199207437890568,36720,1022.0,8,,191699339.99792716,838.2937580262516,65828.93346616472,12.734427156671536,Q5 least disadv
SUNSHINE COAST,SUNSHINE COAST,2017,12,0,148428815.27,2920.25,69.33333333333333,True,36720.0,Sunshine Coast,235851.0,311426.0,111.3,1.2967954477388441,36720,1022.0,8,,192481811.95540586,816.1161578937798,65912.78553391178,12.381757974314292,Q5 least disadv
SUNSHINE COAST,SUNSHINE COAST,2018,12,0,150823096.32,2911.3333333333335,67.66666666666667,True,36720.0,Sunshine Coast,243315.0,320606.0,113.17500000000001,1.275311096384655,36720,1022.0,8,,192346368.3279876,790.5240874092744,66068.13659079034,11.965285055723378,Q5 least disadv
SUNSHINE COAST,SUNSHINE COAST,2019,12,0,155144524.82,2904.0,67.25,True,36720.0,Sunshine Coast,250994.0,329946.0,115.175,1.253165472831199,36720,1022.0,8,43604.0,194421761.80322698,774.6072089501222,66949.64249422417,11.569997689187788,Q5 least disadv
SUNSHINE COAST,SUNSHINE COAST,2020,12,4,119683117.96,2816.75,67.25,False,36720.0,Sunshine Coast,258191.0,338389.0,115.875,1.2455951096727798,36720,1022.0,8,44358.0,149076706.44136643,577.3892445568065,52925.07550949372,10.909559202295975,Q5 least disadv
SUNSHINE COAST,SUNSHINE COAST,2021,12,0,169678989.16,2822.6666666666665,67.5,True,36720.0,Sunshine Coast,265158.0,346634.0,120.175,1.2010262811178145,36720,1022.0,8,47314.0,203788925.33466476,768.5565788498358,72197.3046769006,10.645225362488278,Q5 least disadv
SUNSHINE COAST,SUNSHINE COAST,2022,12,0,192990386.02,2835.5,68.0,True,36720.0,Sunshine Coast,270863.0,354795.0,128.875,1.1199482702877466,36720,1022.0,8,49655.0,216139249.0052635,797.9652038309533,76226.15023990955,10.468391770009193,Q5 least disadv
SUNSHINE COAST,SUNSHINE COAST,2023,12,0,202645757.31,2969.0833333333335,67.08333333333333,True,36720.0,Sunshine Coast,279135.0,364891.0,136.325,1.0587444220306865,36720,1022.0,8,52638.0,214550065.20014673,768.6247342688904,72261.38208767466,10.636728942387496,Q5 least disadv
SUNSHINE COAST,SUNSHINE COAST,2024,12,0,224118347.38,2977.5833333333335,66.16666666666667,True,36720.0,Sunshine Coast,286466.0,374298.0,139.85,1.0320581575497558,36720,1022.0,8,,231303168.67009893,807.4367243236508,77681.50972660119,10.394194540829744,Q5 least disadv
SUNSHINE COAST,SUNSHINE COAST,2025,12,0,238853554.57,2968.0833333333335,65.58333333333333,True,36720.0,Sunshine Coast,292956.0,381957.0,144.33333333333334,1.0,36720,1022.0,8,,238853554.57,815.3222824246644,80474.00552657439,10.13149870060123,Q5 least disadv
SUNSHINE COAST,SUNSHINE COAST,2026,8,0,161414280.28,2983.375,64.5,False,,,,,,,36720,1022.0,8,,,,,,Q5 least disadv
TABLELANDS,TABLELANDS,2004,6,0,1906328.1800000002,118.83333333333333,6.0,False,36820.0,Tablelands,16270.0,22699.0,79.3,1.8200924758301809,36820,955.0,4,,3469693.576881043,213.25713441186497,29197.982414146227,7.303831182134808,Q3
TABLELANDS,TABLELANDS,2005,12,0,4047479.33,130.0,6.083333333333333,True,36820.0,Tablelands,16436.0,22861.0,81.425,1.7725923651622149,36820,955.0,4,,7174530.958509876,436.5132002013797,55188.6996808452,7.909467023606717,Q3
TABLELANDS,TABLELANDS,2006,12,0,4633034.02,140.0,7.0,True,36820.0,Tablelands,16754.0,23228.0,84.45,1.7090980856522597,36820,955.0,4,,7918309.574343792,472.622034997242,56559.35410245566,8.356213441566194,Q3
TABLELANDS,TABLELANDS,2007,12,0,5045634.59,141.0,7.0,True,36820.0,Tablelands,17091.0,23553.0,87.025,1.658527243129369,36820,955.0,4,,8368322.4263908835,489.6332822181782,59349.80444248854,8.249956117254696,Q3
TABLELANDS,TABLELANDS,2008,12,0,5678748.08,142.0,6.583333333333333,True,36820.0,Tablelands,17372.0,23885.0,91.325,1.5804361711835022,36820,955.0,4,,8974898.872670865,516.6301446391242,63203.51318782299,8.174073221275616,Q3
TABLELANDS,TABLELANDS,2009,12,2,4599682.11,133.5,5.833333333333333,False,36820.0,Tablelands,17572.0,24103.0,93.5,1.5436720142602496,36820,955.0,4,,7100400.5477005355,404.0746954074969,53186.52095655832,7.597313908490781,Q3
TABLELANDS,TABLELANDS,2010,12,12,0.0,136.83333333333334,5.0,False,36820.0,Tablelands,17771.0,24230.0,96.35000000000001,1.498010724788099,36820,955.0,4,,0.0,0.0,0.0,7.699810552773245,Q3
TABLELANDS,TABLELANDS,2011,12,12,0.0,139.0,5.0,False,36820.0,Tablelands,17988.0,24372.0,99.45,1.4513155689626278,36820,955.0,4,,0.0,0.0,0.0,7.727373804758728,Q3
TABLELANDS,TABLELANDS,2012,12,12,0.0,139.0,5.0,False,36820.0,Tablelands,18279.0,24603.0,100.975,1.4293967153585874,36820,955.0,4,,0.0,0.0,0.0,7.604354724000219,Q3
TABLELANDS,TABLELANDS,2013,12,12,0.0,139.0,5.0,False,36820.0,Tablelands,18536.0,24827.0,103.225,1.3982400904173733,36820,955.0,4,,0.0,0.0,0.0,7.498921018558481,Q3
TABLELANDS,TABLELANDS,2014,12,11,448327.21,139.66666666666666,5.083333333333333,False,36820.0,Tablelands,18810.0,25060.0,106.05,1.360993242181361,36820,955.0,4,,610170.303096024,32.438612604785966,4368.761120019265,7.425128477760056,Q3
TABLELANDS,TABLELANDS,2015,12,12,0.0,139.66666666666666,5.0,False,36820.0,Tablelands,18922.0,25111.0,107.675,1.3404535252689422,36820,955.0,4,,0.0,0.0,0.0,7.381178874678504,Q3
TABLELANDS,TABLELANDS,2016,12,12,0.0,147.0,5.0,False,36820.0,Tablelands,19061.0,25217.0,109.35,1.3199207437890568,36820,955.0,4,,0.0,0.0,0.0,7.712082262210797,Q3
TABLELANDS,TABLELANDS,2017,12,12,0.0,147.0,5.0,False,36820.0,Tablelands,19331.0,25521.0,111.3,1.2967954477388441,36820,955.0,4,,0.0,0.0,0.0,7.604366044177746,Q3
TABLELANDS,TABLELANDS,2018,12,12,0.0,142.5,4.583333333333333,False,36820.0,Tablelands,19625.0,25849.0,113.17500000000001,1.275311096384655,36820,955.0,4,,0.0,0.0,0.0,7.261146496815287,Q3
TABLELANDS,TABLELANDS,2019,12,12,0.0,135.91666666666666,4.0,False,36820.0,Tablelands,19854.0,26071.0,115.175,1.253165472831199,36820,955.0,4,35165.0,0.0,0.0,0.0,6.845807729760585,Q3
TABLELANDS,TABLELANDS,2020,12,12,0.0,136.0,4.0,False,36820.0,Tablelands,20128.0,26309.0,115.875,1.2455951096727798,36820,955.0,4,36077.0,0.0,0.0,0.0,6.756756756756757,Q3
TABLELANDS,TABLELANDS,2021,12,12,0.0,129.25,4.0,False,36820.0,Tablelands,20375.0,26488.0,120.175,1.2010262811178145,36820,955.0,4,40171.0,0.0,0.0,0.0,6.343558282208589,Q3
TABLELANDS,TABLELANDS,2022,12,12,0.0,131.33333333333334,4.0,False,36820.0,Tablelands,20518.0,26781.0,128.875,1.1199482702877466,36820,955.0,4,42029.0,0.0,0.0,0.0,6.400883776846347,Q3
TABLELANDS,TABLELANDS,2023,12,12,0.0,133.08333333333334,4.0,False,36820.0,Tablelands,20857.0,27231.0,136.325,1.0587444220306865,36820,955.0,4,41040.0,0.0,0.0,0.0,6.380751466334245,Q3
TABLELANDS,TABLELANDS,2024,12,12,0.0,133.33333333333334,4.0,False,36820.0,Tablelands,21236.0,27575.0,139.85,1.0320581575497558,36820,955.0,4,,0.0,0.0,0.0,6.278646323852578,Q3
TABLELANDS,TABLELANDS,2025,12,12,0.0,133.0,4.0,False,36820.0,Tablelands,21445.0,27902.0,144.33333333333334,1.0,36820,955.0,4,,0.0,0.0,0.0,6.201911867568198,Q3
TABLELANDS,TABLELANDS,2026,8,8,0.0,133.0,4.0,False,,,,,,,36820,955.0,4,,,,,,Q3
TOOWOOMBA,TOOWOOMBA,2004,6,0,24922763.34,1337.6666666666667,56.833333333333336,False,36910.0,Toowoomba,98808.0,140827.0,79.3,1.8200924758301809,36910,979.0,6,,45361734.03203027,459.08968941816727,33911.08948320229,13.538040104714868,Q3
TOOWOOMBA,TOOWOOMBA,2005,12,0,48808870.05,1379.5,57.25,True,36910.0,Toowoomba,101267.0,143791.0,81.425,1.7725923651622149,36910,979.0,6,,86518230.40282468,854.3575933208714,62717.09344169966,13.622404139551877,Q3
TOOWOOMBA,TOOWOOMBA,2006,12,0,49090424.93,1395.4166666666667,55.916666666666664,True,36910.0,Toowoomba,103067.0,145992.0,84.45,1.7090980856522597,36910,979.0,6,,83900351.27171896,814.036997988871,60125.662302814424,13.538927752497568,Q3
TOOWOOMBA,TOOWOOMBA,2007,12,0,49817268.23,1413.3333333333333,55.916666666666664,True,36910.0,Toowoomba,104637.0,147927.0,87.025,1.658527243129369,36910,979.0,6,,82623296.53773819,789.61836193448,58459.879625758156,13.507013134296026,Q3
TOOWOOMBA,TOOWOOMBA,2008,12,0,52177700.41,1424.6666666666667,56.0,True,36910.0,Toowoomba,106292.0,150140.0,91.325,1.5804361711835022,36910,979.0,6,,82463525.05714025,775.8206173290581,57882.68019920934,13.4033291937932,Q3
TOOWOOMBA,TOOWOOMBA,2009,12,0,53021553.29,1445.1666666666667,55.833333333333336,True,36910.0,Toowoomba,108166.0,152525.0,93.5,1.5436720142602496,36910,979.0,6,,81847887.96638146,756.6877573949436,56635.60463594611,13.360637045528787,Q3
TOOWOOMBA,TOOWOOMBA,2010,12,0,53935844.089999996,1480.5833333333333,55.416666666666664,True,36910.0,Toowoomba,109771.0,154222.0,96.35000000000001,1.498010724788099,36910,979.0,6,,80796472.8973188,736.0457033034116,54570.702694198546,13.48792789838239,Q3
TOOWOOMBA,TOOWOOMBA,2011,12,0,57466625.31,1505.3333333333333,54.416666666666664,True,36910.0,Toowoomba,110959.0,155473.0,99.45,1.4513155689626278,36910,979.0,6,,83402208.0081448,751.648879389187,55404.47830479061,13.566572637941341,Q3
TOOWOOMBA,TOOWOOMBA,2012,12,0,60894553.62,1516.25,54.333333333333336,True,36910.0,Toowoomba,113052.0,157884.0,100.975,1.4293967153585874,36910,979.0,6,,87042474.92765537,769.9330832506755,57406.413802245916,13.4119697130524,Q3
TOOWOOMBA,TOOWOOMBA,2013,12,0,62747456.13,1550.8333333333333,55.166666666666664,True,36910.0,Toowoomba,114866.0,159916.0,103.225,1.3982400904173733,36910,979.0,6,,87736008.73267137,763.8118218852521,56573.46076260378,13.50123912500943,Q3
TOOWOOMBA,TOOWOOMBA,2014,12,0,66411069.37,1590.3333333333333,55.833333333333336,True,36910.0,Toowoomba,116573.0,161523.0,106.05,1.360993242181361,36910,979.0,6,,90385016.61860758,775.351210131056,56834.00751536842,13.64238145482516,Q3
TOOWOOMBA,TOOWOOMBA,2015,12,0,67954873.88,1575.6666666666667,54.416666666666664,True,36910.0,Toowoomba,117945.0,162775.0,107.675,1.3404535252689422,36910,979.0,6,,91090350.25165236,772.3120967540156,57810.67289083077,13.359334152924387,Q3
TOOWOOMBA,TOOWOOMBA,2016,12,0,68313987.09,1577.5,53.166666666666664,True,36910.0,Toowoomba,119302.0,164168.0,109.35,1.3199207437890568,36910,979.0,6,,90169048.65102883,755.8050045349519,57159.4603176094,13.222745637122596,Q3
TOOWOOMBA,TOOWOOMBA,2017,12,0,69115491.39,1508.5833333333333,48.416666666666664,True,36910.0,Toowoomba,121381.0,166901.0,111.3,1.2967954477388441,36910,979.0,6,,89628654.60278527,738.4076140646829,59412.46507393379,12.428496497255198,Q3
TOOWOOMBA,TOOWOOMBA,2018,12,0,69301026.86,1485.5833333333333,46.583333333333336,True,36910.0,Toowoomba,123393.0,169319.0,113.17500000000001,1.275311096384655,36910,979.0,6,,88380368.54540902,716.2510721467913,59492.03020950852,12.03944578163537,Q3
TOOWOOMBA,TOOWOOMBA,2019,12,0,69198898.41,1446.4166666666667,45.083333333333336,True,36910.0,Toowoomba,125340.0,171566.0,115.175,1.253165472831199,36910,979.0,6,47716.0,86717670.24536575,691.8595041117421,59953.450650710896,11.539944683793415,Q3
TOOWOOMBA,TOOWOOMBA,2020,12,4,55574493.11,1449.375,45.875,False,36910.0,Toowoomba,127247.0,173562.0,115.875,1.2455951096727798,36910,979.0,6,48251.0,69223316.8403596,544.0074566815689,47760.80506449994,11.390248886024818,Q3
TOOWOOMBA,TOOWOOMBA,2021,12,0,81891430.69,1466.8333333333333,47.0,True,36910.0,Toowoomba,128873.0,175255.0,120.175,1.2010262811178145,36910,979.0,6,50654.0,98353760.45702796,763.1836029038508,67051.76261131323,11.382006574948463,Q3
TOOWOOMBA,TOOWOOMBA,2022,12,0,91218425.65,1459.9166666666667,46.916666666666664,True,36910.0,Toowoomba,131238.0,178168.0,128.875,1.1199482702877466,36910,979.0,6,52910.0,102159918.02508892,778.4324511581167,69976.54068731474,11.124191672127484,Q3
TOOWOOMBA,TOOWOOMBA,2023,12,0,96306561.86,1481.8333333333333,46.833333333333336,True,36910.0,Toowoomba,134007.0,181595.0,136.325,1.0587444220306865,36910,979.0,6,55551.0,101964035.17422825,760.8858878583078,68809.38151449438,11.057880060991838,Q3
TOOWOOMBA,TOOWOOMBA,2024,12,0,106606863.44,1490.0,46.0,True,36910.0,Toowoomba,136266.0,184075.0,139.85,1.0320581575497558,36910,979.0,6,,110024483.06404482,807.424324952995,73841.93494231196,10.93449576563486,Q3
TOOWOOMBA,TOOWOOMBA,2025,12,0,115254360.28,1460.0,44.75,True,36910.0,Toowoomba,138009.0,186276.0,144.33333333333334,1.0,36910,979.0,6,,115254360.28,835.1220592859886,78941.34265753425,10.579020208826961,Q3
TOOWOOMBA,TOOWOOMBA,2026,8,0,79573194.72,1448.75,44.0,False,,,,,,,36910,979.0,6,,,,,,Q3
TORRES,TORRES,2004,6,6,0.0,78.0,4.0,False,36950.0,Torres,2169.0,3512.0,79.3,1.8200924758301809,36950,904.0,2,,0.0,0.0,0.0,35.9612724757953,Q1 most disadv
TORRES,TORRES,2005,12,12,0.0,79.66666666666667,4.0,False,36950.0,Torres,2169.0,3481.0,81.425,1.7725923651622149,36950,904.0,2,,0.0,0.0,0.0,36.72967573382511,Q1 most disadv
TORRES,TORRES,2006,12,12,0.0,83.0,4.0,False,36950.0,Torres,2017.0,3373.0,84.45,1.7090980856522597,36950,904.0,2,,0.0,0.0,0.0,41.15022310361924,Q1 most disadv
TORRES,TORRES,2007,12,12,0.0,83.0,4.0,False,36950.0,Torres,2064.0,3418.0,87.025,1.658527243129369,36950,904.0,2,,0.0,0.0,0.0,40.213178294573645,Q1 most disadv
TORRES,TORRES,2008,12,12,0.0,83.0,4.0,False,36950.0,Torres,2104.0,3457.0,91.325,1.5804361711835022,36950,904.0,2,,0.0,0.0,0.0,39.448669201520914,Q1 most disadv
TORRES,TORRES,2009,12,12,0.0,83.0,4.0,False,36950.0,Torres,2129.0,3481.0,93.5,1.5436720142602496,36950,904.0,2,,0.0,0.0,0.0,38.985439173320806,Q1 most disadv
TORRES,TORRES,2010,12,12,0.0,83.0,4.0,False,36950.0,Torres,2130.0,3485.0,96.35000000000001,1.498010724788099,36950,904.0,2,,0.0,0.0,0.0,38.967136150234744,Q1 most disadv
TORRES,TORRES,2011,12,12,0.0,82.91666666666667,4.0,False,36950.0,Torres,2164.0,3477.0,99.45,1.4513155689626278,36950,904.0,2,,0.0,0.0,0.0,38.31638940234134,Q1 most disadv
TORRES,TORRES,2012,12,12,0.0,83.0,4.0,False,36950.0,Torres,2210.0,3567.0,100.975,1.4293967153585874,36950,904.0,2,,0.0,0.0,0.0,37.55656108597285,Q1 most disadv
TORRES,TORRES,2013,12,12,0.0,83.0,4.0,False,36950.0,Torres,2269.0,3647.0,103.225,1.3982400904173733,36950,904.0,2,,0.0,0.0,0.0,36.579991185544294,Q1 most disadv
TORRES,TORRES,2014,12,12,0.0,83.0,4.0,False,36950.0,Torres,2336.0,3717.0,106.05,1.360993242181361,36950,904.0,2,,0.0,0.0,0.0,35.53082191780822,Q1 most disadv
TORRES,TORRES,2015,12,12,0.0,83.16666666666667,4.0,False,36950.0,Torres,2383.0,3753.0,107.675,1.3404535252689422,36950,904.0,2,,0.0,0.0,0.0,34.89998601202966,Q1 most disadv
TORRES,TORRES,2016,12,12,0.0,84.66666666666667,4.0,False,36950.0,Torres,2441.0,3799.0,109.35,1.3199207437890568,36950,904.0,2,,0.0,0.0,0.0,34.685238290318175,Q1 most disadv
TORRES,TORRES,2017,12,12,0.0,89.91666666666667,4.583333333333333,False,36950.0,Torres,2452.0,3784.0,111.3,1.2967954477388441,36950,904.0,2,,0.0,0.0,0.0,36.67074497009244,Q1 most disadv
TORRES,TORRES,2018,12,12,0.0,94.66666666666667,5.0,False,36950.0,Torres,2419.0,3721.0,113.17500000000001,1.275311096384655,36950,904.0,2,,0.0,0.0,0.0,39.13462863442194,Q1 most disadv
TORRES,TORRES,2019,12,12,0.0,96.5,5.0,False,36950.0,Torres,2370.0,3652.0,115.175,1.253165472831199,36950,904.0,2,55625.0,0.0,0.0,0.0,40.71729957805907,Q1 most disadv
TORRES,TORRES,2020,12,12,0.0,97.0,5.0,False,36950.0,Torres,2324.0,3589.0,115.875,1.2455951096727798,36950,904.0,2,56635.0,0.0,0.0,0.0,41.73838209982788,Q1 most disadv
TORRES,TORRES,2021,12,12,0.0,96.5,5.0,False,36950.0,Torres,2290.0,3532.0,120.175,1.2010262811178145,36950,904.0,2,58767.0,0.0,0.0,0.0,42.13973799126637,Q1 most disadv
TORRES,TORRES,2022,12,12,0.0,96.75,5.0,False,36950.0,Torres,2285.0,3510.0,128.875,1.1199482702877466,36950,904.0,2,61241.0,0.0,0.0,0.0,42.34135667396061,Q1 most disadv
TORRES,TORRES,2023,12,12,0.0,97.33333333333333,5.0,False,36950.0,Torres,2276.0,3490.0,136.325,1.0587444220306865,36950,904.0,2,65211.0,0.0,0.0,0.0,42.7650849443468,Q1 most disadv
TORRES,TORRES,2024,12,12,0.0,97.0,5.0,False,36950.0,Torres,2260.0,3485.0,139.85,1.0320581575497558,36950,904.0,2,,0.0,0.0,0.0,42.92035398230089,Q1 most disadv
TORRES,TORRES,2025,12,12,0.0,96.91666666666667,5.0,False,36950.0,Torres,2271.0,3490.0,144.33333333333334,1.0,36950,904.0,2,,0.0,0.0,0.0,42.67576691618964,Q1 most disadv
TORRES,TORRES,2026,8,8,0.0,97.0,5.0,False,,,,,,,36950,904.0,2,,,,,,Q1 most disadv
TOWNSVILLE,TOWNSVILLE,2004,6,0,31287622.22,1343.3333333333333,49.666666666666664,False,37010.0,Townsville,106267.0,151172.0,79.3,1.8200924758301809,37010,990.0,6,,56946365.789239176,535.8800548546508,42391.83557511601,12.64111467655371,Q4
TOWNSVILLE,TOWNSVILLE,2005,12,0,65100711.65,1371.0,49.5,True,37010.0,Townsville,109495.0,155330.0,81.425,1.7725923651622149,37010,990.0,6,,115397024.43741685,1053.9022278406946,84169.96676689778,12.521119685830403,Q4
TOWNSVILLE,TOWNSVILLE,2006,12,0,72254402.78,1402.5833333333333,48.833333333333336,True,37010.0,Townsville,112965.0,159482.0,84.45,1.7090980856522597,37010,990.0,6,,123489861.47124532,1093.1692247266437,88044.58069365718,12.416087578748579,Q4
TOWNSVILLE,TOWNSVILLE,2007,12,0,73924228.4,1444.4166666666667,46.833333333333336,True,37010.0,Townsville,115836.0,163509.0,87.025,1.658527243129369,37010,990.0,6,,122605346.7287178,1058.4390580537813,84882.25700943943,12.469497105102617,Q4
TOWNSVILLE,TOWNSVILLE,2008,12,0,78336732.1,1485.3333333333333,45.0,True,37010.0,Townsville,119409.0,168503.0,91.325,1.5804361711835022,37010,990.0,6,,123806204.94315174,1036.8247363528021,83352.4719096623,12.439040050024147,Q4
TOWNSVILLE,TOWNSVILLE,2009,12,0,78742773.95,1534.3333333333333,46.5,True,37010.0,Townsville,122796.0,173067.0,93.5,1.5436720142602496,37010,990.0,6,,121553016.47183602,989.877654580247,79222.0398469494,12.494978120894274,Q4
TOWNSVILLE,TOWNSVILLE,2010,12,0,79445834.09,1594.25,44.416666666666664,True,37010.0,Townsville,125652.0,176528.0,96.35000000000001,1.498010724788099,37010,990.0,6,,119010711.50655596,947.1453817412852,74649.96801414833,12.687820329163085,Q4
TOWNSVILLE,TOWNSVILLE,2011,12,0,86357810.84,1628.5833333333333,44.0,True,37010.0,Townsville,128744.0,180114.0,99.45,1.4513155689626278,37010,990.0,6,,125332435.3736216,973.5011757722426,76957.95039059813,12.649780442842642,Q4
TOWNSVILLE,TOWNSVILLE,2012,12,0,87836792.6,1635.75,44.0,True,37010.0,Townsville,131658.0,183612.0,100.975,1.4293967153585874,37010,990.0,6,,125553622.83007346,953.6345898469782,76755.99745075559,12.424235519300005,Q4
TOWNSVILLE,TOWNSVILLE,2013,12,0,87375735.83,1697.8333333333333,43.416666666666664,True,37010.0,Townsville,133970.0,186519.0,103.225,1.3982400904173733,37010,990.0,6,,122172256.76722372,911.9374245519424,71957.74424299032,12.673235301435644,Q4
TOWNSVILLE,TOWNSVILLE,2014,12,0,91396534.19,1695.0833333333333,42.916666666666664,True,37010.0,Townsville,135905.0,188777.0,106.05,1.360993242181361,37010,990.0,6,,124390065.39138772,915.2721782965139,73382.86144715858,12.472560489557656,Q4
TOWNSVILLE,TOWNSVILLE,2015,12,0,94984643.95,1664.0,40.583333333333336,True,37010.0,Townsville,137221.0,190011.0,107.675,1.3404535252689422,37010,990.0,6,,127322500.82919282,927.8645457269137,76515.92597908223,12.126423798106703,Q4
TOWNSVILLE,TOWNSVILLE,2016,12,0,95771972.39,1684.5,39.166666666666664,True,37010.0,Townsville,138420.0,191348.0,109.35,1.3199207437890568,37010,990.0,6,,126411413.03115381,913.2452899230879,75043.87832066121,12.16948417858691,Q4
TOWNSVILLE,TOWNSVILLE,2017,12,0,97195541.3,1690.1666666666667,38.166666666666664,True,37010.0,Townsville,139758.0,192475.0,111.3,1.2967954477388441,37010,990.0,6,,126042735.49835281,901.8641902313485,74574.14584263059,12.093523566927594,Q4
TOWNSVILLE,TOWNSVILLE,2018,12,0,99417008.78,1712.25,38.25,True,37010.0,Townsville,140702.0,193105.0,113.17500000000001,1.275311096384655,37010,990.0,6,,126787614.46650468,901.1074076168404,74047.373027598,12.169336612130602,Q4
TOWNSVILLE,TOWNSVILLE,2019,12,0,112413264.5,1642.8333333333333,39.833333333333336,True,37010.0,Townsville,141596.0,193687.0,115.175,1.253165472831199,37010,990.0,6,53608.0,140872421.75964114,994.8898398234494,85749.67338519295,11.602258067553697,Q4
TOWNSVILLE,TOWNSVILLE,2020,12,4,94027184.68,1591.0,40.0,False,37010.0,Townsville,143007.0,194679.0,115.875,1.2455951096727798,37010,990.0,6,55176.0,117119801.41370733,818.9795004000317,73613.95437693736,11.12532952932374,Q4
TOWNSVILLE,TOWNSVILLE,2021,12,0,119083312.32,1621.25,40.0,True,37010.0,Townsville,144233.0,195457.0,120.175,1.2010262811178145,37010,990.0,6,57073.0,143022187.7388808,991.6051648296909,88217.23222136057,11.240492813711148,Q4
TOWNSVILLE,TOWNSVILLE,2022,12,0,123417052.87,1621.5833333333333,39.5,True,37010.0,Townsville,146309.0,197694.0,128.875,1.1199482702877466,37010,990.0,6,59541.0,138220714.88576788,944.7177882821144,85238.1200796143,11.083278084966292,Q4
TOWNSVILLE,TOWNSVILLE,2023,12,0,132744266.36,1630.1666666666667,38.5,True,37010.0,Townsville,149441.0,200930.0,136.325,1.0587444220306865,37010,990.0,6,62262.0,140542251.5652057,940.4530989835835,86213.4249454283,10.908429859721675,Q4
TOWNSVILLE,TOWNSVILLE,2024,12,0,147831645.03,1666.6666666666667,38.916666666666664,True,37010.0,Townsville,151965.0,203972.0,139.85,1.0320581575497558,37010,990.0,6,,152570855.19721133,1003.9868074702157,91542.5131183268,10.967437677535399,Q4
TOWNSVILLE,TOWNSVILLE,2025,12,0,161691430.22,1648.5833333333333,38.0,True,37010.0,Townsville,154293.0,206260.0,144.33333333333334,1.0,37010,990.0,6,,161691430.22,1047.9505241326567,98079.01544962847,10.684757787672371,Q4
TOWNSVILLE,TOWNSVILLE,2026,8,0,107906571.78,1672.0,38.5,False,,,,,,,37010,990.0,6,,,,,,Q4
WEIPA,WEIPA,2004,6,6,0.0,43.0,3.0,False,37300.0,Weipa,1670.0,2507.0,79.3,1.8200924758301809,37300,1058.0,10,,0.0,0.0,0.0,25.748502994011975,Q5 least disadv
WEIPA,WEIPA,2005,12,12,0.0,48.333333333333336,3.0,False,37300.0,Weipa,1808.0,2721.0,81.425,1.7725923651622149,37300,1058.0,10,,0.0,0.0,0.0,26.733038348082598,Q5 least disadv
WEIPA,WEIPA,2006,12,12,0.0,51.0,3.0,False,37300.0,Weipa,1926.0,2902.0,84.45,1.7090980856522597,37300,1058.0,10,,0.0,0.0,0.0,26.4797507788162,Q5 least disadv
WEIPA,WEIPA,2007,12,12,0.0,51.666666666666664,3.0,False,37300.0,Weipa,2093.0,3133.0,87.025,1.658527243129369,37300,1058.0,10,,0.0,0.0,0.0,24.685459468068164,Q5 least disadv
WEIPA,WEIPA,2008,12,12,0.0,59.0,3.0,False,37300.0,Weipa,2174.0,3246.0,91.325,1.5804361711835022,37300,1058.0,10,,0.0,0.0,0.0,27.138914443422262,Q5 least disadv
WEIPA,WEIPA,2009,12,12,0.0,59.0,3.0,False,37300.0,Weipa,2228.0,3303.0,93.5,1.5436720142602496,37300,1058.0,10,,0.0,0.0,0.0,26.481149012567325,Q5 least disadv
WEIPA,WEIPA,2010,12,12,0.0,59.0,3.0,False,37300.0,Weipa,2244.0,3337.0,96.35000000000001,1.498010724788099,37300,1058.0,10,,0.0,0.0,0.0,26.292335115864528,Q5 least disadv
WEIPA,WEIPA,2011,12,12,0.0,59.0,3.0,False,37300.0,Weipa,2330.0,3423.0,99.45,1.4513155689626278,37300,1058.0,10,,0.0,0.0,0.0,25.321888412017167,Q5 least disadv
WEIPA,WEIPA,2012,12,12,0.0,59.0,3.0,False,37300.0,Weipa,2535.0,3684.0,100.975,1.4293967153585874,37300,1058.0,10,,0.0,0.0,0.0,23.274161735700197,Q5 least disadv
WEIPA,WEIPA,2013,12,12,0.0,62.333333333333336,3.0,False,37300.0,Weipa,2627.0,3811.0,103.225,1.3982400904173733,37300,1058.0,10,,0.0,0.0,0.0,23.727953305418094,Q5 least disadv
WEIPA,WEIPA,2014,12,12,0.0,66.91666666666667,3.0,False,37300.0,Weipa,2655.0,3863.0,106.05,1.360993242181361,37300,1058.0,10,,0.0,0.0,0.0,25.204017576898934,Q5 least disadv
WEIPA,WEIPA,2015,12,12,0.0,69.5,3.0,False,37300.0,Weipa,2716.0,3964.0,107.675,1.3404535252689422,37300,1058.0,10,,0.0,0.0,0.0,25.589101620029457,Q5 least disadv
WEIPA,WEIPA,2016,12,12,0.0,74.0,3.0,False,37300.0,Weipa,2737.0,4040.0,109.35,1.3199207437890568,37300,1058.0,10,,0.0,0.0,0.0,27.03690171720862,Q5 least disadv
WEIPA,WEIPA,2017,12,12,0.0,74.0,3.0,False,37300.0,Weipa,2745.0,4057.0,111.3,1.2967954477388441,37300,1058.0,10,,0.0,0.0,0.0,26.958105646630237,Q5 least disadv
WEIPA,WEIPA,2018,12,12,0.0,76.0,3.0,False,37300.0,Weipa,2765.0,4082.0,113.17500000000001,1.275311096384655,37300,1058.0,10,,0.0,0.0,0.0,27.48643761301989,Q5 least disadv
WEIPA,WEIPA,2019,12,12,0.0,76.0,3.0,False,37300.0,Weipa,2793.0,4112.0,115.175,1.253165472831199,37300,1058.0,10,86518.0,0.0,0.0,0.0,27.210884353741495,Q5 least disadv
WEIPA,WEIPA,2020,12,12,0.0,76.0,3.0,False,37300.0,Weipa,2805.0,4143.0,115.875,1.2455951096727798,37300,1058.0,10,87323.0,0.0,0.0,0.0,27.094474153297682,Q5 least disadv
WEIPA,WEIPA,2021,12,12,0.0,76.16666666666667,3.0,False,37300.0,Weipa,2835.0,4177.0,120.175,1.2010262811178145,37300,1058.0,10,89261.0,0.0,0.0,0.0,26.86654908877131,Q5 least disadv
WEIPA,WEIPA,2022,12,12,0.0,78.5,3.0,False,37300.0,Weipa,2844.0,4207.0,128.875,1.1199482702877466,37300,1058.0,10,91699.0,0.0,0.0,0.0,27.60196905766526,Q5 least disadv
WEIPA,WEIPA,2023,12,12,0.0,79.0,3.0,False,37300.0,Weipa,2877.0,4241.0,136.325,1.0587444220306865,37300,1058.0,10,96818.0,0.0,0.0,0.0,27.45915884602016,Q5 least disadv
WEIPA,WEIPA,2024,12,12,0.0,79.25,3.0,False,37300.0,Weipa,2889.0,4268.0,139.85,1.0320581575497558,37300,1058.0,10,,0.0,0.0,0.0,27.431637244721358,Q5 least disadv
WEIPA,WEIPA,2025,12,12,0.0,79.0,3.0,False,37300.0,Weipa,2896.0,4297.0,144.33333333333334,1.0,37300,1058.0,10,,0.0,0.0,0.0,27.27900552486188,Q5 least disadv
WEIPA,WEIPA,2026,8,8,0.0,79.0,3.0,False,,,,,,,37300,1058.0,10,,,,,,Q5 least disadv
WESTERN DOWNS,WESTERN DOWNS,2004,6,0,3896145.31,343.3333333333333,24.666666666666668,False,37310.0,Western Downs,20132.0,28655.0,79.3,1.8200924758301809,37310,946.0,3,,7091344.763472048,352.24243808225947,20654.402223704994,17.05410954367839,Q2
WESTERN DOWNS,WESTERN DOWNS,2005,12,0,8093593.32,359.75,24.083333333333332,True,37310.0,Western Downs,20313.0,28837.0,81.425,1.7725923651622149,37310,946.0,3,,14346641.725759903,706.2788227125438,39879.47665256401,17.710333284103775,Q2
WESTERN DOWNS,WESTERN DOWNS,2006,12,0,9064776.66,358.25,24.75,True,37310.0,Western Downs,20536.0,29122.0,84.45,1.7090980856522597,37310,946.0,3,,15492592.436471285,754.4113964000431,43245.19870613059,17.444974678613168,Q2
WESTERN DOWNS,WESTERN DOWNS,2007,12,0,8251783.38,366.1666666666667,25.0,True,37310.0,Western Downs,20774.0,29520.0,87.025,1.658527243129369,37310,946.0,3,,13685807.540132146,658.795010115151,37375.89678688797,17.62619941593659,Q2
WESTERN DOWNS,WESTERN DOWNS,2008,12,0,9653014.45,377.3333333333333,26.0,True,37310.0,Western Downs,21258.0,30235.0,91.325,1.5804361711835022,37310,946.0,3,,15255973.19773702,717.6579733623586,40431.02437562815,17.75018032427008,Q2
WESTERN DOWNS,WESTERN DOWNS,2009,12,0,10316746.33,393.3333333333333,25.833333333333332,True,37310.0,Western Downs,21712.0,30893.0,93.5,1.5436720142602496,37310,946.0,3,,15925672.587843137,733.4963424761946,40488.99810468595,18.115942028985508,Q2
WESTERN DOWNS,WESTERN DOWNS,2010,12,0,9633535.61,379.6666666666667,25.0,True,37310.0,Western Downs,22092.0,31466.0,96.35000000000001,1.498010724788099,37310,946.0,3,,14431139.66140806,653.2292079217843,38010.02544708005,17.185708250347034,Q2
WESTERN DOWNS,WESTERN DOWNS,2011,12,0,12283795.200000001,390.75,24.583333333333332,True,37310.0,Western Downs,22770.0,32365.0,99.45,1.4513155689626278,37310,946.0,3,,17827663.219708398,782.9452446073078,45624.21809266385,17.160737812911727,Q2
WESTERN DOWNS,WESTERN DOWNS,2012,12,0,14005722.22,392.75,24.666666666666668,True,37310.0,Western Downs,23162.0,32899.0,100.975,1.4293967153585874,37310,946.0,3,,20019733.337492783,864.3352619589319,50973.22301080276,16.956653138761766,Q2
WESTERN DOWNS,WESTERN DOWNS,2013,12,0,15887085.73,389.4166666666667,24.166666666666668,True,37310.0,Western Downs,23564.0,33415.0,103.225,1.3982400904173733,37310,946.0,3,,22213960.187583763,942.7075279062877,57044.194789429734,16.52591523793357,Q2
WESTERN DOWNS,WESTERN DOWNS,2014,12,0,14860207.46,328.5833333333333,22.0,True,37310.0,Western Downs,23911.0,33744.0,106.05,1.360993242181361,37310,946.0,3,,20224641.93047305,845.8300334771883,61551.02793955785,13.741931886300586,Q2
WESTERN DOWNS,WESTERN DOWNS,2015,12,0,12164399.72,335.4166666666667,21.833333333333332,True,37310.0,Western Downs,24090.0,33867.0,107.675,1.3404535252689422,37310,946.0,3,,16305812.487454535,676.8705889354311,48613.60244706942,13.923481389234814,Q2
WESTERN DOWNS,WESTERN DOWNS,2016,12,0,11314892.55,331.75,21.833333333333332,True,37310.0,Western Downs,24235.0,34049.0,109.35,1.3199207437890568,37310,946.0,3,,14934761.390489258,616.2476331953479,45018.12024262022,13.688879719414071,Q2
WESTERN DOWNS,WESTERN DOWNS,2017,12,0,12092431.18,324.9166666666667,22.0,True,37310.0,Western Downs,24487.0,34292.0,111.3,1.2967954477388441,37310,946.0,3,,15681409.70631926,640.3973417045477,48262.86649803311,13.26894542682512,Q2
WESTERN DOWNS,WESTERN DOWNS,2018,12,0,12559974.03,330.8333333333333,22.25,True,37310.0,Western Downs,24566.0,34338.0,113.17500000000001,1.275311096384655,37310,946.0,3,,16017874.250762094,652.0342852219366,48416.74836502397,13.46712258134549,Q2
WESTERN DOWNS,WESTERN DOWNS,2019,12,0,13388322.45,348.0833333333333,22.666666666666668,True,37310.0,Western Downs,24697.0,34420.0,115.175,1.253165472831199,37310,946.0,3,44503.0,16777783.433470804,679.3449987233593,48200.479100227356,14.094154485700017,Q2
WESTERN DOWNS,WESTERN DOWNS,2020,12,4,10360686.98,334.0,20.75,False,37310.0,Western Downs,24753.0,34390.0,115.875,1.2455951096727798,37310,946.0,3,42918.0,12905221.035138441,521.3598769902009,38638.386332749826,13.493313941744436,Q2
WESTERN DOWNS,WESTERN DOWNS,2021,12,0,16945984.16,327.1666666666667,20.0,True,37310.0,Western Downs,24799.0,34351.0,120.175,1.2010262811178145,37310,946.0,3,45144.0,20352572.335566193,820.701332132997,62208.57565634088,13.192736266247296,Q2
WESTERN DOWNS,WESTERN DOWNS,2022,12,0,20188456.72,327.1666666666667,20.0,True,37310.0,Western Downs,24910.0,34500.0,128.875,1.1199482702877466,37310,946.0,3,49717.0,22610027.18334303,907.668694634405,69108.59047379428,13.133948882644187,Q2
WESTERN DOWNS,WESTERN DOWNS,2023,12,0,20917967.53,323.9166666666667,19.166666666666668,True,37310.0,Western Downs,25168.0,34925.0,136.325,1.0587444220306865,37310,946.0,3,52022.0,22146781.44260652,879.9579403451414,68371.84906387399,12.870179063360883,Q2
WESTERN DOWNS,WESTERN DOWNS,2024,12,0,23370519.62,333.3333333333333,19.0,True,37310.0,Western Downs,25563.0,35237.0,139.85,1.0320581575497558,37310,946.0,3,,24119735.41999762,943.5408762663858,72359.20625999286,13.03967974546545,Q2
WESTERN DOWNS,WESTERN DOWNS,2025,12,0,25370145.19,338.0833333333333,19.0,True,37310.0,Western Downs,25695.0,35452.0,144.33333333333334,1.0,37310,946.0,3,,25370145.19,987.357275345398,75041.09989647524,13.157553350197833,Q2
WESTERN DOWNS,WESTERN DOWNS,2026,8,0,17920978.67,340.0,19.0,False,,,,,,,37310,946.0,3,,,,,,Q2
WHITSUNDAY,WHITSUNDAY,2004,6,0,9467876.02,493.8333333333333,26.666666666666668,False,37340.0,Whitsunday,21761.0,28977.0,79.3,1.8200924758301809,37340,969.0,5,,17232409.906094998,791.8942101050043,34895.193869919,22.693503668642677,Q3
WHITSUNDAY,WHITSUNDAY,2005,12,0,18596828.86,489.4166666666667,25.75,True,37340.0,Whitsunday,22414.0,29606.0,81.425,1.7725923651622149,37340,969.0,5,,32964596.853464335,1470.7145914814105,67354.87182727261,21.835311263793464,Q3
WHITSUNDAY,WHITSUNDAY,2006,12,0,18968536.41,485.6666666666667,25.0,True,37340.0,Whitsunday,23042.0,30255.0,84.45,1.7090980856522597,37340,969.0,5,,32419089.26595619,1406.9563955366805,66751.72806991666,21.077452767410236,Q3
WHITSUNDAY,WHITSUNDAY,2007,12,0,18649866.16,486.25,24.833333333333332,True,37340.0,Whitsunday,23410.0,30759.0,87.025,1.658527243129369,37340,969.0,5,,30931311.10707651,1321.286249768326,63611.95086288229,20.771038017941052,Q3
WHITSUNDAY,WHITSUNDAY,2008,12,0,19834067.91,454.9166666666667,22.416666666666668,True,37340.0,Whitsunday,23824.0,31337.0,91.325,1.5804361711835022,37340,969.0,5,,31346478.34667397,1315.7521132754352,68905.97914637985,19.094890306693532,Q3
WHITSUNDAY,WHITSUNDAY,2009,12,0,19146910.94,452.9166666666667,22.0,True,37340.0,Whitsunday,24168.0,31838.0,93.5,1.5436720142602496,37340,969.0,5,,29556550.57761141,1222.9622052967316,65258.25334523218,18.740345360255986,Q3
WHITSUNDAY,WHITSUNDAY,2010,12,0,17713671.64,461.8333333333333,20.833333333333332,True,37340.0,Whitsunday,24384.0,32140.0,96.35000000000001,1.498010724788099,37340,969.0,5,,26535270.092094794,1088.2246592886645,57456.37695870399,18.940015310586176,Q3
WHITSUNDAY,WHITSUNDAY,2011,12,0,17836361.46,432.0833333333333,18.5,True,37340.0,Whitsunday,24636.0,32416.0,99.45,1.4513155689626278,37340,969.0,5,,25886189.08054299,1050.746431260878,59910.177235586474,17.53869675813173,Q3
WHITSUNDAY,WHITSUNDAY,2012,12,0,20245150.93,437.9166666666667,19.0,True,37340.0,Whitsunday,25469.0,33397.0,100.975,1.4293967153585874,37340,969.0,5,,28938352.24128085,1136.218628186456,66081.87000863372,17.194105252136584,Q3
WHITSUNDAY,WHITSUNDAY,2013,12,0,19158922.32,442.5,19.0,True,37340.0,Whitsunday,26075.0,34113.0,103.225,1.3982400904173733,37340,969.0,5,,26788773.27701623,1027.3738553026358,60539.60062602538,16.970278044103548,Q3
WHITSUNDAY,WHITSUNDAY,2014,12,0,18411649.55,435.1666666666667,18.083333333333332,True,37340.0,Whitsunday,26276.0,34362.0,106.05,1.360993242181361,37340,969.0,5,,25058130.614961497,953.6508835043956,57582.83557631903,16.561374131019434,Q3
WHITSUNDAY,WHITSUNDAY,2015,12,0,18435848.53,426.4166666666667,17.916666666666668,True,37340.0,Whitsunday,26414.0,34509.0,107.675,1.3404535252689422,37340,969.0,5,,24712398.153362747,935.5795469585352,57953.640383105914,16.143585472350523,Q3
WHITSUNDAY,WHITSUNDAY,2016,12,0,19501763.72,420.4166666666667,17.25,True,37340.0,Whitsunday,26418.0,34538.0,109.35,1.3199207437890568,37340,969.0,5,,25740782.474500842,974.3652992089046,61226.8364111021,15.914023266964444,Q3
WHITSUNDAY,WHITSUNDAY,2017,12,0,22350083.09,415.4166666666667,16.5,True,37340.0,Whitsunday,26882.0,35083.0,111.3,1.2967954477388441,37340,969.0,5,,28983486.00769692,1078.174466471874,69769.67544480703,15.453339285271435,Q3
WHITSUNDAY,WHITSUNDAY,2018,12,0,24795609.71,417.0833333333333,16.0,True,37340.0,Whitsunday,27380.0,35651.0,113.17500000000001,1.275311096384655,37340,969.0,5,,31622116.2047861,1154.9348504304637,75817.26162985679,15.233138543949353,Q3
WHITSUNDAY,WHITSUNDAY,2019,12,0,24856494.310000002,418.5,15.916666666666666,True,37340.0,Whitsunday,27925.0,36266.0,115.175,1.253165472831199,37340,969.0,5,43413.0,31149300.44491716,1115.4628628439448,74430.8254358833,14.986571172784243,Q3
WHITSUNDAY,WHITSUNDAY,2020,12,4,20881483.94,412.75,15.0,False,37340.0,Whitsunday,28671.0,37105.0,115.875,1.2455951096727798,37340,969.0,5,42360.0,26009874.27837469,907.1840632825744,63016.04912992051,14.396079662376618,Q3
WHITSUNDAY,WHITSUNDAY,2021,12,0,30580473.32,413.0,15.0,True,37340.0,Whitsunday,29177.0,37642.0,120.175,1.2010262811178145,37340,969.0,5,47675.0,36727952.14634214,1258.7980994050843,88929.66621390349,14.154985090996332,Q3
WHITSUNDAY,WHITSUNDAY,2022,12,0,32459256.29,413.5833333333333,15.0,True,37340.0,Whitsunday,29769.0,38420.0,128.875,1.1199482702877466,37340,969.0,5,49925.0,36352687.936812155,1221.1591903259148,87896.88801969492,13.893087887847537,Q3
WHITSUNDAY,WHITSUNDAY,2023,12,0,33865189.92,430.75,15.0,True,37340.0,Whitsunday,30814.0,39621.0,136.325,1.0587444220306865,37340,969.0,5,50734.0,35854580.92880984,1163.58087002044,83237.56454744012,13.979035503342637,Q3
WHITSUNDAY,WHITSUNDAY,2024,12,0,36066349.72,435.5833333333333,15.083333333333334,True,37340.0,Whitsunday,31597.0,40639.0,139.85,1.0320581575497558,37340,969.0,5,,37222570.44156835,1178.041283715807,85454.53325020475,13.785591459104767,Q3
WHITSUNDAY,WHITSUNDAY,2025,12,0,39233860.76,488.5833333333333,16.916666666666668,True,37340.0,Whitsunday,32248.0,41374.0,144.33333333333334,1.0,37340,969.0,5,,39233860.76,1216.6292718928305,80301.26711922223,15.150810386173818,Q3
WHITSUNDAY,WHITSUNDAY,2026,8,0,27183008.740000002,495.25,17.0,False,,,,,,,37340,969.0,5,,,,,,Q3
WINTON,WINTON,2004,6,6,0.0,39.0,4.0,False,37400.0,Winton,1101.0,1473.0,79.3,1.8200924758301809,37400,993.0,7,,0.0,0.0,0.0,35.42234332425068,Q4
WINTON,WINTON,2005,12,12,0.0,39.0,4.0,False,37400.0,Winton,1098.0,1454.0,81.425,1.7725923651622149,37400,993.0,7,,0.0,0.0,0.0,35.51912568306011,Q4
WINTON,WINTON,2006,12,12,0.0,37.666666666666664,4.0,False,37400.0,Winton,1087.0,1423.0,84.45,1.7090980856522597,37400,993.0,7,,0.0,0.0,0.0,34.65194725544311,Q4
WINTON,WINTON,2007,12,12,0.0,35.666666666666664,4.0,False,37400.0,Winton,1053.0,1403.0,87.025,1.658527243129369,37400,993.0,7,,0.0,0.0,0.0,33.87147831592276,Q4
WINTON,WINTON,2008,12,12,0.0,34.5,4.0,False,37400.0,Winton,1022.0,1372.0,91.325,1.5804361711835022,37400,993.0,7,,0.0,0.0,0.0,33.7573385518591,Q4
WINTON,WINTON,2009,12,12,0.0,33.0,4.0,False,37400.0,Winton,1020.0,1371.0,93.5,1.5436720142602496,37400,993.0,7,,0.0,0.0,0.0,32.35294117647059,Q4
WINTON,WINTON,2010,12,12,0.0,33.0,4.0,False,37400.0,Winton,1027.0,1359.0,96.35000000000001,1.498010724788099,37400,993.0,7,,0.0,0.0,0.0,32.13242453748783,Q4
WINTON,WINTON,2011,12,12,0.0,33.0,4.0,False,37400.0,Winton,1045.0,1380.0,99.45,1.4513155689626278,37400,993.0,7,,0.0,0.0,0.0,31.57894736842105,Q4
WINTON,WINTON,2012,12,12,0.0,26.333333333333332,3.6666666666666665,False,37400.0,Winton,1020.0,1345.0,100.975,1.4293967153585874,37400,993.0,7,,0.0,0.0,0.0,25.816993464052285,Q4
WINTON,WINTON,2013,12,12,0.0,13.0,3.0,False,37400.0,Winton,1007.0,1312.0,103.225,1.3982400904173733,37400,993.0,7,,0.0,0.0,0.0,12.909632571996028,Q4
WINTON,WINTON,2014,12,12,0.0,13.0,3.0,False,37400.0,Winton,992.0,1276.0,106.05,1.360993242181361,37400,993.0,7,,0.0,0.0,0.0,13.10483870967742,Q4
WINTON,WINTON,2015,12,12,0.0,13.0,3.0,False,37400.0,Winton,960.0,1222.0,107.675,1.3404535252689422,37400,993.0,7,,0.0,0.0,0.0,13.541666666666666,Q4
WINTON,WINTON,2016,12,12,0.0,13.0,3.0,False,37400.0,Winton,907.0,1154.0,109.35,1.3199207437890568,37400,993.0,7,,0.0,0.0,0.0,14.332965821389195,Q4
WINTON,WINTON,2017,12,12,0.0,13.0,3.0,False,37400.0,Winton,901.0,1149.0,111.3,1.2967954477388441,37400,993.0,7,,0.0,0.0,0.0,14.428412874583795,Q4
WINTON,WINTON,2018,12,12,0.0,14.75,3.0,False,37400.0,Winton,911.0,1155.0,113.17500000000001,1.275311096384655,37400,993.0,7,,0.0,0.0,0.0,16.19099890230516,Q4
WINTON,WINTON,2019,12,12,0.0,15.0,3.0,False,37400.0,Winton,902.0,1150.0,115.175,1.253165472831199,37400,993.0,7,46906.0,0.0,0.0,0.0,16.62971175166297,Q4
WINTON,WINTON,2020,12,12,0.0,15.0,3.0,False,37400.0,Winton,880.0,1130.0,115.875,1.2455951096727798,37400,993.0,7,49124.0,0.0,0.0,0.0,17.045454545454547,Q4
WINTON,WINTON,2021,12,12,0.0,15.0,3.0,False,37400.0,Winton,894.0,1133.0,120.175,1.2010262811178145,37400,993.0,7,52349.0,0.0,0.0,0.0,16.778523489932887,Q4
WINTON,WINTON,2022,12,12,0.0,15.0,3.0,False,37400.0,Winton,896.0,1131.0,128.875,1.1199482702877466,37400,993.0,7,52604.0,0.0,0.0,0.0,16.741071428571427,Q4
WINTON,WINTON,2023,12,12,0.0,15.0,3.0,False,37400.0,Winton,891.0,1130.0,136.325,1.0587444220306865,37400,993.0,7,55581.0,0.0,0.0,0.0,16.835016835016834,Q4
WINTON,WINTON,2024,12,12,0.0,10.5,2.25,False,37400.0,Winton,894.0,1138.0,139.85,1.0320581575497558,37400,993.0,7,,0.0,0.0,0.0,11.74496644295302,Q4
WINTON,WINTON,2025,12,12,0.0,9.0,2.0,False,37400.0,Winton,874.0,1152.0,144.33333333333334,1.0,37400,993.0,7,,0.0,0.0,0.0,10.297482837528603,Q4
WINTON,WINTON,2026,8,8,0.0,9.0,2.0,False,,,,,,,37400,993.0,7,,,,,,Q4
