Month Year,LGA Region,Approved Sites,Operational Sites,Approved EGMs,Operational EGMs,Metered Win
July 2004,BALONNE,7,6,74,74,139309.64
July 2004,BANANA,11,11,183,183,296541.83
July 2004,BARCALDINE,3,3,28,28,
July 2004,BLACKALL TAMBO,3,3,26,26,
July 2004,BRISBANE,242,230,8801,8370,32591122.98
July 2004,BUNDABERG,43,42,1014,968,3468944.68
July 2004,BURDEKIN,8,8,185,169,440256.83
July 2004,CAIRNS,44,44,1536,1497,4698889.17
July 2004,CARPENTARIA,2,2,36,36,
July 2004,CASSOWARY COAST,17,16,344,324,901792.72
July 2004,CENTRAL HIGHLANDS,20,20,405,386,1141868.5
July 2004,CHARTERS TOWERS,10,10,178,178,328243.44
July 2004,CLONCURRY,6,6,77,77,176176.4
July 2004,COOK,3,2,25,15,
July 2004,DOUGLAS,11,11,143,133,482907.79
July 2004,FLINDERS,3,3,39,39,
July 2004,FRASER COAST,40,40,1147,1124,3927990.42
July 2004,GLADSTONE,23,23,558,549,1998615.23
July 2004,GOLD COAST,131,129,5180,5003,21997380.22
July 2004,GOONDIWINDI,11,11,183,175,384871.02
July 2004,GYMPIE,23,23,360,348,1033524.67
July 2004,HINCHINBROOK,8,7,88,82,250467.97
July 2004,IPSWICH,41,38,1298,1200,5272361.5
July 2004,ISAAC,17,17,234,231,658395.81
July 2004,LIVINGSTONE,13,13,273,260,759295.38
July 2004,LOCKYER VALLEY,19,19,280,265,767601.46
July 2004,LOGAN,41,39,1772,1723,10080496.86
July 2004,LONGREACH,6,6,79,79,123490.23
July 2004,MACKAY,47,46,1294,1232,3952990.09
July 2004,MARANOA,8,8,127,127,232043.13
July 2004,MAREEBA,7,7,177,174,483970.38
July 2004,MCKINLAY,2,2,21,21,
July 2004,MORETON BAY,63,63,2610,2564,11937794.39
July 2004,MOUNT ISA,9,9,506,506,1467412.21
July 2004,MURWEH,8,8,71,71,154319.35
July 2004,NOOSA,20,19,559,531,2122100.6
July 2004,NORTH BURNETT,11,11,103,103,291640.77
July 2004,PAROO,2,2,25,25,
July 2004,QUILPIE,1,1,5,5,
July 2004,REDLAND,28,28,1126,1110,4587508.56
July 2004,RICHMOND,2,1,16,4,
July 2004,ROCKHAMPTON,43,42,986,941,3022143.51
July 2004,SCENIC RIM,21,21,238,236,564725.04
July 2004,SOMERSET,13,13,135,130,454375.71
July 2004,SOUTH BURNETT,21,21,334,326,932353.54
July 2004,SOUTHERN DOWNS,23,23,410,407,881368.85
July 2004,SUNSHINE COAST,75,73,2572,2478,9415415.29
July 2004,TABLELANDS,7,6,169,121,338596.39
July 2004,TOOWOOMBA,59,56,1381,1310,4278594.5
July 2004,TORRES,4,4,78,78,
July 2004,TOWNSVILLE,52,48,1406,1310,5192631.89
July 2004,WEIPA,3,3,51,43,
July 2004,WESTERN DOWNS,25,25,362,336,680619.14
July 2004,WHITSUNDAY,28,27,498,495,1661193.08
July 2004,WINTON,4,4,39,39,
August 2004,BALONNE,6,6,74,74,119634.66
August 2004,BANANA,11,11,179,179,306836.28
August 2004,BARCALDINE,3,3,28,28,
August 2004,BLACKALL TAMBO,3,3,26,26,
August 2004,BRISBANE,240,232,8800,8418,31866211.07
August 2004,BUNDABERG,43,42,1014,968,3376932.21
August 2004,BURDEKIN,8,8,185,169,425572.59
August 2004,CAIRNS,44,44,1536,1497,4664594.92
August 2004,CARPENTARIA,2,2,36,36,
August 2004,CASSOWARY COAST,17,16,344,324,895399.72
August 2004,CENTRAL HIGHLANDS,20,20,405,386,1073860.23
August 2004,CHARTERS TOWERS,10,10,178,178,348964.53
August 2004,CLONCURRY,6,6,77,77,182668.5
August 2004,COOK,3,2,25,15,
August 2004,DOUGLAS,11,11,143,133,498509.11
August 2004,FLINDERS,3,2,28,28,
August 2004,FRASER COAST,40,40,1147,1145,3810898.59
August 2004,GLADSTONE,23,23,558,549,1987593.89
August 2004,GOLD COAST,132,128,5206,4978,21887793.51
August 2004,GOONDIWINDI,11,11,183,175,398015.24
August 2004,GYMPIE,23,23,360,348,990809.3
August 2004,HINCHINBROOK,8,7,88,82,242550.57
August 2004,IPSWICH,41,38,1284,1218,5091570.84
August 2004,ISAAC,17,17,234,231,696004.72
August 2004,LIVINGSTONE,13,13,268,260,791477.82
August 2004,LOCKYER VALLEY,19,18,271,257,748162.5
August 2004,LOGAN,41,39,1777,1717,10108920.81
August 2004,LONGREACH,6,6,79,79,121314.8
August 2004,MACKAY,47,45,1294,1227,3913828.54
August 2004,MARANOA,8,8,127,127,262993.58
August 2004,MAREEBA,7,7,177,174,492523.47
August 2004,MCKINLAY,2,2,21,21,
August 2004,MORETON BAY,63,63,2610,2575,11534975.96
August 2004,MOUNT ISA,9,9,506,506,1589483.77
August 2004,MURWEH,8,8,76,71,155326.29
August 2004,NOOSA,20,19,559,531,2065999.51
August 2004,NORTH BURNETT,11,11,103,103,281413.57
August 2004,PAROO,2,2,25,25,
August 2004,QUILPIE,1,1,5,5,
August 2004,REDLAND,28,28,1141,1110,4590891.32
August 2004,RICHMOND,2,1,16,4,
August 2004,ROCKHAMPTON,43,43,1001,976,2830965.9
August 2004,SCENIC RIM,21,21,238,238,552041.49
August 2004,SOMERSET,13,13,135,130,402231.33
August 2004,SOUTH BURNETT,21,21,334,326,960407.46
August 2004,SOUTHERN DOWNS,23,23,410,407,874290.06
August 2004,SUNSHINE COAST,75,73,2642,2437,9235565.75
August 2004,TABLELANDS,7,6,169,121,287693.67
August 2004,TOOWOOMBA,58,57,1376,1332,4217788.21
August 2004,TORRES,4,4,78,78,
August 2004,TOWNSVILLE,51,49,1406,1320,5170438.76
August 2004,WEIPA,3,3,51,43,
August 2004,WESTERN DOWNS,25,25,362,336,638489.62
August 2004,WHITSUNDAY,28,27,498,495,1675408.5
August 2004,WINTON,4,4,39,39,
September 2004,BALONNE,6,6,79,74,125416.23
September 2004,BANANA,11,11,179,179,335408.91
September 2004,BARCALDINE,3,3,28,28,
September 2004,BLACKALL TAMBO,3,3,26,26,
September 2004,BRISBANE,241,231,8807,8347,31710200.09
September 2004,BUNDABERG,43,42,1014,968,3403002.06
September 2004,BURDEKIN,8,8,185,185,471162.17
September 2004,CAIRNS,44,44,1536,1501,4856190.48
September 2004,CARPENTARIA,2,2,36,36,
September 2004,CASSOWARY COAST,17,16,344,326,883396.33
September 2004,CENTRAL HIGHLANDS,20,20,405,385,1075252.52
September 2004,CHARTERS TOWERS,10,10,178,178,327976.34
September 2004,CLONCURRY,6,6,80,77,166842.06
September 2004,COOK,3,2,25,15,
September 2004,DOUGLAS,11,11,143,143,491994.09
September 2004,FLINDERS,2,2,28,28,
September 2004,FRASER COAST,40,40,1147,1146,3868383.13
September 2004,GLADSTONE,23,23,563,549,1849393.99
September 2004,GOLD COAST,131,128,5221,5002,21441725.17
September 2004,GOONDIWINDI,11,11,183,178,400045.58
September 2004,GYMPIE,23,23,360,348,975324.08
September 2004,HINCHINBROOK,8,7,88,82,249781.71
September 2004,IPSWICH,41,38,1284,1223,5116253.67
September 2004,ISAAC,17,17,234,231,684467.02
September 2004,LIVINGSTONE,13,13,268,260,748620.66
September 2004,LOCKYER VALLEY,18,18,271,266,750390.78
September 2004,LOGAN,41,39,1777,1722,10026050.12
September 2004,LONGREACH,6,6,79,79,103591.22
September 2004,MACKAY,47,45,1307,1235,4007601
September 2004,MARANOA,8,8,127,127,240739.41
September 2004,MAREEBA,7,7,186,171,480343.35
September 2004,MCKINLAY,2,2,21,21,
September 2004,MORETON BAY,63,63,2680,2578,11512436.7
September 2004,MOUNT ISA,9,9,506,506,1584183.01
September 2004,MURWEH,8,8,76,71,156649.86
September 2004,NOOSA,20,19,559,540,2058874.44
September 2004,NORTH BURNETT,11,11,103,103,279699.67
September 2004,PAROO,2,2,25,25,
September 2004,QUILPIE,1,1,5,5,
September 2004,REDLAND,28,28,1141,1115,4471828.3
September 2004,RICHMOND,2,1,8,4,
September 2004,ROCKHAMPTON,43,42,1001,966,2945091.13
September 2004,SCENIC RIM,21,21,238,238,569651.57
September 2004,SOMERSET,14,13,147,130,424762.49
September 2004,SOUTH BURNETT,21,21,334,326,930204.53
September 2004,SOUTHERN DOWNS,23,23,410,409,880435.69
September 2004,SUNSHINE COAST,75,74,2642,2512,9002086.56
September 2004,TABLELANDS,7,6,169,121,318501.34
September 2004,TOOWOOMBA,58,57,1389,1332,4156584.16
September 2004,TORRES,4,4,78,78,
September 2004,TOWNSVILLE,51,49,1415,1320,5261179.73
September 2004,WEIPA,3,3,51,43,
September 2004,WESTERN DOWNS,25,25,362,340,645303.53
September 2004,WHITSUNDAY,28,27,498,495,1707872.78
September 2004,WINTON,4,4,39,39,
October 2004,BALONNE,6,6,79,79,130984.01
October 2004,BANANA,11,11,179,179,336815.81
October 2004,BARCALDINE,3,3,28,28,
October 2004,BLACKALL TAMBO,3,3,26,26,
October 2004,BRISBANE,241,232,8815,8395,33455868.28
October 2004,BUNDABERG,43,42,1014,968,3353350.39
October 2004,BURDEKIN,8,8,185,185,464402.15
October 2004,CAIRNS,44,43,1536,1493,4579344.29
October 2004,CARPENTARIA,2,2,36,36,
October 2004,CASSOWARY COAST,17,16,344,331,910034.84
October 2004,CENTRAL HIGHLANDS,20,20,405,386,1138404.56
October 2004,CHARTERS TOWERS,10,10,178,178,311710.01
October 2004,CLONCURRY,6,6,80,77,156871.51
October 2004,COOK,3,3,25,25,
October 2004,DOUGLAS,11,11,151,143,471223.07
October 2004,FLINDERS,2,2,28,28,
October 2004,FRASER COAST,40,40,1147,1147,4116721.37
October 2004,GLADSTONE,23,23,563,549,1938669.3
October 2004,GOLD COAST,131,128,5221,5009,22677210.6
October 2004,GOONDIWINDI,11,11,183,179,375053.23
October 2004,GYMPIE,23,23,378,348,1038520.62
October 2004,HINCHINBROOK,8,7,88,82,238287.27
October 2004,IPSWICH,41,38,1259,1228,5331322.8
October 2004,ISAAC,17,17,234,234,678156.6
October 2004,LIVINGSTONE,13,13,278,260,777594.34
October 2004,LOCKYER VALLEY,18,18,274,266,772736.99
October 2004,LOGAN,41,39,1777,1728,10212764.85
October 2004,LONGREACH,6,6,79,79,107505.84
October 2004,MACKAY,47,45,1307,1239,4110642
October 2004,MARANOA,8,8,127,127,252851.36
October 2004,MAREEBA,7,7,186,180,457186.1
October 2004,MCKINLAY,2,2,21,21,
October 2004,MORETON BAY,63,63,2680,2585,12099028.17
October 2004,MOUNT ISA,9,9,506,506,1507233.91
October 2004,MURWEH,8,8,76,70,141793.49
October 2004,NOOSA,20,20,561,554,2123449.1
October 2004,NORTH BURNETT,11,11,103,103,247542.23
October 2004,PAROO,2,2,25,25,
October 2004,QUILPIE,1,1,5,5,
October 2004,REDLAND,28,28,1141,1115,4757409.28
October 2004,RICHMOND,2,1,8,8,
October 2004,ROCKHAMPTON,43,41,1001,959,3069772.49
October 2004,SCENIC RIM,21,21,238,238,595689.29
October 2004,SOMERSET,14,13,147,130,400426.45
October 2004,SOUTH BURNETT,21,21,334,326,921754.78
October 2004,SOUTHERN DOWNS,23,23,410,409,945358.86
October 2004,SUNSHINE COAST,75,74,2716,2522,9741927.36
October 2004,TABLELANDS,7,6,169,121,328930.12
October 2004,TOOWOOMBA,58,57,1389,1346,4284555.13
October 2004,TORRES,4,4,78,78,
October 2004,TOWNSVILLE,51,50,1415,1345,5223719.64
October 2004,WEIPA,3,3,51,43,
October 2004,WESTERN DOWNS,25,25,362,347,675362.72
October 2004,WHITSUNDAY,28,27,498,495,1635291.25
October 2004,WINTON,4,4,39,39,
November 2004,BALONNE,6,6,79,79,133687.57
November 2004,BANANA,11,11,179,179,286982.47
November 2004,BARCALDINE,3,3,28,28,
November 2004,BLACKALL TAMBO,3,3,26,26,
November 2004,BRISBANE,241,230,8834,8363,31568400.77
November 2004,BUNDABERG,43,42,1014,923,3202781.83
November 2004,BURDEKIN,8,8,185,185,425690.24
November 2004,CAIRNS,44,43,1536,1493,4303245.79
November 2004,CARPENTARIA,2,2,36,36,
November 2004,CASSOWARY COAST,17,16,344,333,852278.32
November 2004,CENTRAL HIGHLANDS,20,20,405,386,1106892.82
November 2004,CHARTERS TOWERS,10,10,178,178,294217.26
November 2004,CLONCURRY,6,6,80,77,159817.09
November 2004,COOK,3,3,25,25,
November 2004,DOUGLAS,11,11,151,145,414572.05
November 2004,FLINDERS,2,2,28,28,
November 2004,FRASER COAST,40,40,1147,1147,3626433.08
November 2004,GLADSTONE,23,23,560,555,1752405.29
November 2004,GOLD COAST,131,128,5223,5047,21102452.76
November 2004,GOONDIWINDI,11,11,183,179,396697.14
November 2004,GYMPIE,23,23,378,348,958712.34
November 2004,HINCHINBROOK,8,7,94,82,215652.74
November 2004,IPSWICH,40,38,1258,1227,4913348.27
November 2004,ISAAC,17,17,234,222,612168.54
November 2004,LIVINGSTONE,13,13,278,260,707366.8
November 2004,LOCKYER VALLEY,18,18,274,266,747072.57
November 2004,LOGAN,41,39,1777,1728,9582090.41
November 2004,LONGREACH,6,6,79,79,91636.74
November 2004,MACKAY,47,45,1316,1239,3812099.86
November 2004,MARANOA,8,8,127,127,239776.29
November 2004,MAREEBA,7,7,186,186,430591.05
November 2004,MCKINLAY,2,2,21,21,
November 2004,MORETON BAY,63,63,2685,2568,11263090.74
November 2004,MOUNT ISA,9,9,506,506,1459926.37
November 2004,MURWEH,8,8,76,76,153538.6
November 2004,NOOSA,20,20,557,554,2104639.22
November 2004,NORTH BURNETT,11,11,103,103,206438.02
November 2004,PAROO,2,2,25,25,
November 2004,QUILPIE,1,1,5,5,
November 2004,REDLAND,28,28,1149,1117,4391828.02
November 2004,RICHMOND,2,1,8,8,
November 2004,ROCKHAMPTON,42,41,991,959,2825238.49
November 2004,SCENIC RIM,21,21,238,238,514729.31
November 2004,SOMERSET,14,13,147,130,402479.79
November 2004,SOUTH BURNETT,21,21,334,326,848200.35
November 2004,SOUTHERN DOWNS,23,23,409,409,845316.37
November 2004,SUNSHINE COAST,75,74,2712,2527,8962785.22
November 2004,TABLELANDS,7,6,169,121,308958.46
November 2004,TOOWOOMBA,58,57,1398,1351,3891530.98
November 2004,TORRES,4,4,78,78,
November 2004,TOWNSVILLE,51,51,1410,1385,5103387.53
November 2004,WEIPA,3,3,51,43,
November 2004,WESTERN DOWNS,25,24,358,346,612223.47
November 2004,WHITSUNDAY,27,26,492,491,1409829.83
November 2004,WINTON,4,4,39,39,
December 2004,BALONNE,6,6,79,76,163809.25
December 2004,BANANA,11,11,179,179,296210.64
December 2004,BARCALDINE,3,3,28,28,
December 2004,BLACKALL TAMBO,3,3,26,26,
December 2004,BRISBANE,242,233,8924,8513,33087956.49
December 2004,BUNDABERG,43,42,1014,976,3379325.19
December 2004,BURDEKIN,8,8,185,185,490214.54
December 2004,CAIRNS,44,43,1540,1509,4638577.04
December 2004,CARPENTARIA,2,2,36,36,
December 2004,CASSOWARY COAST,17,16,344,331,924715.92
December 2004,CENTRAL HIGHLANDS,20,20,400,396,1171919.45
December 2004,CHARTERS TOWERS,10,10,178,178,327244.49
December 2004,CLONCURRY,6,6,80,77,160239.82
December 2004,COOK,3,3,25,25,
December 2004,DOUGLAS,11,11,151,145,388346.43
December 2004,FLINDERS,2,2,28,28,
December 2004,FRASER COAST,40,40,1147,1147,3944601.08
December 2004,GLADSTONE,23,23,560,555,1784444.21
December 2004,GOLD COAST,131,128,5240,5106,21754045.98
December 2004,GOONDIWINDI,11,11,183,179,416315.32
December 2004,GYMPIE,23,23,381,358,1030901.47
December 2004,HINCHINBROOK,8,7,94,82,235514.15
December 2004,IPSWICH,40,39,1366,1233,5248464.06
December 2004,ISAAC,17,17,234,234,585096.79
December 2004,LIVINGSTONE,13,13,278,274,765720.32
December 2004,LOCKYER VALLEY,18,18,274,266,775944.56
December 2004,LOGAN,41,40,1801,1768,10050125.32
December 2004,LONGREACH,6,6,79,79,82027.39
December 2004,MACKAY,47,45,1316,1257,3997275.07
December 2004,MARANOA,8,8,127,127,238615.84
December 2004,MAREEBA,7,7,186,186,504463.04
December 2004,MCKINLAY,2,2,21,21,
December 2004,MORETON BAY,63,63,2685,2600,11818010.01
December 2004,MOUNT ISA,9,9,506,506,1532686.48
December 2004,MURWEH,8,8,76,76,140233.92
December 2004,NOOSA,20,20,557,554,1971617.92
December 2004,NORTH BURNETT,11,11,103,103,237718.82
December 2004,PAROO,2,2,25,25,
December 2004,QUILPIE,1,1,5,5,
December 2004,REDLAND,28,28,1161,1133,4684940.87
December 2004,RICHMOND,2,1,8,8,
December 2004,ROCKHAMPTON,42,41,991,959,3101278.39
December 2004,SCENIC RIM,21,20,238,236,566271.93
December 2004,SOMERSET,14,13,147,130,370578.14
December 2004,SOUTH BURNETT,21,21,338,329,884857.15
December 2004,SOUTHERN DOWNS,23,23,409,408,934834.51
December 2004,SUNSHINE COAST,75,75,2712,2560,9366892.38
December 2004,TABLELANDS,7,6,169,108,323648.2
December 2004,TOOWOOMBA,58,57,1408,1355,4093710.36
December 2004,TORRES,4,4,78,78,
December 2004,TOWNSVILLE,51,51,1410,1380,5336264.67
December 2004,WEIPA,3,3,51,43,
December 2004,WESTERN DOWNS,25,24,368,355,644146.83
December 2004,WHITSUNDAY,26,26,492,492,1378280.58
December 2004,WINTON,4,4,39,39,
January 2005,BALONNE,6,6,79,78,162989.88
January 2005,BANANA,11,11,179,179,274951.26
January 2005,BARCALDINE,3,3,28,28,
January 2005,BLACKALL TAMBO,3,3,26,26,
January 2005,BRISBANE,242,232,8891,8443,30153299.14
January 2005,BUNDABERG,43,42,1014,976,3199328.53
January 2005,BURDEKIN,8,8,185,185,413612.55
January 2005,CAIRNS,44,43,1540,1523,4184020.59
January 2005,CARPENTARIA,2,2,36,36,
January 2005,CASSOWARY COAST,17,16,343,333,804759.45
January 2005,CENTRAL HIGHLANDS,20,20,400,396,919751
January 2005,CHARTERS TOWERS,10,10,178,178,266332.12
January 2005,CLONCURRY,6,6,80,77,118749.38
January 2005,COOK,3,3,25,25,
January 2005,DOUGLAS,11,11,151,145,381709.02
January 2005,FLINDERS,2,2,28,28,
January 2005,FRASER COAST,40,40,1147,1147,3792999.73
January 2005,GLADSTONE,23,23,560,555,1647407.97
January 2005,GOLD COAST,131,128,5239,5113,20905215.48
January 2005,GOONDIWINDI,11,11,183,179,371612.6
January 2005,GYMPIE,23,22,370,345,964266.15
January 2005,HINCHINBROOK,8,7,94,82,197582.57
January 2005,IPSWICH,40,39,1366,1238,4585562.55
January 2005,ISAAC,17,17,234,234,552968.41
January 2005,LIVINGSTONE,13,13,278,274,759544.2
January 2005,LOCKYER VALLEY,18,18,274,266,688064.61
January 2005,LOGAN,41,39,1801,1754,8959038.83
January 2005,LONGREACH,6,6,79,79,63967.7
January 2005,MACKAY,47,45,1316,1268,3617837.61
January 2005,MARANOA,8,8,127,127,190467.74
January 2005,MAREEBA,7,7,186,186,467622.18
January 2005,MCKINLAY,2,2,21,21,
January 2005,MORETON BAY,63,63,2685,2588,10871369.88
January 2005,MOUNT ISA,9,8,506,471,1318630.72
January 2005,MURWEH,8,8,76,76,138606.75
January 2005,NOOSA,20,20,557,554,2046732.04
January 2005,NORTH BURNETT,11,11,103,103,197386.54
January 2005,PAROO,2,2,25,25,
January 2005,QUILPIE,1,1,5,5,
January 2005,REDLAND,28,28,1161,1133,4416055.57
January 2005,RICHMOND,2,1,8,8,
January 2005,ROCKHAMPTON,42,41,991,964,2755227.77
January 2005,SCENIC RIM,21,20,236,236,502334.11
January 2005,SOMERSET,14,13,147,130,357050.4
January 2005,SOUTH BURNETT,21,21,338,331,833862.81
January 2005,SOUTHERN DOWNS,23,23,409,408,834592.18
January 2005,SUNSHINE COAST,75,75,2709,2560,9131740.51
January 2005,TABLELANDS,7,6,169,129,295815.79
January 2005,TOOWOOMBA,58,56,1408,1336,3822587.34
January 2005,TORRES,4,4,78,78,
January 2005,TOWNSVILLE,51,50,1410,1375,4565040.19
January 2005,WEIPA,3,3,51,43,
January 2005,WESTERN DOWNS,25,24,368,355,582717.2
January 2005,WHITSUNDAY,26,26,492,492,1338700.1
January 2005,WINTON,4,4,39,39,
February 2005,BALONNE,6,6,79,79,124795.07
February 2005,BANANA,12,11,185,179,272107.51
February 2005,BARCALDINE,3,3,28,28,
February 2005,BLACKALL TAMBO,3,3,26,26,
February 2005,BRISBANE,243,233,8938,8603,28209513.1
February 2005,BUNDABERG,43,42,1014,975,2838272.75
February 2005,BURDEKIN,8,8,185,185,381728.71
February 2005,CAIRNS,44,43,1545,1523,3902523.12
February 2005,CARPENTARIA,2,2,36,36,
February 2005,CASSOWARY COAST,17,15,343,323,735328.59
February 2005,CENTRAL HIGHLANDS,20,20,412,394,960286.9
February 2005,CHARTERS TOWERS,10,10,178,178,236170.16
February 2005,CLONCURRY,6,6,80,77,132484.04
February 2005,COOK,3,3,25,25,
February 2005,DOUGLAS,11,11,155,145,342874.41
February 2005,FLINDERS,2,2,34,28,
February 2005,FRASER COAST,40,40,1156,1146,3260857.9
February 2005,GLADSTONE,23,23,560,555,1574866.16
February 2005,GOLD COAST,131,128,5267,5115,18925390.8
February 2005,GOONDIWINDI,11,11,179,179,365524.38
February 2005,GYMPIE,23,22,365,345,877967.08
February 2005,HINCHINBROOK,8,7,95,82,192964.96
February 2005,IPSWICH,40,40,1366,1246,4441110.56
February 2005,ISAAC,17,17,234,234,592825.14
February 2005,LIVINGSTONE,13,13,278,274,623380.5
February 2005,LOCKYER VALLEY,18,18,274,267,621689.53
February 2005,LOGAN,42,40,1832,1760,8396311.23
February 2005,LONGREACH,6,6,84,79,83301.15
February 2005,MACKAY,47,45,1316,1273,3562944.74
February 2005,MARANOA,8,8,127,127,197062.27
February 2005,MAREEBA,7,7,186,186,425019.78
February 2005,MCKINLAY,2,2,21,21,
February 2005,MORETON BAY,63,63,2685,2584,9982054.75
February 2005,MOUNT ISA,9,8,506,471,1264521.08
February 2005,MURWEH,8,8,76,76,123577.23
February 2005,NOOSA,20,20,557,556,1709240.16
February 2005,NORTH BURNETT,11,11,103,103,181403.47
February 2005,PAROO,2,2,25,25,
February 2005,QUILPIE,1,1,5,5,
February 2005,REDLAND,28,28,1164,1137,3930294.42
February 2005,RICHMOND,2,1,8,8,
February 2005,ROCKHAMPTON,42,41,991,964,2506049.82
February 2005,SCENIC RIM,21,20,236,236,487247.65
February 2005,SOMERSET,14,13,147,130,352562.8
February 2005,SOUTH BURNETT,21,21,333,331,792443.67
February 2005,SOUTHERN DOWNS,23,22,412,406,794973.82
February 2005,SUNSHINE COAST,77,75,2775,2560,7969738.11
February 2005,TABLELANDS,7,6,169,129,300841.68
February 2005,TOOWOOMBA,58,57,1421,1355,3515824.27
February 2005,TORRES,4,4,83,78,
February 2005,TOWNSVILLE,51,49,1410,1341,4460696.84
February 2005,WEIPA,3,3,51,43,
February 2005,WESTERN DOWNS,25,24,372,355,566040.02
February 2005,WHITSUNDAY,26,26,492,492,1126497.97
February 2005,WINTON,4,4,39,39,
March 2005,BALONNE,6,6,79,79,150673.64
March 2005,BANANA,12,10,185,175,317112.2
March 2005,BARCALDINE,3,3,28,28,
March 2005,BLACKALL TAMBO,3,3,26,26,
March 2005,BRISBANE,243,234,8936,8624,31471659.66
March 2005,BUNDABERG,43,41,1013,976,3131118.24
March 2005,BURDEKIN,8,8,185,185,467785.18
March 2005,CAIRNS,44,43,1540,1516,4337190.93
March 2005,CARPENTARIA,2,2,36,36,
March 2005,CASSOWARY COAST,17,15,343,322,827729.88
March 2005,CENTRAL HIGHLANDS,20,20,412,396,1051320.77
March 2005,CHARTERS TOWERS,10,10,178,178,268282.8
March 2005,CLONCURRY,6,6,77,77,140167.92
March 2005,COOK,3,3,25,25,
March 2005,DOUGLAS,11,11,155,151,365318.14
March 2005,FLINDERS,2,2,34,28,
March 2005,FRASER COAST,40,40,1156,1143,3748006.4
March 2005,GLADSTONE,23,23,555,555,1842330.88
March 2005,GOLD COAST,131,128,5267,5109,20862615.31
March 2005,GOONDIWINDI,11,11,179,174,379740.61
March 2005,GYMPIE,23,22,365,360,993664.51
March 2005,HINCHINBROOK,8,7,95,82,217994.71
March 2005,IPSWICH,40,40,1356,1240,4864673.56
March 2005,ISAAC,17,17,234,234,634515.96
March 2005,LIVINGSTONE,13,13,278,274,729051.69
March 2005,LOCKYER VALLEY,18,17,274,252,684697.86
March 2005,LOGAN,42,40,1832,1765,9136753.34
March 2005,LONGREACH,6,6,84,79,81916.49
March 2005,MACKAY,47,45,1308,1272,4052182.28
March 2005,MARANOA,8,8,127,127,218109.72
March 2005,MAREEBA,7,7,186,186,441543.69
March 2005,MCKINLAY,2,2,21,21,
March 2005,MORETON BAY,63,62,2685,2594,10916068.2
March 2005,MOUNT ISA,9,8,506,471,1338032.93
March 2005,MURWEH,8,8,76,76,120809.03
March 2005,NOOSA,20,20,557,557,2044058.56
March 2005,NORTH BURNETT,11,11,103,103,190645.58
March 2005,PAROO,2,2,25,25,
March 2005,QUILPIE,1,1,5,5,
March 2005,REDLAND,28,28,1164,1150,4335477.13
March 2005,RICHMOND,2,1,8,8,
March 2005,ROCKHAMPTON,42,41,991,961,2768161.68
March 2005,SCENIC RIM,21,20,236,236,547405.25
March 2005,SOMERSET,14,12,142,128,338186.19
March 2005,SOUTH BURNETT,21,21,333,331,862244.94
March 2005,SOUTHERN DOWNS,23,22,412,402,909400.58
March 2005,SUNSHINE COAST,77,75,2755,2526,8995363.72
March 2005,TABLELANDS,7,6,169,129,332299.42
March 2005,TOOWOOMBA,58,57,1421,1370,3897049.25
March 2005,TORRES,4,4,83,78,
March 2005,TOWNSVILLE,51,50,1410,1369,5030862.48
March 2005,WEIPA,3,3,51,43,
March 2005,WESTERN DOWNS,25,24,367,355,596202.61
March 2005,WHITSUNDAY,26,26,492,492,1328440.2
March 2005,WINTON,4,4,39,39,
April 2005,BALONNE,6,6,79,79,159246.96
April 2005,BANANA,12,11,185,179,299440.27
April 2005,BARCALDINE,3,3,28,28,
April 2005,BLACKALL TAMBO,3,3,26,26,
April 2005,BRISBANE,243,234,8959,8642,31873600.54
April 2005,BUNDABERG,43,41,1074,982,3421709.13
April 2005,BURDEKIN,8,8,185,185,456764.04
April 2005,CAIRNS,44,43,1549,1523,4478411.62
April 2005,CARPENTARIA,2,2,36,36,
April 2005,CASSOWARY COAST,17,16,343,339,844966.35
April 2005,CENTRAL HIGHLANDS,20,20,412,400,1101041.8
April 2005,CHARTERS TOWERS,10,10,178,178,271342.89
April 2005,CLONCURRY,6,6,77,77,148222.82
April 2005,COOK,3,3,25,25,
April 2005,DOUGLAS,11,11,155,151,401560.95
April 2005,FLINDERS,2,2,34,28,
April 2005,FRASER COAST,40,40,1161,1147,3940359.02
April 2005,GLADSTONE,23,22,572,531,1800976.53
April 2005,GOLD COAST,131,129,5297,5155,20961478.89
April 2005,GOONDIWINDI,11,11,187,179,431605.96
April 2005,GYMPIE,23,21,365,354,1016217.44
April 2005,HINCHINBROOK,8,7,95,83,222996.53
April 2005,IPSWICH,40,40,1356,1240,4936090.63
April 2005,ISAAC,17,17,234,233,686863.95
April 2005,LIVINGSTONE,14,13,284,274,667658.77
April 2005,LOCKYER VALLEY,18,18,269,269,707492.36
April 2005,LOGAN,42,40,1833,1768,9430260.32
April 2005,LONGREACH,6,6,84,79,87909.55
April 2005,MACKAY,47,45,1303,1273,4093920.2
April 2005,MARANOA,8,8,127,127,204578.62
April 2005,MAREEBA,7,7,186,186,450610.02
April 2005,MCKINLAY,2,2,21,21,
April 2005,MORETON BAY,63,62,2802,2598,11026459.31
April 2005,MOUNT ISA,9,8,506,471,1452861.48
April 2005,MURWEH,8,8,76,76,133006.12
April 2005,NOOSA,20,20,557,557,1988127.66
April 2005,NORTH BURNETT,11,11,112,103,226695.96
April 2005,PAROO,2,2,25,25,
April 2005,QUILPIE,1,1,5,5,
April 2005,REDLAND,28,28,1164,1151,4458822.47
April 2005,RICHMOND,2,1,8,8,
April 2005,ROCKHAMPTON,42,41,991,977,2873861.09
April 2005,SCENIC RIM,21,20,236,236,543517.95
April 2005,SOMERSET,14,13,142,130,365536.53
April 2005,SOUTH BURNETT,21,21,333,331,869567.58
April 2005,SOUTHERN DOWNS,23,22,412,406,916315.83
April 2005,SUNSHINE COAST,77,75,2845,2540,8804381.73
April 2005,TABLELANDS,7,6,169,129,352711.99
April 2005,TOOWOOMBA,58,58,1429,1375,3920990.58
April 2005,TORRES,4,4,83,78,
April 2005,TOWNSVILLE,51,50,1410,1379,4966016.94
April 2005,WEIPA,3,3,51,43,
April 2005,WESTERN DOWNS,25,24,374,361,645262.03
April 2005,WHITSUNDAY,26,26,492,492,1446519.41
April 2005,WINTON,4,4,39,39,
May 2005,BALONNE,6,6,79,79,139163.26
May 2005,BANANA,12,11,185,179,323471.02
May 2005,BARCALDINE,3,3,28,28,
May 2005,BLACKALL TAMBO,3,3,26,26,
May 2005,BRISBANE,243,234,8959,8647,31614191.13
May 2005,BUNDABERG,43,41,1074,982,3362958.11
May 2005,BURDEKIN,8,8,185,185,498315.22
May 2005,CAIRNS,44,43,1549,1523,4449254.91
May 2005,CARPENTARIA,2,2,36,36,
May 2005,CASSOWARY COAST,17,16,343,339,830415.64
May 2005,CENTRAL HIGHLANDS,20,20,412,400,1190662.17
May 2005,CHARTERS TOWERS,10,10,178,178,263455.07
May 2005,CLONCURRY,6,6,77,77,146354.36
May 2005,COOK,3,3,25,25,
May 2005,DOUGLAS,11,11,155,151,448388.89
May 2005,FLINDERS,2,2,34,28,
May 2005,FRASER COAST,40,40,1161,1147,3771612.05
May 2005,GLADSTONE,23,22,572,531,1745880.52
May 2005,GOLD COAST,131,128,5296,5148,21050794.47
May 2005,GOONDIWINDI,11,11,187,179,429983.75
May 2005,GYMPIE,23,21,365,354,1000653.45
May 2005,HINCHINBROOK,8,7,89,81,239522.33
May 2005,IPSWICH,40,40,1356,1246,4828325.9
May 2005,ISAAC,17,17,234,234,700701.38
May 2005,LIVINGSTONE,14,13,284,274,744584.35
May 2005,LOCKYER VALLEY,18,18,269,269,725350.97
May 2005,LOGAN,42,40,1833,1779,9272216.88
May 2005,LONGREACH,6,6,84,79,94174.54
May 2005,MACKAY,47,45,1303,1283,4134274.9
May 2005,MARANOA,8,8,127,127,234007.68
May 2005,MAREEBA,7,7,186,186,437852.7
May 2005,MCKINLAY,2,2,21,21,
May 2005,MORETON BAY,63,61,2802,2595,11033189.05
May 2005,MOUNT ISA,9,8,506,471,1425835.59
May 2005,MURWEH,8,8,76,76,130522.11
May 2005,NOOSA,20,20,557,557,2015401.1
May 2005,NORTH BURNETT,11,11,112,103,226645.42
May 2005,PAROO,2,2,25,25,
May 2005,QUILPIE,1,1,5,5,
May 2005,REDLAND,28,28,1164,1151,4375874.88
May 2005,RICHMOND,2,1,8,8,
May 2005,ROCKHAMPTON,42,41,991,980,2867348.91
May 2005,SCENIC RIM,21,20,236,236,539124.78
May 2005,SOMERSET,14,13,142,130,378797.49
May 2005,SOUTH BURNETT,21,21,333,333,913175.1
May 2005,SOUTHERN DOWNS,23,22,412,406,883431.79
May 2005,SUNSHINE COAST,77,75,2845,2604,8737137.31
May 2005,TABLELANDS,7,6,169,129,319183.79
May 2005,TOOWOOMBA,58,58,1429,1388,3849925.04
May 2005,TORRES,4,4,83,78,
May 2005,TOWNSVILLE,51,50,1410,1379,5060183.58
May 2005,WEIPA,3,3,51,51,
May 2005,WESTERN DOWNS,25,24,374,361,638810.73
May 2005,WHITSUNDAY,26,26,492,492,1421076.1
May 2005,WINTON,4,4,39,39,
June 2005,BALONNE,6,6,79,79,141452.52
June 2005,BANANA,12,11,175,169,312933.48
June 2005,BARCALDINE,3,3,28,28,
June 2005,BLACKALL TAMBO,3,3,26,26,
June 2005,BRISBANE,242,235,8943,8680,32130995.88
June 2005,BUNDABERG,42,41,1071,981,3446492.02
June 2005,BURDEKIN,8,8,185,185,506468.44
June 2005,CAIRNS,44,43,1549,1523,4507824.26
June 2005,CARPENTARIA,2,2,36,36,
June 2005,CASSOWARY COAST,17,16,343,339,911717.88
June 2005,CENTRAL HIGHLANDS,20,20,412,411,1324227.87
June 2005,CHARTERS TOWERS,10,10,178,178,292310.69
June 2005,CLONCURRY,6,6,77,77,161368.29
June 2005,COOK,3,3,25,25,
June 2005,DOUGLAS,11,11,155,155,455751.24
June 2005,FLINDERS,2,2,34,28,
June 2005,FRASER COAST,40,40,1165,1156,3945498.83
June 2005,GLADSTONE,22,22,548,531,1845824.3
June 2005,GOLD COAST,131,129,5296,5173,20860762.64
June 2005,GOONDIWINDI,11,11,187,179,402883.01
June 2005,GYMPIE,23,21,365,357,962852.77
June 2005,HINCHINBROOK,8,7,95,83,220567.2
June 2005,IPSWICH,40,40,1354,1234,5075874.31
June 2005,ISAAC,17,17,231,231,732340.64
June 2005,LIVINGSTONE,14,13,284,278,754365.38
June 2005,LOCKYER VALLEY,18,18,269,269,742160.57
June 2005,LOGAN,42,40,1842,1779,9493564.24
June 2005,LONGREACH,6,6,84,79,102040.14
June 2005,MACKAY,47,45,1303,1278,4365137.07
June 2005,MARANOA,8,8,127,127,247028.99
June 2005,MAREEBA,7,7,186,186,453967.92
June 2005,MCKINLAY,2,2,21,21,
June 2005,MORETON BAY,65,61,2871,2595,11308600.72
June 2005,MOUNT ISA,9,8,506,470,1500631.7
June 2005,MURWEH,8,8,76,76,133000.97
June 2005,NOOSA,20,20,557,557,1999149.67
June 2005,NORTH BURNETT,11,11,111,102,277161.13
June 2005,PAROO,2,2,25,25,
June 2005,QUILPIE,1,1,5,5,
June 2005,REDLAND,28,28,1024,1156,4488349.79
June 2005,RICHMOND,2,1,8,8,
June 2005,ROCKHAMPTON,41,40,964,964,3148353.8
June 2005,SCENIC RIM,20,20,232,232,559092.55
June 2005,SOMERSET,14,13,142,130,413747.51
June 2005,SOUTH BURNETT,21,21,333,333,955920.03
June 2005,SOUTHERN DOWNS,22,22,412,406,911000.72
June 2005,SUNSHINE COAST,77,75,2860,2627,8961614.43
June 2005,TABLELANDS,7,6,169,129,328870.66
June 2005,TOOWOOMBA,58,58,1429,1388,3970642.26
June 2005,TORRES,4,4,83,78,
June 2005,TOWNSVILLE,51,50,1410,1379,5124199.05
June 2005,WEIPA,3,3,51,51,
June 2005,WESTERN DOWNS,25,24,374,361,668278.92
June 2005,WHITSUNDAY,26,26,494,492,1527750.33
June 2005,WINTON,4,4,39,39,
July 2005,BALONNE,7,6,98,79,168996.81
July 2005,BANANA,12,11,175,169,340580.76
July 2005,BARCALDINE,3,3,28,28,
July 2005,BLACKALL TAMBO,3,3,26,26,
July 2005,BRISBANE,241,233,8933,8646,34355559.48
July 2005,BUNDABERG,42,41,1071,976,3694357.15
July 2005,BURDEKIN,8,8,185,185,553978.42
July 2005,CAIRNS,44,41,1559,1508,5286472.78
July 2005,CARPENTARIA,2,2,36,36,
July 2005,CASSOWARY COAST,17,16,348,339,1067663
July 2005,CENTRAL HIGHLANDS,20,20,412,412,1372891.89
July 2005,CHARTERS TOWERS,10,10,178,178,316099.05
July 2005,CLONCURRY,6,6,77,77,187163.54
July 2005,COOK,3,3,25,25,
July 2005,DOUGLAS,11,11,155,155,558023.75
July 2005,FLINDERS,2,2,34,28,
July 2005,FRASER COAST,40,40,1165,1156,4297403.19
July 2005,GLADSTONE,22,22,562,531,1937872
July 2005,GOLD COAST,133,129,5336,5172,22534345.49
July 2005,GOONDIWINDI,11,11,187,179,448842.71
July 2005,GYMPIE,23,21,365,357,986355.34
July 2005,HINCHINBROOK,8,7,95,83,272912.06
July 2005,IPSWICH,40,40,1354,1244,5382841.77
July 2005,ISAAC,17,17,231,231,762520.79
July 2005,LIVINGSTONE,14,14,284,280,832189.48
July 2005,LOCKYER VALLEY,18,18,269,269,837315.39
July 2005,LOGAN,42,41,1842,1816,10354755.5
July 2005,LONGREACH,6,6,84,79,121880.4
July 2005,MACKAY,47,45,1303,1279,4655002.05
July 2005,MARANOA,8,8,127,127,264920.21
July 2005,MAREEBA,7,7,186,186,517772.56
July 2005,MCKINLAY,2,2,21,21,
July 2005,MORETON BAY,65,62,2875,2640,12292864.21
July 2005,MOUNT ISA,9,8,506,471,1746266.47
July 2005,MURWEH,8,8,76,76,145789.97
July 2005,NOOSA,20,20,562,557,2103905.96
July 2005,NORTH BURNETT,11,11,111,102,272757.32
July 2005,PAROO,2,2,25,25,
July 2005,QUILPIE,1,1,5,5,
July 2005,REDLAND,29,28,1176,1164,4708308.65
July 2005,RICHMOND,2,1,8,8,
July 2005,ROCKHAMPTON,40,40,980,964,3489932.9
July 2005,SCENIC RIM,20,20,232,232,612522.27
July 2005,SOMERSET,14,13,142,130,416752.93
July 2005,SOUTH BURNETT,21,21,333,333,1003787.9
July 2005,SOUTHERN DOWNS,22,22,412,406,943693.95
July 2005,SUNSHINE COAST,77,75,2860,2669,9677547.2
July 2005,TABLELANDS,8,6,169,129,379780.58
July 2005,TOOWOOMBA,58,58,1429,1392,4400172.59
July 2005,TORRES,4,4,83,78,
July 2005,TOWNSVILLE,51,50,1411,1389,6025777.8
July 2005,WEIPA,3,3,51,51,
July 2005,WESTERN DOWNS,25,24,374,361,703959.9
July 2005,WHITSUNDAY,26,26,494,487,1784288.34
July 2005,WINTON,4,4,39,39,
August 2005,BALONNE,7,6,98,79,170765.64
August 2005,BANANA,12,11,185,169,376723.03
August 2005,BARCALDINE,3,3,28,28,
August 2005,BLACKALL TAMBO,3,3,26,26,
August 2005,BRISBANE,240,233,8992,8685,35102432.44
August 2005,BUNDABERG,42,41,1071,982,3818429.34
August 2005,BURDEKIN,8,8,185,185,584090.54
August 2005,CAIRNS,44,41,1554,1512,5659812.92
August 2005,CARPENTARIA,2,2,44,36,
August 2005,CASSOWARY COAST,17,16,354,339,1122009.64
August 2005,CENTRAL HIGHLANDS,20,20,412,412,1451566.84
August 2005,CHARTERS TOWERS,10,10,178,178,387583.41
August 2005,CLONCURRY,6,6,77,77,199767.69
August 2005,COOK,3,3,25,25,
August 2005,DOUGLAS,11,11,155,155,563971.99
August 2005,FLINDERS,2,2,28,28,
August 2005,FRASER COAST,40,40,1165,1160,4234329.12
August 2005,GLADSTONE,22,22,562,531,2093230.78
August 2005,GOLD COAST,133,129,5331,5183,23255292.23
August 2005,GOONDIWINDI,11,11,187,179,432068.05
August 2005,GYMPIE,22,20,357,353,1063703.78
August 2005,HINCHINBROOK,8,7,95,83,282334.5
August 2005,IPSWICH,40,40,1354,1244,5680286.86
August 2005,ISAAC,17,17,231,231,836946.95
August 2005,LIVINGSTONE,14,14,292,280,929044.61
August 2005,LOCKYER VALLEY,18,18,269,269,856035.73
August 2005,LOGAN,42,41,1842,1816,10875248.07
August 2005,LONGREACH,6,6,79,79,130028.91
August 2005,MACKAY,47,45,1303,1279,4917040.65
August 2005,MARANOA,8,8,127,127,293044.35
August 2005,MAREEBA,7,7,186,186,556277.34
August 2005,MCKINLAY,2,2,21,21,
August 2005,MORETON BAY,65,62,2875,2768,12428131.44
August 2005,MOUNT ISA,9,8,506,471,1829522.56
August 2005,MURWEH,8,8,76,76,150933.06
August 2005,NOOSA,20,20,562,557,2192924.9
August 2005,NORTH BURNETT,11,11,111,102,268972.18
August 2005,PAROO,2,2,25,25,
August 2005,QUILPIE,1,1,5,5,
August 2005,REDLAND,29,29,1176,1176,4795730.92
August 2005,RICHMOND,2,1,8,8,
August 2005,ROCKHAMPTON,40,40,980,963,3517971.47
August 2005,SCENIC RIM,20,20,232,232,619968.53
August 2005,SOMERSET,14,13,142,130,431051.02
August 2005,SOUTH BURNETT,21,21,333,333,1070897.41
August 2005,SOUTHERN DOWNS,22,22,417,406,958730.19
August 2005,SUNSHINE COAST,77,75,2873,2652,9950689.92
August 2005,TABLELANDS,8,6,190,129,398427.04
August 2005,TOOWOOMBA,58,58,1429,1392,4498705.68
August 2005,TORRES,4,4,83,83,
August 2005,TOWNSVILLE,51,49,1411,1375,6411786
August 2005,WEIPA,3,3,51,51,
August 2005,WESTERN DOWNS,25,24,370,361,734436.14
August 2005,WHITSUNDAY,26,26,494,492,1895615.74
August 2005,WINTON,4,4,39,39,
September 2005,BALONNE,7,6,98,79,149216.6
September 2005,BANANA,12,11,185,169,371714.27
September 2005,BARCALDINE,3,3,28,28,
September 2005,BLACKALL TAMBO,3,3,26,26,
September 2005,BRISBANE,240,229,9009,8533,33893176.78
September 2005,BUNDABERG,42,41,1071,982,3444065.54
September 2005,BURDEKIN,8,8,185,185,564293.14
September 2005,CAIRNS,44,41,1572,1512,4958000.3
September 2005,CARPENTARIA,2,2,44,36,
September 2005,CASSOWARY COAST,17,16,354,344,981371.47
September 2005,CENTRAL HIGHLANDS,20,20,412,412,1410867.34
September 2005,CHARTERS TOWERS,10,10,178,178,349158.4
September 2005,CLONCURRY,6,6,77,77,185412.14
September 2005,COOK,3,3,25,25,
September 2005,DOUGLAS,11,11,155,155,555822.93
September 2005,FLINDERS,2,2,28,28,
September 2005,FRASER COAST,40,39,1165,1147,3990150.8
September 2005,GLADSTONE,22,22,562,531,2012983.28
September 2005,GOLD COAST,134,129,5354,5180,22155354.75
September 2005,GOONDIWINDI,11,11,187,179,444112.51
September 2005,GYMPIE,22,20,357,353,1003186.8
September 2005,HINCHINBROOK,8,7,95,83,251888.75
September 2005,IPSWICH,41,40,1378,1244,5254559.95
September 2005,ISAAC,17,17,246,231,823526.7
September 2005,LIVINGSTONE,14,14,292,280,866327.28
September 2005,LOCKYER VALLEY,18,18,269,269,781366.01
September 2005,LOGAN,42,41,1842,1821,10436211.53
September 2005,LONGREACH,6,6,79,79,109597.93
September 2005,MACKAY,47,45,1303,1283,4569736.2
September 2005,MARANOA,8,8,127,127,236319.44
September 2005,MAREEBA,7,7,186,187,495234.65
September 2005,MCKINLAY,2,2,21,21,
September 2005,MORETON BAY,65,62,2893,2779,11786079.72
September 2005,MOUNT ISA,9,8,506,471,1637406.76
September 2005,MURWEH,8,8,76,76,142242.35
September 2005,NOOSA,20,20,562,557,2037417.48
September 2005,NORTH BURNETT,11,10,109,109,253871.89
September 2005,PAROO,2,2,25,25,
September 2005,QUILPIE,1,1,5,5,
September 2005,REDLAND,29,29,1176,1176,4685047.48
September 2005,RICHMOND,2,1,8,8,
September 2005,ROCKHAMPTON,40,40,990,980,3388633.39
September 2005,SCENIC RIM,20,20,232,232,588921.05
September 2005,SOMERSET,15,13,149,130,375008.27
September 2005,SOUTH BURNETT,21,21,333,333,980933.33
September 2005,SOUTHERN DOWNS,22,22,417,406,883055.37
September 2005,SUNSHINE COAST,77,75,2873,2663,9076504.88
September 2005,TABLELANDS,8,6,190,129,336172.9
September 2005,TOOWOOMBA,58,58,1428,1392,4368494.27
September 2005,TORRES,4,4,83,83,
September 2005,TOWNSVILLE,51,49,1422,1351,5882039.34
September 2005,WEIPA,3,3,51,51,
September 2005,WESTERN DOWNS,25,24,371,361,725878.73
September 2005,WHITSUNDAY,26,26,494,492,1842510.94
September 2005,WINTON,4,4,39,39,
October 2005,BALONNE,7,6,98,79,145504.65
October 2005,BANANA,12,11,185,169,358134.72
October 2005,BARCALDINE,3,3,28,28,
October 2005,BLACKALL TAMBO,3,3,26,26,
October 2005,BRISBANE,240,231,9048,8584,33394973.78
October 2005,BUNDABERG,42,41,1071,1041,3445112.14
October 2005,BURDEKIN,8,8,185,185,491439.76
October 2005,CAIRNS,44,41,1590,1508,4755677.3
October 2005,CARPENTARIA,2,2,44,36,
October 2005,CASSOWARY COAST,17,16,354,344,908407.05
October 2005,CENTRAL HIGHLANDS,20,20,412,412,1325848.84
October 2005,CHARTERS TOWERS,10,10,178,178,335561.47
October 2005,CLONCURRY,6,6,77,77,175776.86
October 2005,COOK,3,3,25,25,
October 2005,DOUGLAS,11,11,155,155,569409.2
October 2005,FLINDERS,2,2,28,28,
October 2005,FRASER COAST,40,39,1165,1156,3999600.65
October 2005,GLADSTONE,22,22,562,536,1837208.29
October 2005,GOLD COAST,134,129,5368,5180,22346704.51
October 2005,GOONDIWINDI,11,10,187,167,422622.75
October 2005,GYMPIE,22,20,357,353,986536.42
October 2005,HINCHINBROOK,8,7,95,83,243574.99
October 2005,IPSWICH,41,40,1378,1239,5083902.48
October 2005,ISAAC,17,17,246,231,816862.77
October 2005,LIVINGSTONE,14,14,292,280,787342.05
October 2005,LOCKYER VALLEY,18,18,269,269,772636.44
October 2005,LOGAN,42,41,1841,1821,10192539.86
October 2005,LONGREACH,6,6,79,79,113006.7
October 2005,MACKAY,47,45,1332,1283,4599904.97
October 2005,MARANOA,8,8,127,127,263448.27
October 2005,MAREEBA,7,7,186,186,470065.99
October 2005,MCKINLAY,2,2,21,21,
October 2005,MORETON BAY,65,62,2952,2803,12026426.43
October 2005,MOUNT ISA,9,8,506,471,1718182.1
October 2005,MURWEH,8,8,76,76,149711.1
October 2005,NOOSA,20,20,567,557,2132266.28
October 2005,NORTH BURNETT,11,10,109,109,228881.39
October 2005,PAROO,2,2,25,25,
October 2005,QUILPIE,1,1,5,5,
October 2005,REDLAND,29,29,1176,1176,4600201.53
October 2005,RICHMOND,2,1,8,8,
October 2005,ROCKHAMPTON,40,39,990,964,3249107.27
October 2005,SCENIC RIM,20,20,232,232,568483.33
October 2005,SOMERSET,15,13,149,130,402920.77
October 2005,SOUTH BURNETT,21,21,333,333,958289.15
October 2005,SOUTHERN DOWNS,22,22,417,406,919510.7
October 2005,SUNSHINE COAST,77,75,2873,2666,9505568.2
October 2005,TABLELANDS,8,6,190,129,321431.88
October 2005,TOOWOOMBA,58,57,1430,1392,4221807.99
October 2005,TORRES,4,4,83,83,
October 2005,TOWNSVILLE,51,49,1417,1351,5706184.66
October 2005,WEIPA,3,3,51,51,
October 2005,WESTERN DOWNS,25,24,371,361,729337.2
October 2005,WHITSUNDAY,26,25,494,482,1828833.49
October 2005,WINTON,4,4,39,39,
November 2005,BALONNE,7,6,98,79,164561.48
November 2005,BANANA,12,11,185,172,342685.69
November 2005,BARCALDINE,3,3,28,28,
November 2005,BLACKALL TAMBO,3,3,26,26,
November 2005,BRISBANE,239,231,9025,8592,32776868.73
November 2005,BUNDABERG,42,41,1071,1043,3398643.2
November 2005,BURDEKIN,8,8,185,185,473843.71
November 2005,CAIRNS,44,41,1588,1520,4570170.83
November 2005,CARPENTARIA,2,2,44,36,
November 2005,CASSOWARY COAST,17,16,354,343,925188.4
November 2005,CENTRAL HIGHLANDS,20,20,412,412,1350037.53
November 2005,CHARTERS TOWERS,10,10,178,178,351404.08
November 2005,CLONCURRY,6,6,77,77,177318.68
November 2005,COOK,3,3,25,25,
November 2005,DOUGLAS,11,11,155,155,466479.07
November 2005,FLINDERS,2,2,28,28,
November 2005,FRASER COAST,39,39,1148,1148,3802925.23
November 2005,GLADSTONE,22,22,562,535,1803139.38
November 2005,GOLD COAST,134,129,5393,5189,21086266.16
November 2005,GOONDIWINDI,11,10,187,167,382303.04
November 2005,GYMPIE,22,20,357,353,953698.29
November 2005,HINCHINBROOK,8,7,95,83,247725
November 2005,IPSWICH,41,40,1378,1239,4972783.94
November 2005,ISAAC,17,17,246,231,735420.36
November 2005,LIVINGSTONE,14,14,292,280,744575.45
November 2005,LOCKYER VALLEY,18,18,269,269,771004.96
November 2005,LOGAN,42,41,1841,1820,9770075.63
November 2005,LONGREACH,6,6,79,79,86492.31
November 2005,MACKAY,47,45,1332,1283,4549453.12
November 2005,MARANOA,8,8,127,127,233427.87
November 2005,MAREEBA,7,7,186,186,440578
November 2005,MCKINLAY,2,2,21,21,
November 2005,MORETON BAY,65,62,2952,2808,11375466.91
November 2005,MOUNT ISA,9,9,506,506,1629981.39
November 2005,MURWEH,8,8,76,76,138287.45
November 2005,NOOSA,20,20,567,559,1920474.86
November 2005,NORTH BURNETT,10,10,109,109,207965.38
November 2005,PAROO,2,2,25,25,
November 2005,QUILPIE,1,1,5,5,
November 2005,REDLAND,29,29,1176,1176,4495735.86
November 2005,RICHMOND,2,1,8,8,
November 2005,ROCKHAMPTON,40,39,990,964,3322140.17
November 2005,SCENIC RIM,20,20,232,232,564848.18
November 2005,SOMERSET,15,12,144,125,326335.07
November 2005,SOUTH BURNETT,21,21,333,333,931878.4
November 2005,SOUTHERN DOWNS,22,21,417,372,895029.95
November 2005,SUNSHINE COAST,77,75,2873,2671,9002136.46
November 2005,TABLELANDS,8,6,190,129,313093.58
November 2005,TOOWOOMBA,58,56,1427,1386,4065545.72
November 2005,TORRES,4,4,83,78,
November 2005,TOWNSVILLE,50,49,1417,1367,5806238.35
November 2005,WEIPA,3,3,51,51,
November 2005,WESTERN DOWNS,25,24,371,361,738940.13
November 2005,WHITSUNDAY,26,25,494,484,1565750.69
November 2005,WINTON,4,4,39,39,
December 2005,BALONNE,7,6,98,79,190902.26
December 2005,BANANA,12,11,185,179,395657.64
December 2005,BARCALDINE,3,3,28,28,
December 2005,BLACKALL TAMBO,3,3,26,26,
December 2005,BRISBANE,238,231,9029,8686,34097841.53
December 2005,BUNDABERG,42,41,1071,1043,3621656.02
December 2005,BURDEKIN,8,8,185,185,578742.69
December 2005,CAIRNS,43,41,1577,1521,4836986.42
December 2005,CARPENTARIA,2,2,44,36,
December 2005,CASSOWARY COAST,17,16,354,344,957656.73
December 2005,CENTRAL HIGHLANDS,20,20,412,412,1301087.3
December 2005,CHARTERS TOWERS,10,10,178,178,363861.84
December 2005,CLONCURRY,6,6,77,77,163009.17
December 2005,COOK,3,3,25,25,
December 2005,DOUGLAS,11,11,155,155,438421.48
December 2005,FLINDERS,2,2,28,28,
December 2005,FRASER COAST,39,39,1174,1148,4062569.11
December 2005,GLADSTONE,22,22,566,545,1919557.08
December 2005,GOLD COAST,134,129,5438,5182,21396436.26
December 2005,GOONDIWINDI,11,10,187,169,479383.15
December 2005,GYMPIE,22,20,357,353,946097.07
December 2005,HINCHINBROOK,8,7,95,83,239103.03
December 2005,IPSWICH,41,40,1378,1348,5364364.29
December 2005,ISAAC,17,17,255,231,720525.19
December 2005,LIVINGSTONE,14,14,290,276,812715.72
December 2005,LOCKYER VALLEY,18,18,269,269,815306.58
December 2005,LOGAN,42,41,1862,1821,10330307.52
December 2005,LONGREACH,6,6,79,79,79918.6
December 2005,MACKAY,47,45,1377,1312,4754102.91
December 2005,MARANOA,8,7,127,119,243651.67
December 2005,MAREEBA,7,7,186,186,507918.8
December 2005,MCKINLAY,2,2,21,21,
December 2005,MORETON BAY,65,63,2962,2877,12069847.02
December 2005,MOUNT ISA,9,9,506,505,1649013.85
December 2005,MURWEH,8,8,76,76,142577.99
December 2005,NOOSA,20,20,567,567,2002355.29
December 2005,NORTH BURNETT,10,10,109,109,234663.74
December 2005,PAROO,2,2,25,25,
December 2005,QUILPIE,1,1,6,5,
December 2005,REDLAND,29,29,1191,1176,4630786.04
December 2005,RICHMOND,2,1,8,8,
December 2005,ROCKHAMPTON,40,39,999,966,3520076.93
December 2005,SCENIC RIM,20,20,222,232,618006.49
December 2005,SOMERSET,14,12,146,125,363347.67
December 2005,SOUTH BURNETT,21,21,333,333,989593.44
December 2005,SOUTHERN DOWNS,22,22,417,407,979478.85
December 2005,SUNSHINE COAST,77,75,2887,2698,9378044.76
December 2005,TABLELANDS,8,7,190,141,368850.02
December 2005,TOOWOOMBA,58,56,1445,1388,4277125.06
December 2005,TORRES,4,4,83,83,
December 2005,TOWNSVILLE,50,49,1425,1397,6061686.42
December 2005,WEIPA,3,3,51,51,
December 2005,WESTERN DOWNS,25,25,371,364,763729.71
December 2005,WHITSUNDAY,26,25,494,484,1490845.55
December 2005,WINTON,4,4,39,39,
January 2006,BALONNE,7,6,98,79,153981.08
January 2006,BANANA,12,11,185,179,334289.85
January 2006,BARCALDINE,3,3,28,28,
January 2006,BLACKALL TAMBO,3,3,26,26,
January 2006,BRISBANE,238,231,9024,8701,31403272.2
January 2006,BUNDABERG,42,41,1071,1048,3375187.42
January 2006,BURDEKIN,8,8,185,185,471108.41
January 2006,CAIRNS,43,41,1577,1516,4528714.64
January 2006,CARPENTARIA,2,2,44,36,
January 2006,CASSOWARY COAST,17,16,354,344,909832.83
January 2006,CENTRAL HIGHLANDS,20,20,412,412,1177843.89
January 2006,CHARTERS TOWERS,10,10,178,178,313479.87
January 2006,CLONCURRY,6,6,77,77,112396.36
January 2006,COOK,3,3,25,25,
January 2006,DOUGLAS,11,11,155,155,454281.34
January 2006,FLINDERS,2,2,28,28,
January 2006,FRASER COAST,39,39,1174,1144,3997038.1
January 2006,GLADSTONE,22,22,566,545,1752249.21
January 2006,GOLD COAST,134,129,5438,5214,21793118.39
January 2006,GOONDIWINDI,11,10,187,169,419906.91
January 2006,GYMPIE,22,20,357,353,915189.17
January 2006,HINCHINBROOK,8,7,95,83,222364.42
January 2006,IPSWICH,41,40,1378,1343,4857300.14
January 2006,ISAAC,17,17,255,231,752872.8
January 2006,LIVINGSTONE,14,14,290,276,857883.32
January 2006,LOCKYER VALLEY,18,18,269,269,726701.21
January 2006,LOGAN,42,41,1862,1821,9595171.22
January 2006,LONGREACH,6,6,79,79,63339.97
January 2006,MACKAY,47,45,1377,1313,4580251.56
January 2006,MARANOA,7,7,119,119,203288.31
January 2006,MAREEBA,7,7,186,186,435887.25
January 2006,MCKINLAY,2,2,21,21,
January 2006,MORETON BAY,65,63,2962,2881,11692046.28
January 2006,MOUNT ISA,9,9,506,506,1481109.69
January 2006,MURWEH,8,8,76,76,94428.96
January 2006,NOOSA,20,20,567,567,2079283.94
January 2006,NORTH BURNETT,10,10,109,109,188567.12
January 2006,PAROO,2,2,25,25,
January 2006,QUILPIE,1,1,6,5,
January 2006,REDLAND,29,29,1191,1154,4487009.72
January 2006,RICHMOND,2,1,8,8,
January 2006,ROCKHAMPTON,40,39,999,978,3148941.03
January 2006,SCENIC RIM,20,20,232,232,572329.42
January 2006,SOMERSET,14,12,146,125,338586.92
January 2006,SOUTH BURNETT,21,21,333,333,896397.55
January 2006,SOUTHERN DOWNS,22,22,417,407,897286.79
January 2006,SUNSHINE COAST,77,75,2883,2679,9519040.73
January 2006,TABLELANDS,8,7,190,141,385117.43
January 2006,TOOWOOMBA,57,56,1442,1364,3901862.23
January 2006,TORRES,4,4,83,83,
January 2006,TOWNSVILLE,49,49,1420,1401,5660709.66
January 2006,WEIPA,3,3,51,51,
January 2006,WESTERN DOWNS,25,25,371,364,663538.17
January 2006,WHITSUNDAY,26,25,494,484,1411902.09
January 2006,WINTON,4,4,39,39,
February 2006,BALONNE,7,6,98,79,127940.81
February 2006,BANANA,11,11,179,179,376422.4
February 2006,BARCALDINE,3,3,28,28,
February 2006,BLACKALL TAMBO,3,3,26,26,
February 2006,BRISBANE,238,231,9007,8703,29941142.15
February 2006,BUNDABERG,42,41,1071,1048,2928839.15
February 2006,BURDEKIN,8,8,185,185,433513.47
February 2006,CAIRNS,43,41,1577,1467,4084534.13
February 2006,CARPENTARIA,2,2,44,36,
February 2006,CASSOWARY COAST,16,16,350,344,794142.82
February 2006,CENTRAL HIGHLANDS,20,20,412,412,1203238.24
February 2006,CHARTERS TOWERS,10,10,178,175,278218.21
February 2006,CLONCURRY,6,6,77,77,137005.07
February 2006,COOK,3,3,25,25,
February 2006,DOUGLAS,11,11,155,155,399558.79
February 2006,FLINDERS,2,2,28,28,
February 2006,FRASER COAST,39,39,1174,1150,3548639.36
February 2006,GLADSTONE,22,22,566,549,1680360.96
February 2006,GOLD COAST,134,129,5438,5224,19421174.54
February 2006,GOONDIWINDI,11,10,187,169,385370.96
February 2006,GYMPIE,22,20,355,353,840823.73
February 2006,HINCHINBROOK,8,7,95,83,200155.71
February 2006,IPSWICH,41,40,1378,1343,4633231.86
February 2006,ISAAC,17,17,255,234,717434.48
February 2006,LIVINGSTONE,14,14,290,276,684037.7
February 2006,LOCKYER VALLEY,18,18,269,269,626944.14
February 2006,LOGAN,42,41,1862,1830,8624724.65
February 2006,LONGREACH,6,6,79,79,64937.04
February 2006,MACKAY,47,45,1377,1297,4178098.35
February 2006,MARANOA,7,7,119,119,212902.66
February 2006,MAREEBA,7,7,186,183,438635.63
February 2006,MCKINLAY,2,2,21,21,
February 2006,MORETON BAY,65,63,2962,2881,10366203.68
February 2006,MOUNT ISA,9,9,506,506,1429947.58
February 2006,MURWEH,8,8,76,76,100043.73
February 2006,NOOSA,20,20,567,567,1835478.43
February 2006,NORTH BURNETT,10,10,109,97,178838.36
February 2006,PAROO,2,2,25,25,
February 2006,QUILPIE,1,1,6,5,
February 2006,REDLAND,29,29,1191,1154,4116406.37
February 2006,RICHMOND,2,1,8,8,
February 2006,ROCKHAMPTON,40,39,999,959,2893131.62
February 2006,SCENIC RIM,20,20,232,232,497957.28
February 2006,SOMERSET,14,12,146,127,325283.77
February 2006,SOUTH BURNETT,21,21,333,333,859326.77
February 2006,SOUTHERN DOWNS,22,22,417,405,854422.65
February 2006,SUNSHINE COAST,77,75,2883,2699,8367075.96
February 2006,TABLELANDS,8,7,190,141,328253.67
February 2006,TOOWOOMBA,56,56,1426,1388,3652495.35
February 2006,TORRES,4,4,83,83,
February 2006,TOWNSVILLE,49,49,1420,1401,5435629.46
February 2006,WEIPA,3,3,51,51,
February 2006,WESTERN DOWNS,25,25,371,364,608531.44
February 2006,WHITSUNDAY,26,25,494,484,1211079.7
February 2006,WINTON,4,4,39,39,
March 2006,BALONNE,7,6,98,79,139536.98
March 2006,BANANA,11,11,179,179,358356.1
March 2006,BARCALDINE,3,3,28,28,
March 2006,BLACKALL TAMBO,3,3,28,26,
March 2006,BRISBANE,238,231,9040,8673,34174169.85
March 2006,BUNDABERG,42,41,1141,1042,3380127.34
March 2006,BURDEKIN,8,8,185,185,484255.98
March 2006,CAIRNS,43,42,1573,1547,4596163.99
March 2006,CARPENTARIA,2,2,36,36,
March 2006,CASSOWARY COAST,16,14,359,304,888432.01
March 2006,CENTRAL HIGHLANDS,20,20,412,412,1387962.72
March 2006,CHARTERS TOWERS,10,10,175,175,300051.44
March 2006,CLONCURRY,6,6,77,77,167048.44
March 2006,COOK,3,3,30,25,
March 2006,DOUGLAS,11,11,155,155,480698.87
March 2006,FLINDERS,2,2,28,28,
March 2006,FRASER COAST,39,39,1174,1146,3968975.64
March 2006,GLADSTONE,22,22,626,565,1870096.01
March 2006,GOLD COAST,135,129,5483,5232,21799345.42
March 2006,GOONDIWINDI,11,10,195,169,459651.61
March 2006,GYMPIE,22,20,359,353,989975.09
March 2006,HINCHINBROOK,8,7,95,83,229101.31
March 2006,IPSWICH,42,40,1427,1343,5339671.5
March 2006,ISAAC,17,17,255,234,783979.16
March 2006,LIVINGSTONE,15,14,330,276,771078.23
March 2006,LOCKYER VALLEY,18,18,274,269,739528.1
March 2006,LOGAN,42,41,1862,1717,9930954.27
March 2006,LONGREACH,6,6,79,79,82951.53
March 2006,MACKAY,47,45,1379,1315,4804917.07
March 2006,MARANOA,8,7,123,119,232287.46
March 2006,MAREEBA,7,7,193,186,506615.09
March 2006,MCKINLAY,2,2,21,21,
March 2006,MORETON BAY,65,63,2975,2886,11685903.14
March 2006,MOUNT ISA,9,9,506,506,1595369.12
March 2006,MURWEH,8,8,76,76,150013.94
March 2006,NOOSA,20,20,567,566,2080764.81
March 2006,NORTH BURNETT,10,10,109,109,195730.05
March 2006,PAROO,2,2,25,25,
March 2006,QUILPIE,1,1,6,6,
March 2006,REDLAND,29,29,1203,1142,4663915.53
March 2006,RICHMOND,2,1,8,8,
March 2006,ROCKHAMPTON,40,39,1009,978,3447695.21
March 2006,SCENIC RIM,20,20,232,232,564459.91
March 2006,SOMERSET,14,12,146,127,393538.68
March 2006,SOUTH BURNETT,21,21,333,333,951527.45
March 2006,SOUTHERN DOWNS,22,22,412,412,974897.2
March 2006,SUNSHINE COAST,77,74,2887,2681,9575294.86
March 2006,TABLELANDS,8,7,190,141,402298.61
March 2006,TOOWOOMBA,56,56,1439,1388,4318789.12
March 2006,TORRES,4,4,83,83,
March 2006,TOWNSVILLE,49,49,1446,1401,6150135.26
March 2006,WEIPA,3,3,51,51,
March 2006,WESTERN DOWNS,26,25,379,364,796079.6
March 2006,WHITSUNDAY,26,25,494,484,1470468.12
March 2006,WINTON,4,4,45,39,
April 2006,BALONNE,7,6,98,79,138371.81
April 2006,BANANA,11,11,179,179,382494.48
April 2006,BARCALDINE,3,3,28,28,
April 2006,BLACKALL TAMBO,3,3,28,26,
April 2006,BRISBANE,238,231,8997,8695,32115472.46
April 2006,BUNDABERG,42,41,1138,1056,3359654.7
April 2006,BURDEKIN,8,8,185,185,433912.53
April 2006,CAIRNS,44,41,1623,1551,4700741.38
April 2006,CARPENTARIA,2,2,36,36,
April 2006,CASSOWARY COAST,16,14,359,304,1256235.59
April 2006,CENTRAL HIGHLANDS,20,20,412,412,1327230.53
April 2006,CHARTERS TOWERS,10,10,175,175,303031.96
April 2006,CLONCURRY,6,6,77,77,155250.54
April 2006,COOK,3,3,30,25,
April 2006,DOUGLAS,11,11,155,155,470501.82
April 2006,FLINDERS,2,2,28,28,
April 2006,FRASER COAST,39,39,1174,1153,3911874.61
April 2006,GLADSTONE,22,22,626,566,1891757.04
April 2006,GOLD COAST,137,129,5539,5247,20848472.63
April 2006,GOONDIWINDI,11,10,193,169,459429.54
April 2006,GYMPIE,22,20,359,353,934381.45
April 2006,HINCHINBROOK,8,7,95,83,254086.73
April 2006,IPSWICH,43,40,1442,1343,4930386.63
April 2006,ISAAC,17,17,255,234,806414.71
April 2006,LIVINGSTONE,15,14,330,276,861292.72
April 2006,LOCKYER VALLEY,18,18,274,269,687580.17
April 2006,LOGAN,42,41,1853,1830,9310860.49
April 2006,LONGREACH,6,6,79,79,79448.29
April 2006,MACKAY,47,45,1379,1311,4728973.33
April 2006,MARANOA,8,7,123,119,269444.11
April 2006,MAREEBA,7,7,193,186,516064.02
April 2006,MCKINLAY,2,2,21,21,
April 2006,MORETON BAY,65,63,2991,2885,11276162.81
April 2006,MOUNT ISA,9,9,506,506,1619894.37
April 2006,MURWEH,8,8,76,76,137805.87
April 2006,NOOSA,20,20,567,567,2006091.68
April 2006,NORTH BURNETT,10,10,109,109,203604.43
April 2006,PAROO,2,2,25,25,
April 2006,QUILPIE,1,1,6,6,
April 2006,REDLAND,29,29,1203,1147,4547289.3
April 2006,RICHMOND,2,1,8,8,
April 2006,ROCKHAMPTON,40,39,1009,979,3274452.36
April 2006,SCENIC RIM,20,20,232,232,590801.43
April 2006,SOMERSET,14,12,146,127,322156.34
April 2006,SOUTH BURNETT,21,21,333,333,890667.49
April 2006,SOUTHERN DOWNS,22,22,412,412,906024.34
April 2006,SUNSHINE COAST,76,74,2856,2681,9310667.05
April 2006,TABLELANDS,8,7,190,141,471300.91
April 2006,TOOWOOMBA,56,56,1431,1406,4209857.53
April 2006,TORRES,4,4,83,83,
April 2006,TOWNSVILLE,49,49,1446,1401,5809231.72
April 2006,WEIPA,3,3,51,51,
April 2006,WESTERN DOWNS,26,25,381,364,788884.45
April 2006,WHITSUNDAY,25,25,493,484,1477321.86
April 2006,WINTON,4,4,45,39,
May 2006,BALONNE,7,6,98,79,168708.16
May 2006,BANANA,11,11,179,179,415857.85
May 2006,BARCALDINE,3,3,28,28,
May 2006,BLACKALL TAMBO,3,3,28,26,
May 2006,BRISBANE,237,231,8997,8733,33092612.14
May 2006,BUNDABERG,42,41,1138,1105,3533195.39
May 2006,BURDEKIN,8,8,185,185,539384.74
May 2006,CAIRNS,43,41,1623,1483,4803757.34
May 2006,CARPENTARIA,2,2,36,36,
May 2006,CASSOWARY COAST,16,13,359,289,1083879.8
May 2006,CENTRAL HIGHLANDS,20,20,412,412,1434181.4
May 2006,CHARTERS TOWERS,10,10,175,175,316261.74
May 2006,CLONCURRY,6,6,77,77,155467.55
May 2006,COOK,3,3,30,30,
May 2006,DOUGLAS,11,11,151,155,536344.93
May 2006,FLINDERS,2,2,28,28,
May 2006,FRASER COAST,39,39,1173,1161,3831525.19
May 2006,GLADSTONE,22,22,626,583,1895234.56
May 2006,GOLD COAST,137,129,5543,5233,21494622.59
May 2006,GOONDIWINDI,11,10,193,169,466855.73
May 2006,GYMPIE,21,20,359,353,928105.76
May 2006,HINCHINBROOK,8,7,95,83,257759.08
May 2006,IPSWICH,43,40,1442,1352,5139064.94
May 2006,ISAAC,17,17,255,243,804205.37
May 2006,LIVINGSTONE,15,14,330,278,801480.56
May 2006,LOCKYER VALLEY,18,18,274,269,672287.8
May 2006,LOGAN,42,41,1890,1840,9623430.82
May 2006,LONGREACH,6,6,73,73,95365.13
May 2006,MACKAY,47,45,1419,1328,4945493.41
May 2006,MARANOA,8,7,123,119,278201.34
May 2006,MAREEBA,7,7,193,186,470129.27
May 2006,MCKINLAY,2,2,21,21,
May 2006,MORETON BAY,65,62,2991,2878,11500371.6
May 2006,MOUNT ISA,9,9,506,506,1500505.73
May 2006,MURWEH,8,8,76,76,140915.27
May 2006,NOOSA,20,20,567,567,2018472.33
May 2006,NORTH BURNETT,10,10,105,105,264358.41
May 2006,PAROO,2,2,25,25,
May 2006,QUILPIE,1,1,6,6,
May 2006,REDLAND,29,29,1206,1147,4564297
May 2006,RICHMOND,2,1,8,8,
May 2006,ROCKHAMPTON,40,40,1009,999,3295836.17
May 2006,SCENIC RIM,20,20,232,232,619187.9
May 2006,SOMERSET,14,12,146,127,367316.74
May 2006,SOUTH BURNETT,21,21,333,333,916499.63
May 2006,SOUTHERN DOWNS,22,22,412,412,912016.55
May 2006,SUNSHINE COAST,77,74,2890,2679,9315094.87
May 2006,TABLELANDS,8,7,190,141,426361.04
May 2006,TOOWOOMBA,56,55,1431,1391,4253130.08
May 2006,TORRES,4,4,83,83,
May 2006,TOWNSVILLE,49,49,1446,1409,6093419.93
May 2006,WEIPA,3,3,51,51,
May 2006,WESTERN DOWNS,26,25,381,364,820019.32
May 2006,WHITSUNDAY,25,25,493,484,1578846.87
May 2006,WINTON,4,4,43,37,
June 2006,BALONNE,7,6,98,79,178024.05
June 2006,BANANA,11,11,179,179,471032.87
June 2006,BARCALDINE,3,3,28,28,
June 2006,BLACKALL TAMBO,3,3,28,26,
June 2006,BRISBANE,237,230,8999,8733,33980193.79
June 2006,BUNDABERG,42,41,1138,1105,3661390.25
June 2006,BURDEKIN,8,8,185,185,569007.64
June 2006,CAIRNS,43,43,1623,1574,4928504.83
June 2006,CARPENTARIA,2,2,36,36,
June 2006,CASSOWARY COAST,16,14,359,319,1155394.14
June 2006,CENTRAL HIGHLANDS,20,20,412,412,1528510.97
June 2006,CHARTERS TOWERS,10,10,175,175,327010.67
June 2006,CLONCURRY,6,6,77,77,186049.63
June 2006,COOK,3,3,30,30,
June 2006,DOUGLAS,11,11,151,151,522929.61
June 2006,FLINDERS,2,2,28,28,
June 2006,FRASER COAST,39,39,1173,1173,4284870.92
June 2006,GLADSTONE,22,22,626,586,1969002.37
June 2006,GOLD COAST,137,131,5562,5256,22065515.49
June 2006,GOONDIWINDI,11,10,193,169,434692.58
June 2006,GYMPIE,21,20,379,357,942062.77
June 2006,HINCHINBROOK,8,7,95,83,248219.69
June 2006,IPSWICH,43,40,1510,1352,5395517.32
June 2006,ISAAC,17,17,255,243,930406.92
June 2006,LIVINGSTONE,15,14,330,278,870799.56
June 2006,LOCKYER VALLEY,18,18,274,269,774613.88
June 2006,LOGAN,42,41,1853,1840,10072411.17
June 2006,LONGREACH,6,6,73,73,95913.86
June 2006,MACKAY,47,44,1413,1322,5074966.05
June 2006,MARANOA,8,7,123,119,299574.33
June 2006,MAREEBA,7,7,193,186,482231.88
June 2006,MCKINLAY,2,2,21,21,
June 2006,MORETON BAY,65,63,2991,2927,11795081.03
June 2006,MOUNT ISA,9,9,506,506,1748132.73
June 2006,MURWEH,8,8,76,76,135575.21
June 2006,NOOSA,20,20,567,567,2046205.88
June 2006,NORTH BURNETT,10,10,105,105,282846.59
June 2006,PAROO,2,2,25,25,
June 2006,QUILPIE,1,1,6,6,
June 2006,REDLAND,29,29,1206,1147,4645749.49
June 2006,RICHMOND,2,1,8,8,
June 2006,ROCKHAMPTON,40,40,1009,1005,3484484.39
June 2006,SCENIC RIM,20,20,232,232,621229.69
June 2006,SOMERSET,14,12,146,127,385645.07
June 2006,SOUTH BURNETT,21,21,333,333,962702.97
June 2006,SOUTHERN DOWNS,22,22,412,411,946425.94
June 2006,SUNSHINE COAST,76,74,2876,2669,9484693.03
June 2006,TABLELANDS,8,7,190,138,411269.69
June 2006,TOOWOOMBA,56,56,1431,1406,4361050.74
June 2006,TORRES,4,4,83,83,
June 2006,TOWNSVILLE,49,49,1446,1409,6321890.43
June 2006,WEIPA,3,3,51,51,
June 2006,WESTERN DOWNS,26,25,381,364,820699.15
June 2006,WHITSUNDAY,25,25,493,484,1761462.5
June 2006,WINTON,4,4,43,37,
July 2006,BALONNE,7,7,98,87,162059.75
July 2006,BANANA,11,11,179,179,398622.69
July 2006,BARCALDINE,3,3,28,28,
July 2006,BLACKALL TAMBO,3,3,28,26,
July 2006,BRISBANE,238,230,9079,8746,31804698.94
July 2006,BUNDABERG,42,41,1138,1105,3650048.3
July 2006,BURDEKIN,8,8,185,185,521292.51
July 2006,CAIRNS,43,43,1623,1619,5042471.92
July 2006,CARPENTARIA,3,2,56,36,
July 2006,CASSOWARY COAST,16,14,359,319,1079053.44
July 2006,CENTRAL HIGHLANDS,20,20,412,412,1319491.58
July 2006,CHARTERS TOWERS,10,10,175,175,340525.7
July 2006,CLONCURRY,6,6,77,77,181725.01
July 2006,COOK,3,3,30,30,
July 2006,DOUGLAS,11,11,151,151,487271.35
July 2006,FLINDERS,2,2,28,28,
July 2006,FRASER COAST,39,39,1173,1173,3998237.35
July 2006,GLADSTONE,23,22,636,594,1938619.06
July 2006,GOLD COAST,137,131,5562,5285,20424671.84
July 2006,GOONDIWINDI,11,10,193,169,420385.92
July 2006,GYMPIE,21,20,379,357,1008290.63
July 2006,HINCHINBROOK,8,7,95,83,275809.39
July 2006,IPSWICH,43,40,1510,1378,5039061.71
July 2006,ISAAC,17,17,255,255,829872.78
July 2006,LIVINGSTONE,15,14,330,278,821673.68
July 2006,LOCKYER VALLEY,18,18,274,269,714227.43
July 2006,LOGAN,42,41,1853,1840,9666499.61
July 2006,LONGREACH,6,6,73,73,91221.36
July 2006,MACKAY,47,44,1413,1322,4821871.75
July 2006,MARANOA,8,7,123,119,291794.25
July 2006,MAREEBA,7,7,193,185,508628.48
July 2006,MCKINLAY,2,2,21,21,
July 2006,MORETON BAY,65,63,2991,2927,11103138.14
July 2006,MOUNT ISA,9,9,506,506,1641955.88
July 2006,MURWEH,8,8,76,76,137426.04
July 2006,NOOSA,20,20,567,567,2004650.98
July 2006,NORTH BURNETT,10,10,105,105,223628.83
July 2006,PAROO,2,2,25,25,
July 2006,QUILPIE,1,1,6,6,
July 2006,REDLAND,29,29,1206,1161,4403870.31
July 2006,RICHMOND,2,1,8,8,
July 2006,ROCKHAMPTON,40,39,1009,989,3347211.54
July 2006,SCENIC RIM,20,20,232,232,549325.29
July 2006,SOMERSET,13,12,139,127,330277.35
July 2006,SOUTH BURNETT,21,21,333,333,970243.16
July 2006,SOUTHERN DOWNS,22,22,412,412,917989.39
July 2006,SUNSHINE COAST,76,74,2876,2658,9223015.07
July 2006,TABLELANDS,8,7,190,135,378669.86
July 2006,TOOWOOMBA,56,56,1431,1406,4089669.59
July 2006,TORRES,4,4,83,83,
July 2006,TOWNSVILLE,49,49,1446,1409,6236856.95
July 2006,WEIPA,3,3,51,51,
July 2006,WESTERN DOWNS,26,25,381,352,774731.59
July 2006,WHITSUNDAY,25,25,493,484,1717120.36
July 2006,WINTON,4,4,43,37,
August 2006,BALONNE,7,7,98,87,155868.39
August 2006,BANANA,11,11,179,179,426702.83
August 2006,BARCALDINE,3,3,28,28,
August 2006,BLACKALL TAMBO,3,3,26,26,
August 2006,BRISBANE,238,229,9147,8702,33178876.29
August 2006,BUNDABERG,41,41,1138,1105,3656704.97
August 2006,BURDEKIN,8,8,185,185,573152.16
August 2006,CAIRNS,43,43,1623,1609,5390671.59
August 2006,CARPENTARIA,3,2,56,36,
August 2006,CASSOWARY COAST,16,15,353,329,1145185.18
August 2006,CENTRAL HIGHLANDS,20,20,425,425,1459231.26
August 2006,CHARTERS TOWERS,10,10,175,175,339505.07
August 2006,CLONCURRY,6,6,77,77,198414.44
August 2006,COOK,3,3,30,30,
August 2006,DOUGLAS,11,11,151,151,505842.89
August 2006,FLINDERS,2,2,28,28,
August 2006,FRASER COAST,39,39,1173,1172,4118364.25
August 2006,GLADSTONE,23,22,636,599,2052969.51
August 2006,GOLD COAST,136,131,5522,5263,21510505.86
August 2006,GOONDIWINDI,11,10,193,169,411067.96
August 2006,GYMPIE,21,20,379,377,981790.41
August 2006,HINCHINBROOK,8,7,95,83,305365.79
August 2006,IPSWICH,43,40,1510,1378,5201149.6
August 2006,ISAAC,17,17,255,255,895250.29
August 2006,LIVINGSTONE,15,14,322,278,759445.22
August 2006,LOCKYER VALLEY,18,18,274,266,754599.29
August 2006,LOGAN,42,41,1853,1853,10239108.27
August 2006,LONGREACH,6,6,73,73,95193.87
August 2006,MACKAY,47,43,1413,1308,4878413.69
August 2006,MARANOA,8,7,123,119,282636.79
August 2006,MAREEBA,7,7,193,186,515927.83
August 2006,MCKINLAY,2,2,21,21,
August 2006,MORETON BAY,65,64,2994,2954,11576873.86
August 2006,MOUNT ISA,9,9,506,506,1834805.36
August 2006,MURWEH,8,8,76,76,134902.98
August 2006,NOOSA,20,20,567,567,1971010.17
August 2006,NORTH BURNETT,10,10,105,105,241107.78
August 2006,PAROO,2,2,25,25,
August 2006,QUILPIE,1,1,6,6,
August 2006,REDLAND,29,29,1206,1161,4498431.97
August 2006,RICHMOND,2,1,8,8,
August 2006,ROCKHAMPTON,40,39,1002,993,3454587.88
August 2006,SCENIC RIM,20,20,232,232,617955.71
August 2006,SOMERSET,13,12,139,127,344450.34
August 2006,SOUTH BURNETT,21,21,339,330,1090857.28
August 2006,SOUTHERN DOWNS,22,22,421,412,830335.19
August 2006,SUNSHINE COAST,76,72,2876,2620,9448559.63
August 2006,TABLELANDS,8,7,190,138,401147.54
August 2006,TOOWOOMBA,56,56,1431,1406,4142479.48
August 2006,TORRES,4,4,83,83,
August 2006,TOWNSVILLE,49,49,1437,1412,6498582.07
August 2006,WEIPA,3,3,51,51,
August 2006,WESTERN DOWNS,26,25,381,364,802932.65
August 2006,WHITSUNDAY,25,25,493,488,1754019.43
August 2006,WINTON,4,4,43,37,
September 2006,BALONNE,7,7,98,87,140695.53
September 2006,BANANA,11,11,179,179,382271.48
September 2006,BARCALDINE,3,3,28,28,
September 2006,BLACKALL TAMBO,3,3,26,26,
September 2006,BRISBANE,238,229,9185,8703,31653472.54
September 2006,BUNDABERG,41,41,1141,1117,3376638.81
September 2006,BURDEKIN,8,8,185,185,569643.07
September 2006,CAIRNS,43,43,1623,1619,4978291.91
September 2006,CARPENTARIA,3,2,56,36,
September 2006,CASSOWARY COAST,16,15,353,327,1035781.89
September 2006,CENTRAL HIGHLANDS,20,20,425,425,1332414.1
September 2006,CHARTERS TOWERS,10,10,175,175,338003.15
September 2006,CLONCURRY,6,6,77,77,153727.32
September 2006,COOK,3,3,30,30,
September 2006,DOUGLAS,11,11,151,151,489153.39
September 2006,FLINDERS,2,2,28,28,
September 2006,FRASER COAST,39,39,1173,1173,3824355.41
September 2006,GLADSTONE,23,22,635,590,1880579.79
September 2006,GOLD COAST,136,131,5533,5285,20080796.23
September 2006,GOONDIWINDI,11,10,193,169,347735.12
September 2006,GYMPIE,21,20,379,374,891160.88
September 2006,HINCHINBROOK,8,7,95,83,268658.51
September 2006,IPSWICH,43,40,1510,1374,4935794.05
September 2006,ISAAC,17,17,255,255,886652.13
September 2006,LIVINGSTONE,15,14,322,278,756576.67
September 2006,LOCKYER VALLEY,18,18,274,269,692743.26
September 2006,LOGAN,42,41,1853,1853,9563938.67
September 2006,LONGREACH,6,6,73,73,84085.88
September 2006,MACKAY,47,44,1413,1316,4636652.99
September 2006,MARANOA,8,7,123,119,278704.01
September 2006,MAREEBA,7,7,193,186,487515.03
September 2006,MCKINLAY,2,2,21,21,
September 2006,MORETON BAY,65,65,2994,2962,11126210.6
September 2006,MOUNT ISA,9,9,506,506,1681420.84
September 2006,MURWEH,8,8,76,76,125012.21
September 2006,NOOSA,20,20,567,567,1834921.11
September 2006,NORTH BURNETT,10,10,105,105,217706.42
September 2006,PAROO,2,2,25,25,
September 2006,QUILPIE,1,1,6,6,
September 2006,REDLAND,30,29,1222,1172,4437955.98
September 2006,RICHMOND,2,1,8,8,
September 2006,ROCKHAMPTON,40,39,1022,994,3194630.62
September 2006,SCENIC RIM,20,20,232,232,540077.61
September 2006,SOMERSET,13,12,139,127,315799.32
September 2006,SOUTH BURNETT,21,21,339,330,932691.46
September 2006,SOUTHERN DOWNS,22,22,421,412,795231.1
September 2006,SUNSHINE COAST,76,74,2885,2652,8861658.78
September 2006,TABLELANDS,8,7,190,141,338233.73
September 2006,TOOWOOMBA,56,56,1431,1406,4014964.8
September 2006,TORRES,4,4,83,83,
September 2006,TOWNSVILLE,49,49,1445,1412,6108137
September 2006,WEIPA,3,3,51,51,
September 2006,WESTERN DOWNS,26,25,388,364,793936.66
September 2006,WHITSUNDAY,25,25,493,488,1788047.49
September 2006,WINTON,4,4,43,37,
October 2006,BALONNE,7,7,98,87,149769.26
October 2006,BANANA,11,11,179,179,395088.23
October 2006,BARCALDINE,3,3,28,28,
October 2006,BLACKALL TAMBO,3,3,26,26,
October 2006,BRISBANE,237,229,9171,8741,31366969.87
October 2006,BUNDABERG,41,41,1141,1105,3475599.61
October 2006,BURDEKIN,8,8,185,185,527110.56
October 2006,CAIRNS,43,43,1623,1614,4957455.17
October 2006,CARPENTARIA,3,2,56,36,
October 2006,CASSOWARY COAST,16,15,353,329,1068406.6
October 2006,CENTRAL HIGHLANDS,20,20,425,425,1294575.35
October 2006,CHARTERS TOWERS,10,10,175,175,294098.55
October 2006,CLONCURRY,6,6,77,77,167538.26
October 2006,COOK,3,3,30,30,
October 2006,DOUGLAS,11,11,151,151,470182.04
October 2006,FLINDERS,2,2,28,28,
October 2006,FRASER COAST,39,39,1173,1173,3854689.08
October 2006,GLADSTONE,23,22,635,617,1836740.81
October 2006,GOLD COAST,137,129,5569,5217,20470000.79
October 2006,GOONDIWINDI,11,10,193,169,374240.5
October 2006,GYMPIE,21,20,379,377,897944.56
October 2006,HINCHINBROOK,8,7,95,83,244404.38
October 2006,IPSWICH,44,40,1516,1378,4974071.31
October 2006,ISAAC,17,17,255,255,803018.24
October 2006,LIVINGSTONE,15,14,322,278,792135.53
October 2006,LOCKYER VALLEY,18,18,274,269,693770.52
October 2006,LOGAN,42,41,1853,1852,9341546.54
October 2006,LONGREACH,6,6,73,73,82930.71
October 2006,MACKAY,47,43,1413,1306,4843935.33
October 2006,MARANOA,8,7,123,119,269834.01
October 2006,MAREEBA,7,7,193,186,485145.83
October 2006,MCKINLAY,2,2,21,21,
October 2006,MORETON BAY,65,65,3000,2962,10920210.44
October 2006,MOUNT ISA,9,9,506,506,1642054.62
October 2006,MURWEH,8,8,76,76,127362.19
October 2006,NOOSA,20,20,567,567,1913981.24
October 2006,NORTH BURNETT,10,10,105,105,176974.08
October 2006,PAROO,2,2,25,25,
October 2006,QUILPIE,1,1,6,6,
October 2006,REDLAND,30,30,1222,1188,4277765.62
October 2006,RICHMOND,2,1,8,8,
October 2006,ROCKHAMPTON,40,39,1022,994,3212571.51
October 2006,SCENIC RIM,20,20,232,232,539700.39
October 2006,SOMERSET,14,12,146,127,323546.91
October 2006,SOUTH BURNETT,21,21,339,330,899008.07
October 2006,SOUTHERN DOWNS,22,22,421,412,890868.53
October 2006,SUNSHINE COAST,78,74,2939,2678,9153343.13
October 2006,TABLELANDS,8,7,190,141,367632.33
October 2006,TOOWOOMBA,56,56,1431,1403,4071778.3
October 2006,TORRES,4,4,83,83,
October 2006,TOWNSVILLE,49,49,1445,1412,5908318.87
October 2006,WEIPA,3,3,51,51,
October 2006,WESTERN DOWNS,26,24,379,345,724556.68
October 2006,WHITSUNDAY,25,25,488,488,1711754.87
October 2006,WINTON,4,4,43,37,
November 2006,BALONNE,7,7,98,87,150859.5
November 2006,BANANA,11,11,179,179,420004.77
November 2006,BARCALDINE,3,3,28,28,
November 2006,BLACKALL TAMBO,3,3,26,26,
November 2006,BRISBANE,237,231,9195,8886,31310222.96
November 2006,BUNDABERG,41,41,1151,1102,3417302.84
November 2006,BURDEKIN,8,8,185,185,500664.65
November 2006,CAIRNS,43,43,1623,1623,4625444.65
November 2006,CARPENTARIA,3,2,56,36,
November 2006,CASSOWARY COAST,16,15,358,329,1092138.97
November 2006,CENTRAL HIGHLANDS,20,20,433,425,1334751.41
November 2006,CHARTERS TOWERS,10,10,175,175,299126.79
November 2006,CLONCURRY,6,6,77,77,174713.2
November 2006,COOK,3,3,30,30,
November 2006,DOUGLAS,11,11,156,151,379753.92
November 2006,FLINDERS,2,2,28,28,
November 2006,FRASER COAST,39,39,1173,1172,3637917.79
November 2006,GLADSTONE,23,22,644,599,1810885.69
November 2006,GOLD COAST,137,130,5589,5255,19457151.47
November 2006,GOONDIWINDI,11,10,193,169,418625.83
November 2006,GYMPIE,21,20,386,377,887970.89
November 2006,HINCHINBROOK,8,7,95,83,241848.34
November 2006,IPSWICH,44,40,1516,1378,4802326.02
November 2006,ISAAC,17,17,255,255,812137.83
November 2006,LIVINGSTONE,15,14,322,278,708868.61
November 2006,LOCKYER VALLEY,18,18,274,269,682511.47
November 2006,LOGAN,42,41,1853,1853,9242591.44
November 2006,LONGREACH,6,6,73,73,79421.49
November 2006,MACKAY,47,43,1418,1312,4560322.73
November 2006,MARANOA,8,7,131,119,248025.56
November 2006,MAREEBA,7,7,193,186,484536.65
November 2006,MCKINLAY,2,2,21,21,
November 2006,MORETON BAY,65,65,3007,2963,10610587.05
November 2006,MOUNT ISA,9,9,506,505,1489927.65
November 2006,MURWEH,8,8,76,76,132334.49
November 2006,NOOSA,20,19,577,560,1806872.12
November 2006,NORTH BURNETT,10,10,105,105,191344.31
November 2006,PAROO,2,2,25,25,
November 2006,QUILPIE,1,1,6,6,
November 2006,REDLAND,30,30,1239,1188,4372923.86
November 2006,RICHMOND,2,1,8,8,
November 2006,ROCKHAMPTON,40,39,1027,993,3265539.94
November 2006,SCENIC RIM,20,20,232,232,568342.88
November 2006,SOMERSET,14,12,146,127,340189.52
November 2006,SOUTH BURNETT,21,21,339,336,880267.86
November 2006,SOUTHERN DOWNS,22,22,421,412,865824.06
November 2006,SUNSHINE COAST,78,74,2939,2653,8587251.65
November 2006,TABLELANDS,8,7,190,141,346247.47
November 2006,TOOWOOMBA,56,56,1437,1375,3960254.54
November 2006,TORRES,4,4,83,83,
November 2006,TOWNSVILLE,50,48,1604,1382,5929416.95
November 2006,WEIPA,3,3,51,51,
November 2006,WESTERN DOWNS,26,24,379,345,725468.51
November 2006,WHITSUNDAY,25,25,488,488,1566185.41
November 2006,WINTON,4,4,43,37,
December 2006,BALONNE,7,7,98,87,159820.29
December 2006,BANANA,11,11,179,179,347794.28
December 2006,BARCALDINE,3,3,28,28,
December 2006,BLACKALL TAMBO,3,3,26,26,
December 2006,BRISBANE,237,231,9162,8946,32114026.36
December 2006,BUNDABERG,41,41,1151,1132,3537893.64
December 2006,BURDEKIN,8,8,185,185,533997.4
December 2006,CAIRNS,43,43,1623,1622,4726086.43
December 2006,CARPENTARIA,3,2,56,36,
December 2006,CASSOWARY COAST,16,15,358,329,1118410.78
December 2006,CENTRAL HIGHLANDS,20,20,433,425,1231503.04
December 2006,CHARTERS TOWERS,10,10,175,175,297829.19
December 2006,CLONCURRY,6,6,77,77,148074.43
December 2006,COOK,3,3,30,30,
December 2006,DOUGLAS,11,11,156,151,379330.12
December 2006,FLINDERS,2,2,28,28,
December 2006,FRASER COAST,39,39,1170,1173,3900787.16
December 2006,GLADSTONE,23,22,642,611,1761751.48
December 2006,GOLD COAST,137,131,5589,5320,20066600.27
December 2006,GOONDIWINDI,11,10,193,175,428179.08
December 2006,GYMPIE,21,20,386,377,907443.14
December 2006,HINCHINBROOK,8,7,95,83,266255.13
December 2006,IPSWICH,44,40,1516,1385,4901425.07
December 2006,ISAAC,17,17,255,255,706611.79
December 2006,LIVINGSTONE,15,14,322,278,798940.2
December 2006,LOCKYER VALLEY,18,18,271,266,728830.36
December 2006,LOGAN,42,41,1853,1842,9492441.96
December 2006,LONGREACH,6,5,67,67,
December 2006,MACKAY,45,43,1408,1318,4767121.96
December 2006,MARANOA,8,7,131,119,247763.73
December 2006,MAREEBA,7,7,193,186,508377.2
December 2006,MCKINLAY,2,2,21,21,
December 2006,MORETON BAY,65,65,3007,2963,11390449.48
December 2006,MOUNT ISA,9,9,506,506,1657888.23
December 2006,MURWEH,8,8,76,76,133842.39
December 2006,NOOSA,19,19,570,560,1794965.66
December 2006,NORTH BURNETT,10,10,105,105,206680.83
December 2006,PAROO,2,2,25,25,
December 2006,QUILPIE,1,1,6,6,
December 2006,REDLAND,30,30,1239,1204,4436205.66
December 2006,RICHMOND,2,1,8,8,
December 2006,ROCKHAMPTON,40,39,1027,994,3287102.99
December 2006,SCENIC RIM,20,20,232,232,537708.8
December 2006,SOMERSET,14,12,142,123,335636.9
December 2006,SOUTH BURNETT,21,21,339,339,899861.06
December 2006,SOUTHERN DOWNS,22,22,421,421,875974.96
December 2006,SUNSHINE COAST,78,74,2939,2678,8915616.76
December 2006,TABLELANDS,7,7,150,141,376501.74
December 2006,TOOWOOMBA,56,56,1427,1406,4114093.17
December 2006,TORRES,4,4,83,83,
December 2006,TOWNSVILLE,50,48,1604,1382,6102074.48
December 2006,WEIPA,3,3,51,51,
December 2006,WESTERN DOWNS,26,24,379,345,745398.44
December 2006,WHITSUNDAY,25,25,488,488,1520327.71
December 2006,WINTON,4,4,43,37,
January 2007,BALONNE,7,7,98,87,116480.22
January 2007,BANANA,11,11,179,179,357838.88
January 2007,BARCALDINE,3,3,28,28,
January 2007,BLACKALL TAMBO,3,3,26,26,
January 2007,BRISBANE,238,232,9202,8967,29153179.29
January 2007,BUNDABERG,41,41,1151,1132,3231495.22
January 2007,BURDEKIN,8,8,185,185,475909.62
January 2007,CAIRNS,43,43,1623,1622,4340375.71
January 2007,CARPENTARIA,3,2,56,36,
January 2007,CASSOWARY COAST,16,15,358,329,983427.62
January 2007,CENTRAL HIGHLANDS,20,20,433,425,1042294.28
January 2007,CHARTERS TOWERS,10,10,175,175,290526.84
January 2007,CLONCURRY,6,6,77,77,146853.58
January 2007,COOK,3,3,30,30,
January 2007,DOUGLAS,11,11,156,151,371531.73
January 2007,FLINDERS,2,2,28,28,
January 2007,FRASER COAST,39,39,1170,1170,3607439.67
January 2007,GLADSTONE,23,22,642,615,1676923.05
January 2007,GOLD COAST,137,132,5589,5377,19575432.96
January 2007,GOONDIWINDI,11,10,193,175,364721.76
January 2007,GYMPIE,21,20,386,377,831129.44
January 2007,HINCHINBROOK,8,7,95,83,252752.58
January 2007,IPSWICH,44,40,1516,1385,4399346.2
January 2007,ISAAC,17,17,255,255,655390.73
January 2007,LIVINGSTONE,15,14,322,278,792160.65
January 2007,LOCKYER VALLEY,18,18,271,266,584933.29
January 2007,LOGAN,42,41,1853,1845,8543230.43
January 2007,LONGREACH,5,5,67,67,
January 2007,MACKAY,45,43,1408,1340,4304718
January 2007,MARANOA,8,8,131,123,210085.66
January 2007,MAREEBA,7,7,193,186,511944.26
January 2007,MCKINLAY,2,2,21,21,
January 2007,MORETON BAY,65,65,3007,2971,10384031.83
January 2007,MOUNT ISA,9,9,506,506,1465971.13
January 2007,MURWEH,8,8,76,76,96719.23
January 2007,NOOSA,19,19,570,560,1791577.51
January 2007,NORTH BURNETT,10,10,105,105,173977.91
January 2007,PAROO,2,2,25,25,
January 2007,QUILPIE,1,1,6,6,
January 2007,REDLAND,30,30,1239,1209,4109109.23
January 2007,RICHMOND,2,1,8,8,
January 2007,ROCKHAMPTON,40,38,1027,987,2979607.91
January 2007,SCENIC RIM,20,20,232,232,497822.85
January 2007,SOMERSET,14,12,142,123,304523.57
January 2007,SOUTH BURNETT,21,21,339,339,845060.73
January 2007,SOUTHERN DOWNS,22,22,421,421,827853.03
January 2007,SUNSHINE COAST,78,74,2939,2689,8555679.43
January 2007,TABLELANDS,7,7,150,141,341453.68
January 2007,TOOWOOMBA,56,56,1427,1406,3652155.18
January 2007,TORRES,4,4,83,83,
January 2007,TOWNSVILLE,50,48,1604,1382,5550295.75
January 2007,WEIPA,3,3,51,51,
January 2007,WESTERN DOWNS,26,25,379,369,597865.87
January 2007,WHITSUNDAY,25,25,488,488,1354410.57
January 2007,WINTON,4,4,43,37,
February 2007,BALONNE,7,7,98,87,105971.4
February 2007,BANANA,11,11,179,179,355133.02
February 2007,BARCALDINE,3,3,28,28,
February 2007,BLACKALL TAMBO,3,3,26,26,
February 2007,BRISBANE,238,232,9202,8968,27820059.91
February 2007,BUNDABERG,41,41,1151,1138,2887910
February 2007,BURDEKIN,8,8,185,185,434064.91
February 2007,CAIRNS,43,43,1623,1623,4111498.32
February 2007,CARPENTARIA,3,2,56,36,
February 2007,CASSOWARY COAST,16,15,368,333,939072.66
February 2007,CENTRAL HIGHLANDS,20,20,437,425,1072576.01
February 2007,CHARTERS TOWERS,10,10,175,175,236718.13
February 2007,CLONCURRY,6,6,77,77,120893.56
February 2007,COOK,3,3,30,30,
February 2007,DOUGLAS,11,11,156,151,331530.78
February 2007,FLINDERS,2,2,28,28,
February 2007,FRASER COAST,39,39,1170,1170,3305951.4
February 2007,GLADSTONE,23,22,642,623,1592584.63
February 2007,GOLD COAST,137,132,5613,5379,17826597.6
February 2007,GOONDIWINDI,11,10,193,175,299978.32
February 2007,GYMPIE,21,20,386,377,773387.04
February 2007,HINCHINBROOK,8,7,95,83,197825.95
February 2007,IPSWICH,44,41,1516,1402,4317810.13
February 2007,ISAAC,17,17,270,255,676852.67
February 2007,LIVINGSTONE,15,14,335,278,690378.18
February 2007,LOCKYER VALLEY,18,18,271,266,601406.09
February 2007,LOGAN,42,41,1867,1845,8106608.89
February 2007,LONGREACH,5,5,67,67,
February 2007,MACKAY,45,43,1408,1333,3931869.09
February 2007,MARANOA,8,8,131,123,236792.99
February 2007,MAREEBA,7,7,193,185,478790.23
February 2007,MCKINLAY,2,2,21,21,
February 2007,MORETON BAY,65,65,3018,2966,9573165.45
February 2007,MOUNT ISA,9,9,506,506,1386339.86
February 2007,MURWEH,8,8,76,76,107678.6
February 2007,NOOSA,19,19,570,560,1589121.73
February 2007,NORTH BURNETT,10,10,105,105,178279.11
February 2007,PAROO,2,2,25,25,
February 2007,QUILPIE,1,1,6,6,
February 2007,REDLAND,30,30,1249,1201,3805609.1
February 2007,RICHMOND,2,1,8,8,
February 2007,ROCKHAMPTON,40,38,1027,993,2833248.69
February 2007,SCENIC RIM,20,20,232,232,455366.44
February 2007,SOMERSET,14,12,142,123,296501.43
February 2007,SOUTH BURNETT,21,21,339,339,783827.29
February 2007,SOUTHERN DOWNS,22,22,421,421,745659.15
February 2007,SUNSHINE COAST,78,74,2939,2689,7769738.92
February 2007,TABLELANDS,7,7,150,141,329395.82
February 2007,TOOWOOMBA,56,55,1427,1385,3584189.77
February 2007,TORRES,4,4,83,83,
February 2007,TOWNSVILLE,50,48,1604,1382,5203118.58
February 2007,WEIPA,3,3,51,51,
February 2007,WESTERN DOWNS,26,25,379,369,604660.27
February 2007,WHITSUNDAY,25,25,488,488,1093810.68
February 2007,WINTON,4,4,43,37,
March 2007,BALONNE,7,7,98,89,106168.91
March 2007,BANANA,11,11,179,179,433815.86
March 2007,BARCALDINE,3,3,28,28,
March 2007,BLACKALL TAMBO,3,3,26,26,
March 2007,BRISBANE,237,232,9167,8970,32327607.33
March 2007,BUNDABERG,41,41,1151,1138,3277248.94
March 2007,BURDEKIN,8,8,185,185,468628.87
March 2007,CAIRNS,43,43,1623,1623,4580919.39
March 2007,CARPENTARIA,3,2,56,36,
March 2007,CASSOWARY COAST,16,15,368,333,1085687.49
March 2007,CENTRAL HIGHLANDS,20,20,437,425,1185848.59
March 2007,CHARTERS TOWERS,10,10,175,175,292655.74
March 2007,CLONCURRY,6,6,77,77,136271.4
March 2007,COOK,3,3,30,30,
March 2007,DOUGLAS,11,11,156,151,363550.46
March 2007,FLINDERS,2,2,28,28,
March 2007,FRASER COAST,39,38,1170,1167,3786565.29
March 2007,GLADSTONE,23,22,642,623,1905937.11
March 2007,GOLD COAST,137,132,5613,5377,20185974.44
March 2007,GOONDIWINDI,11,11,193,187,370477.21
March 2007,GYMPIE,21,20,386,383,920063.57
March 2007,HINCHINBROOK,8,7,95,83,232371.77
March 2007,IPSWICH,44,41,1516,1471,4945811.11
March 2007,ISAAC,17,17,270,254,733809.39
March 2007,LIVINGSTONE,15,14,335,278,797005.93
March 2007,LOCKYER VALLEY,18,18,271,266,643109.45
March 2007,LOGAN,42,41,1867,1845,9405294.59
March 2007,LONGREACH,5,5,67,67,
March 2007,MACKAY,44,43,1385,1339,4598578.44
March 2007,MARANOA,8,8,131,131,263762.62
March 2007,MAREEBA,7,7,193,186,541154.16
March 2007,MCKINLAY,2,2,21,21,
March 2007,MORETON BAY,65,65,3018,2988,11055757.64
March 2007,MOUNT ISA,9,9,506,506,1594954.4
March 2007,MURWEH,8,8,76,76,120204.63
March 2007,NOOSA,19,19,570,560,1845064.1
March 2007,NORTH BURNETT,10,10,105,105,213900.27
March 2007,PAROO,2,2,25,25,
March 2007,QUILPIE,1,1,6,6,
March 2007,REDLAND,30,30,1249,1209,4314422.35
March 2007,RICHMOND,2,1,8,8,
March 2007,ROCKHAMPTON,40,38,1027,998,3213152.29
March 2007,SCENIC RIM,20,20,232,232,522810.72
March 2007,SOMERSET,14,13,142,125,305942.75
March 2007,SOUTH BURNETT,21,21,339,339,929695.94
March 2007,SOUTHERN DOWNS,22,22,421,421,854522.48
March 2007,SUNSHINE COAST,77,74,2925,2690,9017815.78
March 2007,TABLELANDS,7,7,150,141,368162.68
March 2007,TOOWOOMBA,56,56,1427,1411,4061843.92
March 2007,TORRES,4,4,83,83,
March 2007,TOWNSVILLE,50,47,1604,1363,5869815.79
March 2007,WEIPA,3,3,51,51,
March 2007,WESTERN DOWNS,26,25,379,369,682737.42
March 2007,WHITSUNDAY,25,25,488,488,1314944.61
March 2007,WINTON,4,4,43,37,
April 2007,BALONNE,7,7,98,89,104372.26
April 2007,BANANA,11,11,179,179,420165.09
April 2007,BARCALDINE,3,3,28,28,
April 2007,BLACKALL TAMBO,3,3,26,26,
April 2007,BRISBANE,237,229,9176,8828,30036918.99
April 2007,BUNDABERG,41,41,1154,1138,3155613.55
April 2007,BURDEKIN,8,8,185,185,478918
April 2007,CAIRNS,43,43,1623,1623,4356302.89
April 2007,CARPENTARIA,3,2,56,36,
April 2007,CASSOWARY COAST,16,15,359,334,977836.35
April 2007,CENTRAL HIGHLANDS,20,20,437,425,1037559.83
April 2007,CHARTERS TOWERS,10,10,175,175,250475.88
April 2007,CLONCURRY,6,6,77,77,145859.58
April 2007,COOK,3,3,30,30,
April 2007,DOUGLAS,11,11,156,151,386200.68
April 2007,FLINDERS,2,2,28,28,
April 2007,FRASER COAST,40,38,1210,1167,3632878.36
April 2007,GLADSTONE,23,22,642,623,1758868.42
April 2007,GOLD COAST,138,132,5660,5380,18961346.87
April 2007,GOONDIWINDI,11,11,187,187,384706.41
April 2007,GYMPIE,21,20,386,384,872738.89
April 2007,HINCHINBROOK,8,7,95,83,234320
April 2007,IPSWICH,44,41,1528,1471,4847734.85
April 2007,ISAAC,17,17,270,255,686256.07
April 2007,LIVINGSTONE,15,14,331,278,743191.24
April 2007,LOCKYER VALLEY,18,18,266,266,616984.56
April 2007,LOGAN,41,41,1885,1861,8991330.64
April 2007,LONGREACH,5,5,67,67,
April 2007,MACKAY,44,43,1425,1340,4107917.38
April 2007,MARANOA,8,8,131,131,240539.95
April 2007,MAREEBA,7,7,186,186,467643.35
April 2007,MCKINLAY,2,2,21,21,
April 2007,MORETON BAY,66,65,3058,2979,10422102.95
April 2007,MOUNT ISA,9,9,506,506,1511850.43
April 2007,MURWEH,8,8,76,76,114656.62
April 2007,NOOSA,19,19,570,560,1769953.44
April 2007,NORTH BURNETT,10,10,105,105,193646.67
April 2007,PAROO,2,2,25,25,
April 2007,QUILPIE,1,1,6,6,
April 2007,REDLAND,30,30,1241,1209,4140133.15
April 2007,RICHMOND,2,1,8,8,
April 2007,ROCKHAMPTON,40,38,1060,998,2977812.16
April 2007,SCENIC RIM,20,20,232,232,533083.14
April 2007,SOMERSET,14,13,142,125,320584.27
April 2007,SOUTH BURNETT,21,21,339,339,855582.09
April 2007,SOUTHERN DOWNS,22,22,421,421,824978.2
April 2007,SUNSHINE COAST,77,74,2925,2703,8332961.96
April 2007,TABLELANDS,7,7,150,141,424023.19
April 2007,TOOWOOMBA,56,56,1427,1412,3739988.53
April 2007,TORRES,4,4,83,83,
April 2007,TOWNSVILLE,50,47,1572,1420,5385511.84
April 2007,WEIPA,3,3,51,51,
April 2007,WESTERN DOWNS,26,25,379,369,646004.42
April 2007,WHITSUNDAY,25,25,488,488,1325030.55
April 2007,WINTON,4,4,37,37,
May 2007,BALONNE,7,6,98,66,77321.25
May 2007,BANANA,11,11,179,179,420955.31
May 2007,BARCALDINE,3,3,28,28,
May 2007,BLACKALL TAMBO,3,3,26,26,
May 2007,BRISBANE,236,226,9112,8751,31871697.2
May 2007,BUNDABERG,41,41,1154,1138,3566550.4
May 2007,BURDEKIN,8,8,185,185,525745.55
May 2007,CAIRNS,43,43,1619,1619,4824153.45
May 2007,CARPENTARIA,3,2,56,36,
May 2007,CASSOWARY COAST,16,15,365,334,1050945.42
May 2007,CENTRAL HIGHLANDS,20,20,422,435,1314416.82
May 2007,CHARTERS TOWERS,10,10,175,175,313510.79
May 2007,CLONCURRY,6,6,77,77,171423.64
May 2007,COOK,3,3,30,30,
May 2007,DOUGLAS,11,11,156,151,456702.25
May 2007,FLINDERS,2,2,28,28,
May 2007,FRASER COAST,40,38,1203,1155,3753794.65
May 2007,GLADSTONE,23,22,642,623,1874188.77
May 2007,GOLD COAST,138,132,5670,5370,20611922.46
May 2007,GOONDIWINDI,11,11,187,187,414967.47
May 2007,GYMPIE,21,20,386,384,919273.97
May 2007,HINCHINBROOK,8,7,89,83,244066.47
May 2007,IPSWICH,44,41,1528,1471,5051762.95
May 2007,ISAAC,17,17,270,255,763103.65
May 2007,LIVINGSTONE,15,14,331,278,790127.8
May 2007,LOCKYER VALLEY,18,18,266,266,718702.26
May 2007,LOGAN,41,41,1885,1858,9586817.41
May 2007,LONGREACH,5,5,67,67,
May 2007,MACKAY,44,43,1425,1380,4721736.39
May 2007,MARANOA,8,8,131,131,267181.33
May 2007,MAREEBA,7,7,186,186,492584.93
May 2007,MCKINLAY,2,2,21,21,
May 2007,MORETON BAY,66,64,3058,2900,11021728
May 2007,MOUNT ISA,9,9,506,506,1664592.07
May 2007,MURWEH,8,8,75,76,113008.4
May 2007,NOOSA,19,18,556,546,1751946.31
May 2007,NORTH BURNETT,10,10,104,105,229379.61
May 2007,PAROO,2,2,23,25,
May 2007,QUILPIE,1,1,6,6,
May 2007,REDLAND,30,30,1241,1231,4353420.98
May 2007,RICHMOND,2,1,8,8,
May 2007,ROCKHAMPTON,40,38,1049,995,3249481.15
May 2007,SCENIC RIM,20,20,231,231,572644.02
May 2007,SOMERSET,14,13,142,125,331003
May 2007,SOUTH BURNETT,21,21,339,339,827568.7
May 2007,SOUTHERN DOWNS,22,22,414,421,850456.62
May 2007,SUNSHINE COAST,77,74,2925,2694,8786499.98
May 2007,TABLELANDS,7,7,150,141,427550.98
May 2007,TOOWOOMBA,56,56,1427,1412,3940019.5
May 2007,TORRES,4,4,83,83,
May 2007,TOWNSVILLE,49,47,1572,1438,5932295.81
May 2007,WEIPA,3,3,51,51,
May 2007,WESTERN DOWNS,26,25,376,369,699332.92
May 2007,WHITSUNDAY,25,25,488,487,1511787.56
May 2007,WINTON,4,4,35,35,
June 2007,BALONNE,7,6,98,66,117078.58
June 2007,BANANA,11,11,179,179,413722.85
June 2007,BARCALDINE,3,3,28,28,
June 2007,BLACKALL TAMBO,3,3,26,26,
June 2007,BRISBANE,233,226,9119,8816,32383915.1
June 2007,BUNDABERG,41,41,1154,1138,3546958.39
June 2007,BURDEKIN,8,8,173,185,526926.77
June 2007,CAIRNS,43,43,1619,1619,4969838.44
June 2007,CARPENTARIA,3,2,56,36,
June 2007,CASSOWARY COAST,16,15,365,334,1081353.67
June 2007,CENTRAL HIGHLANDS,20,20,422,435,1311627.34
June 2007,CHARTERS TOWERS,10,10,175,175,322220.25
June 2007,CLONCURRY,6,6,77,77,175894.99
June 2007,COOK,3,3,30,30,
June 2007,DOUGLAS,11,11,156,156,473636.01
June 2007,FLINDERS,2,2,28,28,
June 2007,FRASER COAST,40,38,1203,1159,4002201.17
June 2007,GLADSTONE,23,22,642,631,1934909.13
June 2007,GOLD COAST,138,133,5670,5444,20667368.17
June 2007,GOONDIWINDI,11,11,187,187,372643.42
June 2007,GYMPIE,21,19,386,374,1033984.06
June 2007,HINCHINBROOK,8,8,89,85,255558.9
June 2007,IPSWICH,44,41,1528,1471,5165045.04
June 2007,ISAAC,17,17,270,255,774169.12
June 2007,LIVINGSTONE,15,14,331,288,848068.94
June 2007,LOCKYER VALLEY,18,18,266,266,703749.29
June 2007,LOGAN,41,41,1885,1861,9670988.99
June 2007,LONGREACH,5,5,67,67,
June 2007,MACKAY,44,43,1425,1403,4617557.18
June 2007,MARANOA,8,8,131,131,234872.08
June 2007,MAREEBA,7,7,186,186,490336.94
June 2007,MCKINLAY,2,2,21,21,
June 2007,MORETON BAY,66,65,3048,2911,11342210.57
June 2007,MOUNT ISA,9,9,506,506,1664220.67
June 2007,MURWEH,8,8,75,76,120648.35
June 2007,NOOSA,18,18,556,546,1912612.94
June 2007,NORTH BURNETT,10,10,104,104,319433.41
June 2007,PAROO,2,2,23,25,
June 2007,QUILPIE,1,1,6,6,
June 2007,REDLAND,30,30,1241,1231,4499377.02
June 2007,RICHMOND,2,1,8,8,
June 2007,ROCKHAMPTON,40,38,1049,998,3305980.75
June 2007,SCENIC RIM,20,20,231,231,548856.41
June 2007,SOMERSET,14,13,142,130,385045.81
June 2007,SOUTH BURNETT,21,21,339,339,865759.09
June 2007,SOUTHERN DOWNS,22,22,414,414,824966.2
June 2007,SUNSHINE COAST,77,74,2925,2703,9173279.03
June 2007,TABLELANDS,7,7,150,141,427839.22
June 2007,TOOWOOMBA,56,56,1427,1412,4073308.63
June 2007,TORRES,4,4,83,83,
June 2007,TOWNSVILLE,49,47,1572,1437,5996134.56
June 2007,WEIPA,3,3,51,51,
June 2007,WESTERN DOWNS,26,25,376,366,669954.75
June 2007,WHITSUNDAY,25,25,488,488,1677872.94
June 2007,WINTON,4,4,35,35,
July 2007,BALONNE,7,6,89,66,129170.96
July 2007,BANANA,11,11,179,179,423354.96
July 2007,BARCALDINE,3,3,28,28,
July 2007,BLACKALL TAMBO,3,3,26,26,
July 2007,BRISBANE,233,225,9115,8800,34092959.35
July 2007,BUNDABERG,41,41,1164,1138,3782749.44
July 2007,BURDEKIN,8,8,173,185,580317.53
July 2007,CAIRNS,43,43,1619,1619,5492044.57
July 2007,CARPENTARIA,3,2,56,36,
July 2007,CASSOWARY COAST,16,15,365,344,1169088.29
July 2007,CENTRAL HIGHLANDS,20,19,422,420,1241652.19
July 2007,CHARTERS TOWERS,10,10,175,175,347559.18
July 2007,CLONCURRY,6,6,77,77,187369.65
July 2007,COOK,3,3,30,30,
July 2007,DOUGLAS,11,11,156,156,543104.11
July 2007,FLINDERS,2,2,28,28,
July 2007,FRASER COAST,40,38,1288,1160,4101641.85
July 2007,GLADSTONE,25,22,700,632,2010116.8
July 2007,GOLD COAST,138,134,5670,5474,22208106.12
July 2007,GOONDIWINDI,11,11,187,187,426267.77
July 2007,GYMPIE,21,19,386,374,1067552.17
July 2007,HINCHINBROOK,8,8,89,83,282766.65
July 2007,IPSWICH,44,42,1528,1481,5590714.62
July 2007,ISAAC,17,17,270,254,805742.55
July 2007,LIVINGSTONE,15,14,331,288,916619.67
July 2007,LOCKYER VALLEY,18,18,266,266,720861.02
July 2007,LOGAN,41,41,1885,1861,10665371.65
July 2007,LONGREACH,5,5,73,67,
July 2007,MACKAY,45,43,1425,1387,4926864.92
July 2007,MARANOA,9,8,131,131,289161.86
July 2007,MAREEBA,7,7,186,186,581777.11
July 2007,MCKINLAY,2,2,21,21,
July 2007,MORETON BAY,66,65,3048,3003,11885517.61
July 2007,MOUNT ISA,9,9,506,506,1782601.69
July 2007,MURWEH,8,8,75,75,136987.1
July 2007,NOOSA,18,18,556,546,1965768.64
July 2007,NORTH BURNETT,10,10,104,104,275881.84
July 2007,PAROO,2,2,23,23,
July 2007,QUILPIE,1,1,6,6,
July 2007,REDLAND,30,30,1331,1241,4695303.05
July 2007,RICHMOND,1,1,8,8,
July 2007,ROCKHAMPTON,41,38,1049,1013,3659604.28
July 2007,SCENIC RIM,21,19,253,206,602844.91
July 2007,SOMERSET,13,13,130,130,401620.06
July 2007,SOUTH BURNETT,21,21,339,339,921756.02
July 2007,SOUTHERN DOWNS,22,22,414,414,912587.57
July 2007,SUNSHINE COAST,77,74,2915,2703,9496168.81
July 2007,TABLELANDS,7,7,150,141,451908.61
July 2007,TOOWOOMBA,56,56,1427,1412,4410325.26
July 2007,TORRES,4,4,83,83,
July 2007,TOWNSVILLE,49,47,1572,1461,6598585.54
July 2007,WEIPA,3,3,51,51,
July 2007,WESTERN DOWNS,26,25,376,366,737385.1
July 2007,WHITSUNDAY,25,25,488,488,1705397.42
July 2007,WINTON,4,4,35,35,
August 2007,BALONNE,7,6,89,66,132728.31
August 2007,BANANA,11,11,179,179,439947.91
August 2007,BARCALDINE,3,3,28,28,
August 2007,BLACKALL TAMBO,3,3,26,26,
August 2007,BRISBANE,233,226,9118,8837,37553019.82
August 2007,BUNDABERG,41,41,1164,1143,4141900.82
August 2007,BURDEKIN,8,8,173,185,664872.46
August 2007,CAIRNS,43,43,1619,1619,6008867.17
August 2007,CARPENTARIA,3,2,56,36,
August 2007,CASSOWARY COAST,16,15,365,344,1248239.59
August 2007,CENTRAL HIGHLANDS,20,19,422,422,1372133.74
August 2007,CHARTERS TOWERS,10,10,175,175,366263.62
August 2007,CLONCURRY,6,6,77,77,231237.8
August 2007,COOK,3,3,30,30,
August 2007,DOUGLAS,11,11,156,156,598096.18
August 2007,FLINDERS,2,2,28,28,
August 2007,FRASER COAST,40,38,1288,1160,4480179.52
August 2007,GLADSTONE,25,22,700,627,2243135.73
August 2007,GOLD COAST,138,134,5653,5459,24020663.5
August 2007,GOONDIWINDI,11,11,187,187,433768
August 2007,GYMPIE,21,19,386,374,1121328.97
August 2007,HINCHINBROOK,8,8,89,85,312366.45
August 2007,IPSWICH,44,42,1528,1481,6191183
August 2007,ISAAC,17,17,270,255,947525.68
August 2007,LIVINGSTONE,15,14,331,291,974971.61
August 2007,LOCKYER VALLEY,18,18,266,266,866918.28
August 2007,LOGAN,41,41,1885,1861,11815553.69
August 2007,LONGREACH,5,5,67,67,
August 2007,MACKAY,45,43,1425,1412,5608080.45
August 2007,MARANOA,9,8,131,131,327891.82
August 2007,MAREEBA,7,7,186,186,597386.78
August 2007,MCKINLAY,2,2,21,21,
August 2007,MORETON BAY,66,65,3048,3003,13260939.96
August 2007,MOUNT ISA,9,9,506,506,1961884.27
August 2007,MURWEH,8,8,75,75,155364.29
August 2007,NOOSA,18,18,556,546,2230144.44
August 2007,NORTH BURNETT,10,10,104,104,271007.65
August 2007,PAROO,2,2,23,23,
August 2007,QUILPIE,1,1,6,6,
August 2007,REDLAND,30,30,1331,1241,5123087.76
August 2007,RICHMOND,1,1,8,8,
August 2007,ROCKHAMPTON,41,38,1049,1016,3933874.5
August 2007,SCENIC RIM,21,19,253,206,634023.61
August 2007,SOMERSET,13,13,130,130,426096.1
August 2007,SOUTH BURNETT,21,21,339,339,995013.98
August 2007,SOUTHERN DOWNS,22,22,414,414,927299.45
August 2007,SUNSHINE COAST,77,74,2915,2713,10394925.6
August 2007,TABLELANDS,7,7,141,141,512133.21
August 2007,TOOWOOMBA,56,56,1425,1410,4931082.17
August 2007,TORRES,4,4,83,83,
August 2007,TOWNSVILLE,50,47,1623,1495,7149360.04
August 2007,WEIPA,3,3,51,51,
August 2007,WESTERN DOWNS,26,25,376,366,814241.53
August 2007,WHITSUNDAY,25,25,488,488,1868023.21
August 2007,WINTON,4,4,35,35,
September 2007,BALONNE,7,6,89,66,121602.42
September 2007,BANANA,11,11,179,179,465091.25
September 2007,BARCALDINE,3,3,28,28,
September 2007,BLACKALL TAMBO,3,3,26,26,
September 2007,BRISBANE,233,227,9000,8893,34403045.52
September 2007,BUNDABERG,41,41,1161,1143,3564235.91
September 2007,BURDEKIN,8,8,173,185,569621.54
September 2007,CAIRNS,44,43,1642,1619,5239672.21
September 2007,CARPENTARIA,3,2,56,36,
September 2007,CASSOWARY COAST,16,15,365,344,1141363.58
September 2007,CENTRAL HIGHLANDS,20,19,422,422,1210333.66
September 2007,CHARTERS TOWERS,10,10,175,175,339449.72
September 2007,CLONCURRY,6,6,77,77,189536.57
September 2007,COOK,3,3,30,30,
September 2007,DOUGLAS,11,10,152,152,508263.77
September 2007,FLINDERS,2,2,28,28,
September 2007,FRASER COAST,40,38,1288,1160,3949860.56
September 2007,GLADSTONE,25,22,700,632,1991960.19
September 2007,GOLD COAST,138,133,5767,5435,21964160.37
September 2007,GOONDIWINDI,11,11,187,187,380269.15
September 2007,GYMPIE,21,19,386,374,1002885.15
September 2007,HINCHINBROOK,8,8,89,85,290613.28
September 2007,IPSWICH,44,42,1514,1493,5431810.65
September 2007,ISAAC,17,17,270,255,872349.32
September 2007,LIVINGSTONE,15,14,331,291,921906.86
September 2007,LOCKYER VALLEY,19,18,271,266,767523.13
September 2007,LOGAN,41,41,1895,1837,10584813.48
September 2007,LONGREACH,5,5,67,67,
September 2007,MACKAY,45,43,1435,1409,5011429.48
September 2007,MARANOA,9,8,131,131,280787.52
September 2007,MAREEBA,7,7,186,186,558691.85
September 2007,MCKINLAY,2,2,21,21,
September 2007,MORETON BAY,66,65,3048,2996,12106525.05
September 2007,MOUNT ISA,9,9,506,506,1840794.08
September 2007,MURWEH,8,8,75,75,124815.1
September 2007,NOOSA,18,18,566,546,1928128.18
September 2007,NORTH BURNETT,10,10,110,104,251734.95
September 2007,PAROO,2,2,23,23,
September 2007,QUILPIE,1,1,6,6,
September 2007,REDLAND,30,30,1331,1241,4662763.47
September 2007,RICHMOND,1,1,8,8,
September 2007,ROCKHAMPTON,41,38,1040,1022,3505731.18
September 2007,SCENIC RIM,21,19,253,206,575054.06
September 2007,SOMERSET,13,13,130,130,352276.54
September 2007,SOUTH BURNETT,21,21,366,339,966113.11
September 2007,SOUTHERN DOWNS,22,22,414,414,900205.36
September 2007,SUNSHINE COAST,77,74,2915,2713,9330084.06
September 2007,TABLELANDS,7,7,147,141,430832.01
September 2007,TOOWOOMBA,56,56,1425,1425,4276901.75
September 2007,TORRES,4,4,83,83,
September 2007,TOWNSVILLE,50,47,1623,1500,6455432.43
September 2007,WEIPA,3,3,51,51,
September 2007,WESTERN DOWNS,26,24,376,349,702889.88
September 2007,WHITSUNDAY,25,25,488,488,1772038.11
September 2007,WINTON,4,4,35,35,
October 2007,BALONNE,7,6,89,66,117446.17
October 2007,BANANA,11,11,179,179,446397.96
October 2007,BARCALDINE,3,3,28,28,
October 2007,BLACKALL TAMBO,3,3,26,26,
October 2007,BRISBANE,234,227,9072,8873,34230254.02
October 2007,BUNDABERG,41,41,1171,1143,3734574.01
October 2007,BURDEKIN,8,8,185,185,612262.17
October 2007,CAIRNS,44,43,1642,1619,5202603.3
October 2007,CARPENTARIA,3,3,56,46,
October 2007,CASSOWARY COAST,16,15,350,344,1157928.26
October 2007,CENTRAL HIGHLANDS,20,19,422,422,1143510.16
October 2007,CHARTERS TOWERS,10,10,175,175,314341.76
October 2007,CLONCURRY,6,6,77,77,213581.94
October 2007,COOK,3,3,36,30,
October 2007,DOUGLAS,11,10,152,152,527149.77
October 2007,FLINDERS,2,2,28,28,
October 2007,FRASER COAST,40,39,1303,1176,4047746.62
October 2007,GLADSTONE,25,22,700,632,2049610.14
October 2007,GOLD COAST,138,135,5775,5511,22401029.36
October 2007,GOONDIWINDI,11,11,187,187,366569.92
October 2007,GYMPIE,21,19,386,374,989963.65
October 2007,HINCHINBROOK,8,8,89,85,292420.59
October 2007,IPSWICH,44,42,1514,1493,5522638.51
October 2007,ISAAC,17,17,270,255,874260.56
October 2007,LIVINGSTONE,15,14,331,291,863281.25
October 2007,LOCKYER VALLEY,19,18,271,266,772435.71
October 2007,LOGAN,41,41,1895,1837,10619655.07
October 2007,LONGREACH,5,5,73,67,
October 2007,MACKAY,45,43,1435,1409,5037341.93
October 2007,MARANOA,9,8,131,131,300885.5
October 2007,MAREEBA,7,7,186,186,551919.73
October 2007,MCKINLAY,2,2,21,21,
October 2007,MORETON BAY,66,64,3048,2956,12356591.96
October 2007,MOUNT ISA,9,9,506,506,1854807.58
October 2007,MURWEH,8,8,75,75,126862.72
October 2007,NOOSA,18,18,566,546,2024495.7
October 2007,NORTH BURNETT,10,10,110,103,224496.12
October 2007,PAROO,2,2,23,23,
October 2007,QUILPIE,1,1,6,6,
October 2007,REDLAND,30,30,1331,1241,4779619.93
October 2007,RICHMOND,1,1,8,8,
October 2007,ROCKHAMPTON,41,38,1080,1018,3571632.6
October 2007,SCENIC RIM,21,19,253,206,580683.92
October 2007,SOMERSET,13,13,130,130,370443.93
October 2007,SOUTH BURNETT,21,21,372,339,933627.02
October 2007,SOUTHERN DOWNS,22,22,414,414,889762.04
October 2007,SUNSHINE COAST,77,74,2919,2712,9757500.39
October 2007,TABLELANDS,7,7,147,141,449099.12
October 2007,TOOWOOMBA,56,56,1432,1425,4332051.4
October 2007,TORRES,4,4,83,83,
October 2007,TOWNSVILLE,51,46,1632,1487,6696803.29
October 2007,WEIPA,3,3,59,51,
October 2007,WESTERN DOWNS,26,25,376,366,728103.17
October 2007,WHITSUNDAY,25,25,488,488,1808995.14
October 2007,WINTON,4,4,35,35,
November 2007,BALONNE,7,6,89,66,133148.46
November 2007,BANANA,11,11,178,178,424471.17
November 2007,BARCALDINE,3,3,28,28,
November 2007,BLACKALL TAMBO,3,3,26,26,
November 2007,BRISBANE,232,227,9146,8834,35177621.36
November 2007,BUNDABERG,41,41,1171,1148,3649675.43
November 2007,BURDEKIN,8,8,185,185,588506.09
November 2007,CAIRNS,44,43,1642,1617,5323311.18
November 2007,CARPENTARIA,3,3,56,46,
November 2007,CASSOWARY COAST,15,15,350,344,1081624.15
November 2007,CENTRAL HIGHLANDS,19,19,422,422,1246916.13
November 2007,CHARTERS TOWERS,10,10,175,175,300258.61
November 2007,CLONCURRY,6,6,73,73,206912.95
November 2007,COOK,3,3,36,30,
November 2007,DOUGLAS,10,10,152,152,467008.59
November 2007,FLINDERS,2,2,28,28,
November 2007,FRASER COAST,40,39,1288,1163,4052510.62
November 2007,GLADSTONE,25,22,700,632,2036198.61
November 2007,GOLD COAST,138,135,5770,5507,22355026.78
November 2007,GOONDIWINDI,11,11,187,187,360055.63
November 2007,GYMPIE,21,20,386,376,1031334.46
November 2007,HINCHINBROOK,8,7,89,81,251039.9
November 2007,IPSWICH,44,41,1513,1466,5792073.59
November 2007,ISAAC,17,17,270,255,894355.31
November 2007,LIVINGSTONE,15,14,331,291,907055.58
November 2007,LOCKYER VALLEY,19,18,271,266,837616.93
November 2007,LOGAN,41,41,1895,1855,10725467.11
November 2007,LONGREACH,5,5,73,66,
November 2007,MACKAY,45,43,1440,1410,4895488.89
November 2007,MARANOA,9,8,131,131,291915.77
November 2007,MAREEBA,7,7,186,186,522233.08
November 2007,MCKINLAY,2,2,21,21,
November 2007,MORETON BAY,66,64,3008,2976,12531190.1
November 2007,MOUNT ISA,9,9,506,506,1779507.32
November 2007,MURWEH,8,8,75,75,130041.28
November 2007,NOOSA,18,18,566,566,2026655.64
November 2007,NORTH BURNETT,10,10,110,104,248792.36
November 2007,PAROO,2,2,23,23,
November 2007,QUILPIE,1,1,6,6,
November 2007,REDLAND,30,30,1331,1241,4924367.53
November 2007,RICHMOND,1,1,8,8,
November 2007,ROCKHAMPTON,40,38,1071,1018,3626624.88
November 2007,SCENIC RIM,22,19,273,206,543333.64
November 2007,SOMERSET,13,13,130,130,321718.62
November 2007,SOUTH BURNETT,21,21,372,335,949413.24
November 2007,SOUTHERN DOWNS,22,22,414,414,844922.62
November 2007,SUNSHINE COAST,77,74,2923,2713,9470570.95
November 2007,TABLELANDS,7,7,147,141,426711.02
November 2007,TOOWOOMBA,56,56,1432,1425,4434457.24
November 2007,TORRES,4,4,83,83,
November 2007,TOWNSVILLE,51,46,1626,1487,6691730.07
November 2007,WEIPA,3,3,59,51,
November 2007,WESTERN DOWNS,26,25,376,366,686107.03
November 2007,WHITSUNDAY,25,24,478,478,1705894.87
November 2007,WINTON,4,4,35,35,
December 2007,BALONNE,7,6,89,66,126486.79
December 2007,BANANA,11,11,178,178,403033.13
December 2007,BARCALDINE,3,3,28,28,
December 2007,BLACKALL TAMBO,3,3,26,26,
December 2007,BRISBANE,232,227,9146,8897,34760549.27
December 2007,BUNDABERG,41,41,1171,1148,3554222.04
December 2007,BURDEKIN,8,8,185,185,625042.53
December 2007,CAIRNS,44,43,1642,1618,5081815.02
December 2007,CARPENTARIA,3,3,56,46,
December 2007,CASSOWARY COAST,15,15,350,344,1078802.74
December 2007,CENTRAL HIGHLANDS,19,19,422,422,1107249.34
December 2007,CHARTERS TOWERS,10,10,175,175,341560.52
December 2007,CLONCURRY,6,6,73,73,163838.64
December 2007,COOK,3,3,36,30,
December 2007,DOUGLAS,10,10,152,152,415502.02
December 2007,FLINDERS,2,2,28,28,
December 2007,FRASER COAST,40,39,1288,1163,4117658.58
December 2007,GLADSTONE,25,22,700,627,2004918.4
December 2007,GOLD COAST,138,135,5720,5500,21703330.69
December 2007,GOONDIWINDI,11,11,187,187,359858.24
December 2007,GYMPIE,21,20,386,376,1036310.42
December 2007,HINCHINBROOK,8,8,89,85,259548.3
December 2007,IPSWICH,43,42,1507,1492,5633472.93
December 2007,ISAAC,17,17,270,267,800653.39
December 2007,LIVINGSTONE,15,14,331,291,908912.72
December 2007,LOCKYER VALLEY,19,18,271,266,789601.83
December 2007,LOGAN,41,41,1910,1879,10363095.86
December 2007,LONGREACH,5,5,73,67,
December 2007,MACKAY,45,43,1440,1416,4723206.2
December 2007,MARANOA,9,8,131,131,230026.07
December 2007,MAREEBA,7,7,186,186,525326.71
December 2007,MCKINLAY,2,2,21,21,
December 2007,MORETON BAY,66,64,3008,2955,12568324.84
December 2007,MOUNT ISA,9,9,506,506,1825635.5
December 2007,MURWEH,8,8,75,75,124708.15
December 2007,NOOSA,18,18,566,566,2208138.35
December 2007,NORTH BURNETT,10,10,110,104,243740.78
December 2007,PAROO,2,2,23,23,
December 2007,QUILPIE,1,1,6,6,
December 2007,REDLAND,30,30,1331,1241,4879324.98
December 2007,RICHMOND,1,1,8,8,
December 2007,ROCKHAMPTON,40,38,1080,1033,3425638.37
December 2007,SCENIC RIM,22,18,273,196,596196.59
December 2007,SOMERSET,13,13,130,130,356502.69
December 2007,SOUTH BURNETT,21,21,372,335,922260.36
December 2007,SOUTHERN DOWNS,22,22,414,414,903008.78
December 2007,SUNSHINE COAST,78,74,2942,2712,9717066.58
December 2007,TABLELANDS,7,7,147,141,456525.05
December 2007,TOOWOOMBA,56,56,1432,1425,4380944.88
December 2007,TORRES,4,4,83,83,
December 2007,TOWNSVILLE,51,45,1626,1481,6395144.7
December 2007,WEIPA,3,3,59,59,
December 2007,WESTERN DOWNS,26,26,387,370,682501.02
December 2007,WHITSUNDAY,25,24,478,478,1511660.5
December 2007,WINTON,4,4,35,35,
January 2008,BALONNE,7,6,89,66,132950.86
January 2008,BANANA,11,11,178,178,341082.69
January 2008,BARCALDINE,3,3,28,28,
January 2008,BLACKALL TAMBO,3,3,26,26,
January 2008,BRISBANE,232,227,9146,8907,31819608.98
January 2008,BUNDABERG,41,41,1171,1148,3557643.56
January 2008,BURDEKIN,8,8,185,185,521270.38
January 2008,CAIRNS,44,43,1642,1618,4723931.87
January 2008,CARPENTARIA,3,3,56,46,
January 2008,CASSOWARY COAST,15,15,350,344,965451.8
January 2008,CENTRAL HIGHLANDS,19,19,422,422,1001109.49
January 2008,CHARTERS TOWERS,10,10,175,175,317626.77
January 2008,CLONCURRY,6,6,73,73,131857.9
January 2008,COOK,3,3,36,30,
January 2008,DOUGLAS,10,9,152,140,380343.02
January 2008,FLINDERS,2,2,28,28,
January 2008,FRASER COAST,40,39,1288,1163,3786336.23
January 2008,GLADSTONE,25,22,700,626,1854497
January 2008,GOLD COAST,137,135,5720,5510,21349342.38
January 2008,GOONDIWINDI,11,11,187,187,330005.8
January 2008,GYMPIE,21,20,386,376,1028202.72
January 2008,HINCHINBROOK,8,8,89,86,226174.44
January 2008,IPSWICH,43,42,1507,1492,5133021.74
January 2008,ISAAC,17,17,270,267,741846.3
January 2008,LIVINGSTONE,15,14,331,291,819380.59
January 2008,LOCKYER VALLEY,19,18,271,266,716032.48
January 2008,LOGAN,41,41,1910,1879,9416059.93
January 2008,LONGREACH,5,5,73,67,
January 2008,MACKAY,45,43,1440,1416,4516627.87
January 2008,MARANOA,9,8,131,131,211737.45
January 2008,MAREEBA,7,7,186,186,518505.72
January 2008,MCKINLAY,2,2,21,21,
January 2008,MORETON BAY,65,64,3008,2956,11585730.03
January 2008,MOUNT ISA,9,9,506,506,1631623.96
January 2008,MURWEH,8,8,75,75,85869.09
January 2008,NOOSA,18,18,566,566,2026692.73
January 2008,NORTH BURNETT,10,10,110,104,216364.02
January 2008,PAROO,2,2,23,23,
January 2008,QUILPIE,1,1,6,6,
January 2008,REDLAND,30,30,1331,1231,4644844.27
January 2008,RICHMOND,1,1,8,8,
January 2008,ROCKHAMPTON,40,40,1080,1070,3238294.48
January 2008,SCENIC RIM,21,18,263,196,522945.5
January 2008,SOMERSET,13,13,130,130,308232.58
January 2008,SOUTH BURNETT,21,21,372,335,923215.04
January 2008,SOUTHERN DOWNS,22,22,414,414,821290.75
January 2008,SUNSHINE COAST,78,74,2942,2717,9065809.53
January 2008,TABLELANDS,7,7,147,147,446570.87
January 2008,TOOWOOMBA,56,56,1432,1425,3915357.7
January 2008,TORRES,4,4,83,83,
January 2008,TOWNSVILLE,50,45,1626,1481,5969539.41
January 2008,WEIPA,3,3,59,59,
January 2008,WESTERN DOWNS,26,26,387,370,601087.89
January 2008,WHITSUNDAY,25,24,478,478,1425681.62
January 2008,WINTON,4,4,35,35,
February 2008,BALONNE,7,6,89,66,87940.24
February 2008,BANANA,11,11,190,178,311586.78
February 2008,BARCALDINE,3,3,28,28,
February 2008,BLACKALL TAMBO,3,3,26,26,
February 2008,BRISBANE,232,226,9238,8886,31301337.97
February 2008,BUNDABERG,41,41,1179,1145,3162643.05
February 2008,BURDEKIN,8,8,185,185,464712.6
February 2008,CAIRNS,44,42,1648,1610,4518400.09
February 2008,CARPENTARIA,3,3,56,46,
February 2008,CASSOWARY COAST,15,15,350,344,1006060.55
February 2008,CENTRAL HIGHLANDS,19,19,430,419,1022605.5
February 2008,CHARTERS TOWERS,10,10,175,175,265073.98
February 2008,CLONCURRY,6,5,73,66,
February 2008,COOK,3,3,36,30,
February 2008,DOUGLAS,10,9,159,140,324680.15
February 2008,FLINDERS,2,2,28,28,
February 2008,FRASER COAST,40,39,1293,1165,3512202.35
February 2008,GLADSTONE,25,22,715,627,1778440.86
February 2008,GOLD COAST,137,135,5740,5518,20034995.02
February 2008,GOONDIWINDI,11,11,187,187,302677.57
February 2008,GYMPIE,21,20,393,376,949396.83
February 2008,HINCHINBROOK,8,8,89,86,216116.12
February 2008,IPSWICH,43,42,1507,1492,5057138.69
February 2008,ISAAC,17,17,270,269,744803.91
February 2008,LIVINGSTONE,15,14,331,291,798822.14
February 2008,LOCKYER VALLEY,19,18,271,266,726623.61
February 2008,LOGAN,41,41,1910,1895,9310239.54
February 2008,LONGREACH,5,5,73,67,
February 2008,MACKAY,45,43,1440,1426,4189846.02
February 2008,MARANOA,9,8,131,131,248796.72
February 2008,MAREEBA,7,7,195,186,492029.41
February 2008,MCKINLAY,2,2,21,21,
February 2008,MORETON BAY,65,64,3017,2967,10816130.32
February 2008,MOUNT ISA,9,9,506,506,1654389.46
February 2008,MURWEH,8,8,75,75,95017.94
February 2008,NOOSA,18,18,566,566,1874089.54
February 2008,NORTH BURNETT,10,10,110,107,222911.02
February 2008,PAROO,2,2,23,23,
February 2008,QUILPIE,1,1,6,6,
February 2008,REDLAND,30,30,1331,1231,4465260.61
February 2008,RICHMOND,1,1,8,8,
February 2008,ROCKHAMPTON,40,40,1088,1070,3021693.72
February 2008,SCENIC RIM,21,20,263,233,524019.58
February 2008,SOMERSET,13,13,130,130,289959.59
February 2008,SOUTH BURNETT,21,21,372,344,847403.71
February 2008,SOUTHERN DOWNS,22,22,414,414,792164.96
February 2008,SUNSHINE COAST,78,74,2942,2717,8554440.83
February 2008,TABLELANDS,7,7,147,147,436984.05
February 2008,TOOWOOMBA,56,56,1432,1425,3792942.58
February 2008,TORRES,4,4,83,83,
February 2008,TOWNSVILLE,50,45,1635,1482,5804342.5
February 2008,WEIPA,3,3,59,59,
February 2008,WESTERN DOWNS,26,26,407,370,616959.15
February 2008,WHITSUNDAY,25,23,478,462,1319621.98
February 2008,WINTON,4,4,35,35,
March 2008,BALONNE,7,6,89,66,98201.88
March 2008,BANANA,11,11,190,178,358608.57
March 2008,BARCALDINE,3,3,28,28,
March 2008,BLACKALL TAMBO,3,3,26,26,
March 2008,BRISBANE,232,226,9223,8871,32217466.25
March 2008,BUNDABERG,41,41,1179,1147,3340249.14
March 2008,BURDEKIN,8,8,185,185,504228.82
March 2008,CAIRNS,44,42,1648,1611,4751385.21
March 2008,CARPENTARIA,3,3,56,46,
March 2008,CASSOWARY COAST,15,15,350,344,953095.57
March 2008,CENTRAL HIGHLANDS,19,19,430,422,1031343.62
March 2008,CHARTERS TOWERS,10,10,173,173,255550.4
March 2008,CLONCURRY,6,5,69,69,
March 2008,COOK,3,3,36,30,
March 2008,DOUGLAS,10,9,159,140,373668.72
March 2008,FLINDERS,2,2,28,28,
March 2008,FRASER COAST,40,39,1293,1233,3837443.51
March 2008,GLADSTONE,25,23,715,656,1843616.67
March 2008,GOLD COAST,138,135,5753,5517,20582961.16
March 2008,GOONDIWINDI,11,11,187,187,338534.57
March 2008,GYMPIE,21,20,393,376,1028793.59
March 2008,HINCHINBROOK,8,8,89,86,244486.64
March 2008,IPSWICH,43,42,1507,1492,5217402.35
March 2008,ISAAC,17,17,270,270,809970.63
March 2008,LIVINGSTONE,15,13,331,281,805468.74
March 2008,LOCKYER VALLEY,19,18,271,266,651821.96
March 2008,LOGAN,41,41,1910,1895,9400761.37
March 2008,LONGREACH,5,5,73,67,
March 2008,MACKAY,45,43,1451,1425,4624806.5
March 2008,MARANOA,9,8,139,131,298005.41
March 2008,MAREEBA,7,7,195,186,469464.07
March 2008,MCKINLAY,2,2,21,19,
March 2008,MORETON BAY,65,64,3017,2967,11327794.68
March 2008,MOUNT ISA,9,9,506,506,1665644.34
March 2008,MURWEH,8,8,75,75,118133.51
March 2008,NOOSA,18,18,566,566,1883906.33
March 2008,NORTH BURNETT,10,10,110,107,218614.88
March 2008,PAROO,2,2,23,23,
March 2008,QUILPIE,1,1,6,6,
March 2008,REDLAND,30,30,1331,1231,4485693.99
March 2008,RICHMOND,1,1,8,8,
March 2008,ROCKHAMPTON,40,40,1088,1070,3039022.9
March 2008,SCENIC RIM,21,20,268,233,563499.69
March 2008,SOMERSET,13,13,130,130,307433.7
March 2008,SOUTH BURNETT,21,21,372,344,880997.9
March 2008,SOUTHERN DOWNS,22,22,404,414,856198.17
March 2008,SUNSHINE COAST,78,75,2942,2757,8769773.47
March 2008,TABLELANDS,7,7,147,147,475494.29
March 2008,TOOWOOMBA,56,56,1432,1425,3955882.5
March 2008,TORRES,4,4,83,83,
March 2008,TOWNSVILLE,50,45,1635,1482,5675372.36
March 2008,WEIPA,3,3,59,59,
March 2008,WESTERN DOWNS,26,26,407,370,663621.47
March 2008,WHITSUNDAY,24,23,474,462,1403734.41
March 2008,WINTON,4,4,35,35,
April 2008,BALONNE,7,6,89,66,92999.56
April 2008,BANANA,11,11,190,178,349693.43
April 2008,BARCALDINE,3,3,28,28,
April 2008,BLACKALL TAMBO,3,3,26,26,
April 2008,BRISBANE,232,226,9220,8880,32407706.34
April 2008,BUNDABERG,41,41,1171,1094,3285716.11
April 2008,BURDEKIN,8,8,185,185,513580.24
April 2008,CAIRNS,44,43,1648,1621,4682775.32
April 2008,CARPENTARIA,3,3,56,46,
April 2008,CASSOWARY COAST,15,15,350,344,922050.24
April 2008,CENTRAL HIGHLANDS,19,19,430,422,997702.22
April 2008,CHARTERS TOWERS,10,10,173,173,273982.78
April 2008,CLONCURRY,5,5,69,69,
April 2008,COOK,3,3,36,30,
April 2008,DOUGLAS,10,9,159,139,364130.13
April 2008,FLINDERS,2,2,28,28,
April 2008,FRASER COAST,40,39,1293,1233,3786188.81
April 2008,GLADSTONE,25,23,715,656,1825965.48
April 2008,GOLD COAST,138,136,5769,5548,19798371.59
April 2008,GOONDIWINDI,11,11,187,187,330144.63
April 2008,GYMPIE,21,20,393,376,1002678.98
April 2008,HINCHINBROOK,8,8,91,86,239681.72
April 2008,IPSWICH,43,43,1502,1502,5106112.2
April 2008,ISAAC,17,17,270,270,725279.95
April 2008,LIVINGSTONE,15,12,319,269,761825.68
April 2008,LOCKYER VALLEY,19,18,271,266,679640.54
April 2008,LOGAN,41,41,1910,1895,9379631.87
April 2008,LONGREACH,5,5,73,67,
April 2008,MACKAY,45,43,1451,1425,4510121.86
April 2008,MARANOA,9,8,139,131,216736.61
April 2008,MAREEBA,7,7,195,186,495508.26
April 2008,MCKINLAY,2,2,21,21,
April 2008,MORETON BAY,65,64,3017,2972,11215664.28
April 2008,MOUNT ISA,9,9,506,506,1636688.67
April 2008,MURWEH,8,8,75,75,117486.64
April 2008,NOOSA,18,18,566,566,1771012.92
April 2008,NORTH BURNETT,10,10,110,107,228584.66
April 2008,PAROO,2,2,23,23,
April 2008,QUILPIE,1,1,6,6,
April 2008,REDLAND,30,30,1331,1231,4421947.75
April 2008,RICHMOND,1,1,8,8,
April 2008,ROCKHAMPTON,40,40,1088,1069,3217894.81
April 2008,SCENIC RIM,21,20,268,233,588228.05
April 2008,SOMERSET,13,13,130,130,344883.6
April 2008,SOUTH BURNETT,21,21,372,344,874695.07
April 2008,SOUTHERN DOWNS,22,21,404,402,833902.64
April 2008,SUNSHINE COAST,78,75,2950,2751,8670644.07
April 2008,TABLELANDS,7,7,147,147,435665.68
April 2008,TOOWOOMBA,56,56,1432,1425,3989516.4
April 2008,TORRES,4,4,83,83,
April 2008,TOWNSVILLE,50,45,1635,1476,5929197.76
April 2008,WEIPA,3,3,59,59,
April 2008,WESTERN DOWNS,26,26,407,370,746702.54
April 2008,WHITSUNDAY,24,23,474,458,1367882.31
April 2008,WINTON,4,4,35,35,
May 2008,BALONNE,7,6,89,66,114657.14
May 2008,BANANA,11,11,190,178,391066.83
May 2008,BARCALDINE,3,3,28,28,
May 2008,BLACKALL TAMBO,3,3,26,26,
May 2008,BRISBANE,232,225,9220,8888,34405399.11
May 2008,BUNDABERG,41,41,1171,1094,3521640.29
May 2008,BURDEKIN,8,8,185,185,578215.62
May 2008,CAIRNS,44,43,1648,1622,5063283.16
May 2008,CARPENTARIA,3,3,56,48,
May 2008,CASSOWARY COAST,15,15,344,344,1041588.77
May 2008,CENTRAL HIGHLANDS,19,18,430,362,1125471.94
May 2008,CHARTERS TOWERS,10,10,173,173,331404.92
May 2008,CLONCURRY,5,5,69,69,
May 2008,COOK,3,3,36,30,
May 2008,DOUGLAS,10,9,156,140,472930.79
May 2008,FLINDERS,2,2,28,28,
May 2008,FRASER COAST,40,39,1293,1233,3886975.67
May 2008,GLADSTONE,25,22,715,522,2051691.58
May 2008,GOLD COAST,138,135,5769,5523,21534265.19
May 2008,GOONDIWINDI,11,11,187,187,390355.36
May 2008,GYMPIE,21,19,393,347,1048603.12
May 2008,HINCHINBROOK,8,8,91,86,247733.17
May 2008,IPSWICH,43,43,1524,1502,5482592.94
May 2008,ISAAC,17,17,270,270,915434.79
May 2008,LIVINGSTONE,15,12,319,269,839900.82
May 2008,LOCKYER VALLEY,19,18,271,266,802901.62
May 2008,LOGAN,41,41,1910,1895,10043755.87
May 2008,LONGREACH,5,5,73,67,
May 2008,MACKAY,45,43,1451,1425,4958169.62
May 2008,MARANOA,9,8,139,131,289852.08
May 2008,MAREEBA,7,7,195,186,497686.05
May 2008,MCKINLAY,2,2,21,21,
May 2008,MORETON BAY,65,64,3017,2972,12070544.95
May 2008,MOUNT ISA,9,9,506,506,1682201.45
May 2008,MURWEH,8,8,75,75,136834.55
May 2008,NOOSA,18,18,575,566,1927544.48
May 2008,NORTH BURNETT,10,10,110,107,256840.91
May 2008,PAROO,2,2,23,23,
May 2008,QUILPIE,1,1,6,6,
May 2008,REDLAND,30,30,1331,1231,4707204.42
May 2008,RICHMOND,1,1,8,8,
May 2008,ROCKHAMPTON,40,40,1088,1069,3486237.37
May 2008,SCENIC RIM,21,20,268,233,637778.63
May 2008,SOMERSET,13,13,130,130,350122.83
May 2008,SOUTH BURNETT,21,21,372,344,993574.84
May 2008,SOUTHERN DOWNS,22,21,416,402,916864.93
May 2008,SUNSHINE COAST,78,75,2968,2747,9072379.48
May 2008,TABLELANDS,7,7,147,147,493913.85
May 2008,TOOWOOMBA,56,56,1430,1423,4169731.03
May 2008,TORRES,4,4,83,83,
May 2008,TOWNSVILLE,50,45,1635,1482,6300956.91
May 2008,WEIPA,3,3,59,59,
May 2008,WESTERN DOWNS,26,26,407,364,811361.86
May 2008,WHITSUNDAY,24,22,474,453,1573747.52
May 2008,WINTON,4,4,35,35,
June 2008,BALONNE,7,6,89,66,121811.71
June 2008,BANANA,11,11,190,178,389680.33
June 2008,BARCALDINE,3,3,28,28,
June 2008,BLACKALL TAMBO,3,3,26,26,
June 2008,BRISBANE,232,223,9220,8876,33057562.22
June 2008,BUNDABERG,42,41,1191,1094,3449779.85
June 2008,BURDEKIN,8,8,185,185,524944.48
June 2008,CAIRNS,44,43,1648,1628,5091333.75
June 2008,CARPENTARIA,3,3,48,48,
June 2008,CASSOWARY COAST,15,15,344,344,1046783.85
June 2008,CENTRAL HIGHLANDS,19,18,410,362,1114323.24
June 2008,CHARTERS TOWERS,10,10,173,173,320590.75
June 2008,CLONCURRY,5,5,69,69,
June 2008,COOK,3,3,36,30,
June 2008,DOUGLAS,10,9,162,140,485183.2
June 2008,FLINDERS,2,2,28,28,
June 2008,FRASER COAST,40,39,1293,1233,3866764.92
June 2008,GLADSTONE,24,22,705,522,1887719.32
June 2008,GOLD COAST,137,134,5740,5512,20611119.76
June 2008,GOONDIWINDI,11,11,187,187,368445.3
June 2008,GYMPIE,21,18,377,348,970886.86
June 2008,HINCHINBROOK,8,8,91,86,247681.74
June 2008,IPSWICH,43,43,1524,1502,5323793.63
June 2008,ISAAC,17,17,270,270,836502.07
June 2008,LIVINGSTONE,15,12,327,269,773901.22
June 2008,LOCKYER VALLEY,19,18,271,266,714370.5
June 2008,LOGAN,41,41,1910,1895,9740681.73
June 2008,LONGREACH,5,5,73,67,
June 2008,MACKAY,45,42,1531,1415,4816314.1
June 2008,MARANOA,9,8,139,131,274156.56
June 2008,MAREEBA,7,7,195,186,496131.28
June 2008,MCKINLAY,2,2,21,21,
June 2008,MORETON BAY,65,63,3022,2972,11574288.74
June 2008,MOUNT ISA,9,9,506,506,1752964.57
June 2008,MURWEH,8,8,75,75,137484.27
June 2008,NOOSA,18,18,575,566,1752794.96
June 2008,NORTH BURNETT,10,10,110,107,252790.8
June 2008,PAROO,2,2,23,23,
June 2008,QUILPIE,1,1,6,6,
June 2008,REDLAND,30,30,1331,1231,4521382.62
June 2008,RICHMOND,1,1,8,8,
June 2008,ROCKHAMPTON,40,39,1088,1054,3389539.83
June 2008,SCENIC RIM,21,20,276,238,607323.61
June 2008,SOMERSET,13,13,130,130,348573.7
June 2008,SOUTH BURNETT,21,21,372,344,853984.89
June 2008,SOUTHERN DOWNS,22,21,416,402,808217.59
June 2008,SUNSHINE COAST,78,75,2968,2750,8980259.27
June 2008,TABLELANDS,7,7,147,147,463722.82
June 2008,TOOWOOMBA,56,56,1430,1423,4201134.06
June 2008,TORRES,4,4,83,83,
June 2008,TOWNSVILLE,50,45,1635,1483,6217513.15
June 2008,WEIPA,3,3,59,59,
June 2008,WESTERN DOWNS,26,26,407,375,770460.65
June 2008,WHITSUNDAY,23,22,458,453,1593114.1
June 2008,WINTON,4,4,35,35,
July 2008,BALONNE,7,6,89,66,140741.39
July 2008,BANANA,11,11,190,190,433144.01
July 2008,BARCALDINE,3,3,28,28,
July 2008,BLACKALL TAMBO,3,3,26,26,
July 2008,BRISBANE,232,222,9205,8832,37541352.9
July 2008,BUNDABERG,42,41,1186,1094,3919597.17
July 2008,BURDEKIN,8,8,185,185,676046.55
July 2008,CAIRNS,44,43,1648,1622,6116481.96
July 2008,CARPENTARIA,3,3,48,48,
July 2008,CASSOWARY COAST,15,15,344,344,1203387.99
July 2008,CENTRAL HIGHLANDS,19,18,410,362,1263380.45
July 2008,CHARTERS TOWERS,10,10,173,173,408198.41
July 2008,CLONCURRY,5,5,69,69,
July 2008,COOK,3,3,36,29,
July 2008,DOUGLAS,10,9,170,140,527072.96
July 2008,FLINDERS,2,2,28,28,
July 2008,FRASER COAST,40,38,1293,1215,4577678.21
July 2008,GLADSTONE,24,22,711,505,2179949.35
July 2008,GOLD COAST,136,134,5711,5512,22946276.03
July 2008,GOONDIWINDI,11,11,187,187,451858.47
July 2008,GYMPIE,19,18,380,348,1152193.06
July 2008,HINCHINBROOK,8,8,91,86,308695.7
July 2008,IPSWICH,43,43,1517,1495,6276713.15
July 2008,ISAAC,17,17,270,270,996276.56
July 2008,LIVINGSTONE,14,12,327,269,861688.05
July 2008,LOCKYER VALLEY,19,18,271,266,795646.16
July 2008,LOGAN,41,41,1910,1895,11390919.55
July 2008,LONGREACH,5,5,73,67,
July 2008,MACKAY,45,42,1531,1416,5427856.35
July 2008,MARANOA,9,9,139,136,301841.5
July 2008,MAREEBA,7,7,195,186,649103.08
July 2008,MCKINLAY,2,2,21,21,
July 2008,MORETON BAY,65,64,3022,2972,13460144.06
July 2008,MOUNT ISA,9,8,480,480,2021053.98
July 2008,MURWEH,8,8,75,75,133225.96
July 2008,NOOSA,18,18,575,553,2011402.67
July 2008,NORTH BURNETT,10,10,110,107,285074.16
July 2008,PAROO,2,2,23,23,
July 2008,QUILPIE,1,1,6,6,
July 2008,REDLAND,30,30,1331,1231,4942512.12
July 2008,RICHMOND,1,1,8,8,
July 2008,ROCKHAMPTON,41,40,1128,1051,3991724.82
July 2008,SCENIC RIM,21,20,276,238,623865.05
July 2008,SOMERSET,13,13,130,130,369142.51
July 2008,SOUTH BURNETT,21,21,372,355,1073330.61
July 2008,SOUTHERN DOWNS,22,21,416,390,978765.97
July 2008,SUNSHINE COAST,78,74,2968,2726,10134337.72
July 2008,TABLELANDS,7,7,147,147,498287.47
July 2008,TOOWOOMBA,56,56,1430,1423,4784629.39
July 2008,TORRES,4,4,83,83,
July 2008,TOWNSVILLE,50,45,1635,1483,7255612.5
July 2008,WEIPA,3,3,59,59,
July 2008,WESTERN DOWNS,26,26,407,375,966179.32
July 2008,WHITSUNDAY,23,22,458,428,1842211.51
July 2008,WINTON,4,4,35,35,
August 2008,BALONNE,7,6,89,66,137624.71
August 2008,BANANA,11,11,190,190,455230.9
August 2008,BARCALDINE,3,3,28,28,
August 2008,BLACKALL TAMBO,3,3,26,26,
August 2008,BRISBANE,232,220,9205,8719,37970888.5
August 2008,BUNDABERG,42,41,1186,1093,3940801.73
August 2008,BURDEKIN,8,8,185,185,655544.79
August 2008,CAIRNS,44,43,1648,1622,6256567.07
August 2008,CARPENTARIA,3,3,48,48,
August 2008,CASSOWARY COAST,15,15,344,344,1172940.25
August 2008,CENTRAL HIGHLANDS,19,18,410,362,1266282.86
August 2008,CHARTERS TOWERS,10,10,173,173,404277.23
August 2008,CLONCURRY,5,5,69,69,
August 2008,COOK,3,3,36,34,
August 2008,DOUGLAS,10,9,170,140,542141.85
August 2008,FLINDERS,2,2,28,28,
August 2008,FRASER COAST,40,39,1293,1231,4451264.67
August 2008,GLADSTONE,24,22,711,505,2407060.77
August 2008,GOLD COAST,136,134,5711,5519,23886247.17
August 2008,GOONDIWINDI,11,11,187,187,431509.67
August 2008,GYMPIE,19,18,380,348,1114374.43
August 2008,HINCHINBROOK,8,8,88,86,353269.62
August 2008,IPSWICH,43,43,1517,1517,6532701.22
August 2008,ISAAC,17,17,270,270,1051212.37
August 2008,LIVINGSTONE,14,12,327,269,966011.71
August 2008,LOCKYER VALLEY,19,18,271,266,843538.88
August 2008,LOGAN,41,40,1895,1868,11836758.03
August 2008,LONGREACH,5,5,73,67,
August 2008,MACKAY,45,43,1531,1434,5904366.21
August 2008,MARANOA,9,9,139,137,305770.25
August 2008,MAREEBA,7,7,195,186,631144.25
August 2008,MCKINLAY,2,2,21,21,
August 2008,MORETON BAY,67,64,3102,2972,14179936.29
August 2008,MOUNT ISA,8,8,480,480,2091008.88
August 2008,MURWEH,8,8,75,75,159214.94
August 2008,NOOSA,18,18,575,556,2113330.05
August 2008,NORTH BURNETT,10,10,110,107,255373.89
August 2008,PAROO,2,2,23,23,
August 2008,QUILPIE,1,1,6,6,
August 2008,REDLAND,30,30,1331,1231,5199496.98
August 2008,RICHMOND,1,1,8,8,
August 2008,ROCKHAMPTON,41,40,1128,1051,4065449.33
August 2008,SCENIC RIM,21,20,276,238,654594.63
August 2008,SOMERSET,13,13,130,130,413483.29
August 2008,SOUTH BURNETT,21,21,372,355,1134563.64
August 2008,SOUTHERN DOWNS,22,21,416,412,964021.28
August 2008,SUNSHINE COAST,78,74,2968,2790,10395835.55
August 2008,TABLELANDS,7,6,147,135,549215.69
August 2008,TOOWOOMBA,56,56,1430,1423,4995957.57
August 2008,TORRES,4,4,83,83,
August 2008,TOWNSVILLE,50,45,1635,1492,7716909.5
August 2008,WEIPA,3,3,59,59,
August 2008,WESTERN DOWNS,26,26,407,375,920849.04
August 2008,WHITSUNDAY,22,22,453,453,2062750.51
August 2008,WINTON,4,4,35,35,
September 2008,BALONNE,7,6,89,66,140229.75
September 2008,BANANA,11,11,190,190,428122.57
September 2008,BARCALDINE,3,3,28,28,
September 2008,BLACKALL TAMBO,3,3,26,26,
September 2008,BRISBANE,232,220,9202,8719,34531586.18
September 2008,BUNDABERG,42,41,1186,1101,3526506.1
September 2008,BURDEKIN,8,8,185,185,564822.85
September 2008,CAIRNS,44,43,1656,1640,5507404.13
September 2008,CARPENTARIA,3,3,48,48,
September 2008,CASSOWARY COAST,15,15,344,344,1096680.71
September 2008,CENTRAL HIGHLANDS,19,18,415,362,1235770.24
September 2008,CHARTERS TOWERS,10,10,173,173,383748.37
September 2008,CLONCURRY,5,5,69,69,
September 2008,COOK,3,3,36,36,
September 2008,DOUGLAS,10,9,170,144,543611.01
September 2008,FLINDERS,2,2,28,28,
September 2008,FRASER COAST,40,39,1293,1233,4114779.69
September 2008,GLADSTONE,23,21,686,508,2039214.03
September 2008,GOLD COAST,137,133,5756,5500,21275074.91
September 2008,GOONDIWINDI,11,11,187,187,393273.35
September 2008,GYMPIE,19,18,380,348,1032671.65
September 2008,HINCHINBROOK,8,8,91,86,315351.27
September 2008,IPSWICH,43,43,1517,1517,5623087.54
September 2008,ISAAC,17,17,270,270,901511.43
September 2008,LIVINGSTONE,14,12,327,269,813449.93
September 2008,LOCKYER VALLEY,19,18,271,266,740355.46
September 2008,LOGAN,41,40,1895,1868,10451359.06
September 2008,LONGREACH,5,5,73,67,
September 2008,MACKAY,45,43,1549,1434,5449811.56
September 2008,MARANOA,9,9,139,137,302531.32
September 2008,MAREEBA,7,7,195,186,576386.67
September 2008,MCKINLAY,2,2,21,21,
September 2008,MORETON BAY,67,64,3112,2980,11898248.85
September 2008,MOUNT ISA,8,8,480,480,1760050.99
September 2008,MURWEH,8,8,75,75,125550.21
September 2008,NOOSA,18,18,575,557,1895712.8
September 2008,NORTH BURNETT,10,10,107,107,251889.44
September 2008,PAROO,2,2,23,23,
September 2008,QUILPIE,1,1,6,6,
September 2008,REDLAND,30,30,1371,1231,4618269.11
September 2008,RICHMOND,1,1,8,8,
September 2008,ROCKHAMPTON,41,40,1128,1056,3581604.28
September 2008,SCENIC RIM,21,20,276,238,600937.64
September 2008,SOMERSET,13,13,130,130,375187.56
September 2008,SOUTH BURNETT,21,21,394,360,999274.28
September 2008,SOUTHERN DOWNS,22,20,416,404,896333.9
September 2008,SUNSHINE COAST,78,74,2973,2809,9421264.97
September 2008,TABLELANDS,6,6,135,135,468606.25
September 2008,TOOWOOMBA,56,56,1430,1423,4497764.52
September 2008,TORRES,4,4,83,83,
September 2008,TOWNSVILLE,50,45,1640,1492,6674511.07
September 2008,WEIPA,3,3,59,59,
September 2008,WESTERN DOWNS,26,26,407,386,818512.94
September 2008,WHITSUNDAY,22,22,453,453,1820449.1
September 2008,WINTON,4,4,35,35,
October 2008,BALONNE,7,6,89,66,162445.71
October 2008,BANANA,11,11,190,190,420634.96
October 2008,BARCALDINE,3,3,28,28,
October 2008,BLACKALL TAMBO,3,3,26,26,
October 2008,BRISBANE,232,220,9207,8732,36791957.9
October 2008,BUNDABERG,42,41,1186,1100,3844554.74
October 2008,BURDEKIN,8,8,185,185,639957.16
October 2008,CAIRNS,44,43,1656,1640,5674629.71
October 2008,CARPENTARIA,3,3,48,48,
October 2008,CASSOWARY COAST,15,15,344,344,1133931.95
October 2008,CENTRAL HIGHLANDS,19,18,415,362,1239955.25
October 2008,CHARTERS TOWERS,10,10,173,173,354373.95
October 2008,CLONCURRY,5,5,69,69,
October 2008,COOK,3,3,36,36,
October 2008,DOUGLAS,10,9,170,144,528914.52
October 2008,FLINDERS,2,2,28,28,
October 2008,FRASER COAST,40,39,1278,1233,4200540.09
October 2008,GLADSTONE,24,22,688,521,2182606.15
October 2008,GOLD COAST,136,133,5743,5500,22822247.62
October 2008,GOONDIWINDI,11,11,187,187,376711.83
October 2008,GYMPIE,19,18,380,347,1061435.78
October 2008,HINCHINBROOK,8,8,91,87,287228.4
October 2008,IPSWICH,43,43,1517,1517,6081191.89
October 2008,ISAAC,17,17,270,270,1039139.02
October 2008,LIVINGSTONE,14,12,327,269,850861.85
October 2008,LOCKYER VALLEY,19,18,276,266,799705.31
October 2008,LOGAN,41,40,1895,1868,10857318.1
October 2008,LONGREACH,5,5,67,67,
October 2008,MACKAY,45,43,1549,1436,5809024.54
October 2008,MARANOA,9,9,139,137,290278.78
October 2008,MAREEBA,7,7,195,186,578961.76
October 2008,MCKINLAY,2,2,21,21,
October 2008,MORETON BAY,67,63,3112,2981,13187254.41
October 2008,MOUNT ISA,8,8,480,480,1704718.95
October 2008,MURWEH,8,8,75,75,136590.51
October 2008,NOOSA,18,18,575,570,1994313.03
October 2008,NORTH BURNETT,10,10,107,107,225445.85
October 2008,PAROO,2,2,23,23,
October 2008,QUILPIE,1,1,6,6,
October 2008,REDLAND,30,30,1371,1231,5099457.77
October 2008,RICHMOND,1,1,8,8,
October 2008,ROCKHAMPTON,42,40,1138,1057,3828498.83
October 2008,SCENIC RIM,21,20,276,238,638367.71
October 2008,SOMERSET,13,13,130,130,401367.91
October 2008,SOUTH BURNETT,21,21,388,360,1051927.14
October 2008,SOUTHERN DOWNS,22,20,416,404,930610.21
October 2008,SUNSHINE COAST,78,74,2962,2818,10059077.37
October 2008,TABLELANDS,6,6,135,135,447040.09
October 2008,TOOWOOMBA,57,56,1493,1423,4515188.44
October 2008,TORRES,4,4,83,83,
October 2008,TOWNSVILLE,50,45,1640,1492,6968299.53
October 2008,WEIPA,3,3,59,59,
October 2008,WESTERN DOWNS,26,26,407,386,928196.62
October 2008,WHITSUNDAY,22,22,453,453,1989684.94
October 2008,WINTON,4,4,35,33,
November 2008,BALONNE,7,6,89,66,140367.71
November 2008,BANANA,11,11,190,190,418571.9
November 2008,BARCALDINE,3,3,28,28,
November 2008,BLACKALL TAMBO,3,3,26,26,
November 2008,BRISBANE,232,220,9195,8758,33894057.76
November 2008,BUNDABERG,42,42,1186,1111,3652169.29
November 2008,BURDEKIN,8,8,200,185,575363.8
November 2008,CAIRNS,43,43,1656,1640,5160542.86
November 2008,CARPENTARIA,3,3,48,48,
November 2008,CASSOWARY COAST,15,15,344,343,997799.48
November 2008,CENTRAL HIGHLANDS,19,17,415,332,1218778.54
November 2008,CHARTERS TOWERS,10,10,173,173,381957.84
November 2008,CLONCURRY,5,5,69,69,
November 2008,COOK,3,3,36,36,
November 2008,DOUGLAS,10,9,170,144,475353.2
November 2008,FLINDERS,2,2,28,28,
November 2008,FRASER COAST,40,39,1278,1227,3937250.86
November 2008,GLADSTONE,24,22,698,528,2036822.57
November 2008,GOLD COAST,136,133,5793,5500,21134619.46
November 2008,GOONDIWINDI,11,11,187,187,411665.13
November 2008,GYMPIE,19,18,380,348,1040457.54
November 2008,HINCHINBROOK,8,8,91,86,277617.84
November 2008,IPSWICH,43,43,1517,1517,5706585.16
November 2008,ISAAC,17,17,270,270,1052544.59
November 2008,LIVINGSTONE,14,12,327,269,802247.15
November 2008,LOCKYER VALLEY,19,18,276,266,791016.01
November 2008,LOGAN,41,40,1895,1878,10088299.09
November 2008,LONGREACH,5,5,67,67,
November 2008,MACKAY,45,43,1566,1434,5234534.11
November 2008,MARANOA,9,9,139,137,276791.98
November 2008,MAREEBA,7,7,195,186,549820.97
November 2008,MCKINLAY,2,2,21,21,
November 2008,MORETON BAY,67,64,3192,2981,12144383.89
November 2008,MOUNT ISA,8,8,480,480,1675404.7
November 2008,MURWEH,8,8,75,75,118531.72
November 2008,NOOSA,18,18,575,570,1860095.73
November 2008,NORTH BURNETT,10,10,107,107,210242.08
November 2008,PAROO,2,2,23,23,
November 2008,QUILPIE,1,1,6,6,
November 2008,REDLAND,30,30,1281,1256,4840772.56
November 2008,RICHMOND,1,1,8,8,
November 2008,ROCKHAMPTON,42,40,1138,1071,3520345.21
November 2008,SCENIC RIM,21,20,276,238,630269.06
November 2008,SOMERSET,13,13,130,130,383565.3
November 2008,SOUTH BURNETT,21,21,388,360,887468.69
November 2008,SOUTHERN DOWNS,22,20,404,404,946239.33
November 2008,SUNSHINE COAST,78,75,2962,2841,9351537.24
November 2008,TABLELANDS,6,6,135,135,439431.97
November 2008,TOOWOOMBA,57,56,1493,1429,4392461.27
November 2008,TORRES,4,4,83,83,
November 2008,TOWNSVILLE,50,45,1660,1487,6517608.22
November 2008,WEIPA,3,3,59,59,
November 2008,WESTERN DOWNS,26,26,407,391,887520.66
November 2008,WHITSUNDAY,22,22,453,453,1742056.39
November 2008,WINTON,4,4,35,33,
December 2008,BALONNE,7,6,89,66,179689
December 2008,BANANA,11,11,190,190,399677.92
December 2008,BARCALDINE,3,3,28,28,
December 2008,BLACKALL TAMBO,3,3,26,26,
December 2008,BRISBANE,232,220,9179,8763,36522504.18
December 2008,BUNDABERG,42,42,1186,1111,4164683.65
December 2008,BURDEKIN,8,8,200,185,637445.12
December 2008,CAIRNS,43,43,1666,1640,6148460.16
December 2008,CARPENTARIA,3,3,48,47,
December 2008,CASSOWARY COAST,15,15,350,344,1108679.37
December 2008,CENTRAL HIGHLANDS,19,18,415,362,1240263.02
December 2008,CHARTERS TOWERS,10,10,173,173,383129.34
December 2008,CLONCURRY,5,5,69,68,
December 2008,COOK,3,3,36,36,
December 2008,DOUGLAS,10,9,170,147,451334.39
December 2008,FLINDERS,2,2,28,28,
December 2008,FRASER COAST,40,39,1258,1213,4355314.4
December 2008,GLADSTONE,24,22,698,528,2283218.55
December 2008,GOLD COAST,136,132,5758,5465,22054656.18
December 2008,GOONDIWINDI,11,11,187,187,460070.48
December 2008,GYMPIE,19,18,380,348,1136819.46
December 2008,HINCHINBROOK,8,8,91,87,299037.13
December 2008,IPSWICH,43,43,1517,1517,6468266.36
December 2008,ISAAC,17,17,270,270,907674.22
December 2008,LIVINGSTONE,14,12,327,269,921655.44
December 2008,LOCKYER VALLEY,19,18,276,266,883994.35
December 2008,LOGAN,40,40,1890,1878,11485407.44
December 2008,LONGREACH,5,5,67,67,
December 2008,MACKAY,45,43,1571,1429,5640089.08
December 2008,MARANOA,9,9,139,137,317433.45
December 2008,MAREEBA,7,7,195,185,679490.57
December 2008,MCKINLAY,2,2,21,21,
December 2008,MORETON BAY,67,64,3192,2981,13871614.41
December 2008,MOUNT ISA,8,8,480,480,1819186.33
December 2008,MURWEH,8,8,75,75,141002.67
December 2008,NOOSA,18,18,575,570,2064855.71
December 2008,NORTH BURNETT,10,10,107,107,306549.89
December 2008,PAROO,2,2,23,23,
December 2008,QUILPIE,1,1,6,6,
December 2008,REDLAND,30,30,1281,1256,5049905.33
December 2008,RICHMOND,1,1,8,8,
December 2008,ROCKHAMPTON,43,40,1168,1065,4056595.36
December 2008,SCENIC RIM,21,20,276,238,697188.5
December 2008,SOMERSET,13,13,130,130,409363.58
December 2008,SOUTH BURNETT,21,21,388,382,1162810.87
December 2008,SOUTHERN DOWNS,22,20,404,404,1032228.37
December 2008,SUNSHINE COAST,77,75,2937,2850,10070301.95
December 2008,TABLELANDS,6,6,135,135,523815.05
December 2008,TOOWOOMBA,57,56,1493,1429,4967134.95
December 2008,TORRES,4,4,83,83,
December 2008,TOWNSVILLE,50,45,1660,1492,7306869.19
December 2008,WEIPA,3,3,59,59,
December 2008,WESTERN DOWNS,26,26,403,396,921562.31
December 2008,WHITSUNDAY,22,22,453,453,1693133.52
December 2008,WINTON,4,4,35,33,
January 2009,BALONNE,7,6,89,66,163455.7
January 2009,BANANA,11,11,190,190,347911.34
January 2009,BARCALDINE,3,3,28,28,
January 2009,BLACKALL TAMBO,3,3,26,26,
January 2009,BRISBANE,231,220,9179,8781,33068971.97
January 2009,BUNDABERG,42,42,1186,1111,3674616.39
January 2009,BURDEKIN,8,8,200,185,533108.82
January 2009,CAIRNS,43,43,1666,1639,5279019.22
January 2009,CARPENTARIA,3,3,48,48,
January 2009,CASSOWARY COAST,15,15,350,344,966324.2
January 2009,CENTRAL HIGHLANDS,19,18,415,362,1096234.97
January 2009,CHARTERS TOWERS,10,10,173,173,326219.83
January 2009,CLONCURRY,5,5,69,69,
January 2009,COOK,3,3,36,36,
January 2009,DOUGLAS,10,9,170,147,376131.86
January 2009,FLINDERS,2,2,28,28,
January 2009,FRASER COAST,40,39,1258,1213,4102031.77
January 2009,GLADSTONE,24,22,698,528,1942891.7
January 2009,GOLD COAST,135,131,5758,5451,21176910.35
January 2009,GOONDIWINDI,11,11,187,187,353604.67
January 2009,GYMPIE,19,18,380,348,1097655.98
January 2009,HINCHINBROOK,8,8,91,87,272883.61
January 2009,IPSWICH,43,43,1517,1516,5597657.79
January 2009,ISAAC,17,17,270,270,900163.26
January 2009,LIVINGSTONE,14,12,327,269,902260.37
January 2009,LOCKYER VALLEY,19,18,276,266,790292.74
January 2009,LOGAN,40,40,1890,1878,9909031.08
January 2009,LONGREACH,5,5,67,67,
January 2009,MACKAY,45,43,1571,1428,4950333.93
January 2009,MARANOA,9,9,139,137,249511.96
January 2009,MAREEBA,7,7,195,186,531484.11
January 2009,MCKINLAY,2,2,21,21,
January 2009,MORETON BAY,67,64,3192,2981,12740282.11
January 2009,MOUNT ISA,8,8,480,480,1495389.3
January 2009,MURWEH,8,8,75,75,128429.09
January 2009,NOOSA,18,18,575,570,2018595.69
January 2009,NORTH BURNETT,10,10,107,107,231917.79
January 2009,PAROO,2,2,23,23,
January 2009,QUILPIE,1,1,6,6,
January 2009,REDLAND,30,30,1281,1256,4864071.14
January 2009,RICHMOND,1,1,8,8,
January 2009,ROCKHAMPTON,43,40,1168,1065,3515613.66
January 2009,SCENIC RIM,21,20,276,234,580352.96
January 2009,SOMERSET,13,13,130,130,363256
January 2009,SOUTH BURNETT,21,21,388,382,906091.77
January 2009,SOUTHERN DOWNS,21,20,404,404,974169.37
January 2009,SUNSHINE COAST,77,76,2937,2855,9672045.48
January 2009,TABLELANDS,6,6,135,135,473428.67
January 2009,TOOWOOMBA,57,56,1493,1429,4323706.84
January 2009,TORRES,4,4,83,83,
January 2009,TOWNSVILLE,50,46,1660,1507,6155939.4
January 2009,WEIPA,3,3,59,59,
January 2009,WESTERN DOWNS,26,26,403,396,817604.21
January 2009,WHITSUNDAY,22,22,453,452,1477121.38
January 2009,WINTON,4,4,35,33,
February 2009,BALONNE,7,6,89,66,115004.31
February 2009,BANANA,11,11,190,190,323357.19
February 2009,BARCALDINE,3,3,28,28,
February 2009,BLACKALL TAMBO,3,3,26,26,
February 2009,BRISBANE,231,221,9249,8803,29615615.77
February 2009,BUNDABERG,42,42,1178,1111,3285932.95
February 2009,BURDEKIN,8,8,200,185,428681.65
February 2009,CAIRNS,43,43,1666,1653,4762049.25
February 2009,CARPENTARIA,3,3,48,48,
February 2009,CASSOWARY COAST,15,15,364,344,874907.24
February 2009,CENTRAL HIGHLANDS,19,19,415,397,1003111.29
February 2009,CHARTERS TOWERS,10,10,173,173,288104.71
February 2009,CLONCURRY,5,5,69,69,
February 2009,COOK,3,3,36,36,
February 2009,DOUGLAS,10,9,170,147,317124.25
February 2009,FLINDERS,2,2,28,28,
February 2009,FRASER COAST,40,39,1253,1213,3561592.53
February 2009,GLADSTONE,24,22,713,545,1813869.17
February 2009,GOLD COAST,135,131,5767,5452,18013864.93
February 2009,GOONDIWINDI,11,11,187,187,335724.09
February 2009,GYMPIE,19,18,380,348,926916.18
February 2009,HINCHINBROOK,8,8,91,89,288163.43
February 2009,IPSWICH,43,43,1517,1517,4971664.37
February 2009,ISAAC,17,17,270,269,849699.37
February 2009,LIVINGSTONE,14,12,327,269,721012.67
February 2009,LOCKYER VALLEY,19,18,276,271,632972.65
February 2009,LOGAN,40,40,1894,1878,8670645.7
February 2009,LONGREACH,5,5,67,67,
February 2009,MACKAY,45,43,1571,1428,4553103.33
February 2009,MARANOA,9,9,139,137,234293.1
February 2009,MAREEBA,7,7,186,186,466669.63
February 2009,MCKINLAY,2,2,21,21,
February 2009,MORETON BAY,67,64,3192,2981,10765972.93
February 2009,MOUNT ISA,8,8,480,480,1345262.45
February 2009,MURWEH,8,8,75,74,96683.9
February 2009,NOOSA,18,18,575,570,1633399.31
February 2009,NORTH BURNETT,10,10,107,107,190600.69
February 2009,PAROO,2,2,23,23,
February 2009,QUILPIE,1,1,6,6,
February 2009,REDLAND,30,30,1281,1256,4319690.5
February 2009,RICHMOND,1,1,8,8,
February 2009,ROCKHAMPTON,43,40,1166,1065,3145007.42
February 2009,SCENIC RIM,21,18,276,223,557603.15
February 2009,SOMERSET,13,13,138,130,328032.48
February 2009,SOUTH BURNETT,21,21,388,382,816149.24
February 2009,SOUTHERN DOWNS,21,20,404,404,835755.71
February 2009,SUNSHINE COAST,77,76,2937,2855,8144064.61
February 2009,TABLELANDS,6,6,135,135,437412.52
February 2009,TOOWOOMBA,57,56,1493,1429,3896219.52
February 2009,TORRES,4,4,83,83,
February 2009,TOWNSVILLE,50,46,1660,1516,5743326.57
February 2009,WEIPA,3,3,59,59,
February 2009,WESTERN DOWNS,26,26,398,396,771774.87
February 2009,WHITSUNDAY,22,22,453,453,1306787.51
February 2009,WINTON,4,4,35,33,
March 2009,BALONNE,7,6,89,66,140564.06
March 2009,BANANA,11,11,190,190,373581.51
March 2009,BARCALDINE,3,3,28,28,
March 2009,BLACKALL TAMBO,3,3,26,26,
March 2009,BRISBANE,232,220,9270,8775,33115920.53
March 2009,BUNDABERG,42,42,1178,1111,3570258.11
March 2009,BURDEKIN,8,8,200,185,542589.75
March 2009,CAIRNS,43,42,1666,1598,5643571.35
March 2009,CARPENTARIA,3,3,48,48,
March 2009,CASSOWARY COAST,15,15,364,344,978705.99
March 2009,CENTRAL HIGHLANDS,20,19,425,397,1122031.9
March 2009,CHARTERS TOWERS,10,10,173,173,342662.3
March 2009,CLONCURRY,5,5,69,69,
March 2009,COOK,3,3,36,36,
March 2009,DOUGLAS,10,9,170,147,362843.26
March 2009,FLINDERS,2,2,28,28,
March 2009,FRASER COAST,40,39,1246,1213,3969100.73
March 2009,GLADSTONE,24,23,713,549,2062580.42
March 2009,GOLD COAST,135,131,5767,5447,20358647.7
March 2009,GOONDIWINDI,11,11,187,187,453979.3
March 2009,GYMPIE,19,18,380,348,1079441.21
March 2009,HINCHINBROOK,8,8,91,89,339083.81
March 2009,IPSWICH,43,43,1517,1517,5782519.1
March 2009,ISAAC,17,17,270,270,891160.31
March 2009,LIVINGSTONE,14,12,327,269,782038.45
March 2009,LOCKYER VALLEY,20,18,285,271,727107.14
March 2009,LOGAN,40,40,1894,1886,10229213.5
March 2009,LONGREACH,5,5,67,67,
March 2009,MACKAY,46,43,1579,1446,4804771
March 2009,MARANOA,9,9,139,137,313772.64
March 2009,MAREEBA,7,7,186,186,585523.77
March 2009,MCKINLAY,2,2,21,20,
March 2009,MORETON BAY,67,64,3192,3001,12313817.81
March 2009,MOUNT ISA,8,8,480,480,1518458.01
March 2009,MURWEH,8,8,75,75,127065.4
March 2009,NOOSA,18,18,575,570,1856941.74
March 2009,NORTH BURNETT,10,10,107,107,245242.41
March 2009,PAROO,2,2,23,23,
March 2009,QUILPIE,1,1,6,6,
March 2009,REDLAND,30,30,1281,1256,4793836.95
March 2009,RICHMOND,1,1,8,8,
March 2009,ROCKHAMPTON,43,40,1166,1066,3554013.9
March 2009,SCENIC RIM,21,18,276,223,584341.19
March 2009,SOMERSET,13,13,138,130,362958.08
March 2009,SOUTH BURNETT,21,21,388,382,1069244.84
March 2009,SOUTHERN DOWNS,22,20,414,404,1011831.12
March 2009,SUNSHINE COAST,77,76,2937,2852,8903407.73
March 2009,TABLELANDS,6,6,147,135,515265.92
March 2009,TOOWOOMBA,57,56,1493,1429,4389820.41
March 2009,TORRES,4,4,83,83,
March 2009,TOWNSVILLE,50,46,1660,1515,6688124.91
March 2009,WEIPA,3,3,59,59,
March 2009,WESTERN DOWNS,26,26,398,396,832695.31
March 2009,WHITSUNDAY,22,22,453,453,1357203.91
March 2009,WINTON,4,4,35,33,
April 2009,BALONNE,7,6,89,66,131012.82
April 2009,BANANA,11,11,190,190,440498.71
April 2009,BARCALDINE,3,3,28,28,
April 2009,BLACKALL TAMBO,3,3,26,26,
April 2009,BRISBANE,229,220,9207,8734,32992894.06
April 2009,BUNDABERG,42,42,1178,1111,3493136.9
April 2009,BURDEKIN,8,7,200,177,500967.49
April 2009,CAIRNS,43,42,1666,1618,5005640.5
April 2009,CARPENTARIA,3,3,48,48,
April 2009,CASSOWARY COAST,15,15,364,344,951523.25
April 2009,CENTRAL HIGHLANDS,20,19,425,396,1116967.48
April 2009,CHARTERS TOWERS,10,9,173,148,301115.75
April 2009,CLONCURRY,5,5,69,69,
April 2009,COOK,3,3,36,36,
April 2009,DOUGLAS,10,9,170,149,365038.13
April 2009,FLINDERS,2,2,28,28,
April 2009,FRASER COAST,40,39,1246,1206,3974369.1
April 2009,GLADSTONE,23,23,570,550,1967647.75
April 2009,GOLD COAST,135,131,5767,5439,19734525.41
April 2009,GOONDIWINDI,11,11,187,187,411775.22
April 2009,GYMPIE,19,18,380,348,990240.83
April 2009,HINCHINBROOK,8,8,91,89,273201.99
April 2009,IPSWICH,43,43,1517,1516,5563582.67
April 2009,ISAAC,17,17,270,270,848979.89
April 2009,LIVINGSTONE,14,12,327,269,777235.26
April 2009,LOCKYER VALLEY,20,18,285,271,718705.8
April 2009,LOGAN,40,40,1914,1890,9980414.75
April 2009,LONGREACH,5,5,67,67,
April 2009,MACKAY,45,44,1571,1456,4913246.15
April 2009,MARANOA,9,9,139,137,345208.45
April 2009,MAREEBA,7,7,186,185,556975.09
April 2009,MCKINLAY,2,2,21,21,
April 2009,MORETON BAY,67,64,3192,3000,12174544.45
April 2009,MOUNT ISA,8,8,480,480,1652085.17
April 2009,MURWEH,8,8,75,75,125246.48
April 2009,NOOSA,18,18,575,570,1811726.2
April 2009,NORTH BURNETT,10,10,107,107,245504.23
April 2009,PAROO,2,2,23,23,
April 2009,QUILPIE,1,1,6,6,
April 2009,REDLAND,30,30,1281,1256,4682915.02
April 2009,RICHMOND,1,1,8,8,
April 2009,ROCKHAMPTON,43,40,1166,1066,3358828.15
April 2009,SCENIC RIM,21,18,276,223,600203.95
April 2009,SOMERSET,13,13,138,130,378948.64
April 2009,SOUTH BURNETT,21,21,388,382,994460.74
April 2009,SOUTHERN DOWNS,22,20,414,404,968368.48
April 2009,SUNSHINE COAST,77,76,2937,2849,8814779.93
April 2009,TABLELANDS,6,6,147,135,435566.97
April 2009,TOOWOOMBA,57,56,1493,1429,4314856.01
April 2009,TORRES,4,4,83,83,
April 2009,TOWNSVILLE,50,46,1660,1511,6240562.45
April 2009,WEIPA,3,3,59,59,
April 2009,WESTERN DOWNS,26,26,398,396,830002.74
April 2009,WHITSUNDAY,22,22,453,453,1366512.51
April 2009,WINTON,4,4,35,33,
May 2009,BALONNE,7,6,89,66,156658.6
May 2009,BANANA,11,11,190,190,442509
May 2009,BARCALDINE,3,3,28,28,
May 2009,BLACKALL TAMBO,3,3,26,26,
May 2009,BRISBANE,229,220,9178,8754,34936940.12
May 2009,BUNDABERG,42,42,1178,1111,3986269.07
May 2009,BURDEKIN,8,8,200,185,586756.22
May 2009,CAIRNS,43,42,1666,1618,5447015.29
May 2009,CARPENTARIA,3,3,48,48,
May 2009,CASSOWARY COAST,15,15,364,344,1040232.97
May 2009,CENTRAL HIGHLANDS,20,19,437,396,1282711.72
May 2009,CHARTERS TOWERS,10,9,173,148,342936.64
May 2009,CLONCURRY,5,5,69,69,
May 2009,COOK,3,3,36,36,
May 2009,DOUGLAS,10,9,170,149,426995.56
May 2009,FLINDERS,2,2,28,28,
May 2009,FRASER COAST,40,39,1246,1206,4178222.32
May 2009,GLADSTONE,23,23,570,550,2232189.22
May 2009,GOLD COAST,134,132,5744,5436,21053549.69
May 2009,GOONDIWINDI,11,11,187,187,467429.51
May 2009,GYMPIE,19,18,380,348,1140297.89
May 2009,HINCHINBROOK,8,8,91,89,291532.05
May 2009,IPSWICH,43,43,1517,1516,5969682.53
May 2009,ISAAC,17,17,270,270,958723.38
May 2009,LIVINGSTONE,14,12,327,269,935728.47
May 2009,LOCKYER VALLEY,20,18,285,271,816092.95
May 2009,LOGAN,40,40,1924,1890,11028516.75
May 2009,LONGREACH,5,5,67,66,
May 2009,MACKAY,45,44,1611,1459,5292815.65
May 2009,MARANOA,9,9,139,137,266615.45
May 2009,MAREEBA,7,7,186,186,519814.49
May 2009,MCKINLAY,2,2,21,21,
May 2009,MORETON BAY,67,63,3192,2974,12831674.83
May 2009,MOUNT ISA,8,8,480,480,1601666.87
May 2009,MURWEH,8,8,75,75,179300.51
May 2009,NOOSA,18,18,575,570,1915922.75
May 2009,NORTH BURNETT,10,10,107,105,324201.41
May 2009,PAROO,2,2,23,23,
May 2009,QUILPIE,1,1,6,6,
May 2009,REDLAND,30,30,1281,1256,4934508.74
May 2009,RICHMOND,1,1,8,8,
May 2009,ROCKHAMPTON,43,40,1176,1066,3712018.46
May 2009,SCENIC RIM,21,19,276,232,635851.07
May 2009,SOMERSET,13,13,138,130,382935.21
May 2009,SOUTH BURNETT,21,21,388,378,1140474.05
May 2009,SOUTHERN DOWNS,22,20,408,404,1009687.37
May 2009,SUNSHINE COAST,77,76,2948,2872,9505924.25
May 2009,TABLELANDS,6,6,147,135,467040.13
May 2009,TOOWOOMBA,57,56,1552,1429,4704594.61
May 2009,TORRES,4,4,83,83,
May 2009,TOWNSVILLE,50,46,1660,1511,6696288.9
May 2009,WEIPA,3,3,59,59,
May 2009,WESTERN DOWNS,26,26,398,396,902739.47
May 2009,WHITSUNDAY,22,22,453,453,1671543.84
May 2009,WINTON,4,4,35,33,
June 2009,BALONNE,7,6,89,66,136165.95
June 2009,BANANA,11,11,190,190,377473.84
June 2009,BARCALDINE,3,3,28,28,
June 2009,BLACKALL TAMBO,3,3,26,26,
June 2009,BRISBANE,229,218,9238,8678,31951216.1
June 2009,BUNDABERG,42,42,1178,1111,3530873.26
June 2009,BURDEKIN,8,8,200,185,546003.83
June 2009,CAIRNS,43,42,1666,1618,5135401.27
June 2009,CARPENTARIA,3,3,48,48,
June 2009,CASSOWARY COAST,15,15,364,344,915486.8
June 2009,CENTRAL HIGHLANDS,20,19,437,396,1161349.17
June 2009,CHARTERS TOWERS,10,9,173,148,319530.15
June 2009,CLONCURRY,5,5,69,69,
June 2009,COOK,3,3,36,36,
June 2009,DOUGLAS,10,9,169,149,389258.74
June 2009,FLINDERS,2,2,28,28,
June 2009,FRASER COAST,40,38,1246,1201,3794896.14
June 2009,GLADSTONE,23,23,570,550,1990460.01
June 2009,GOLD COAST,134,132,5752,5470,19622664.4
June 2009,GOONDIWINDI,11,11,187,187,379610.67
June 2009,GYMPIE,19,18,380,348,946414.91
June 2009,HINCHINBROOK,8,8,91,89,293283.55
June 2009,IPSWICH,43,43,1517,1517,5359702.79
June 2009,ISAAC,17,17,270,269,911068.76
June 2009,LIVINGSTONE,14,12,327,262,798442.56
June 2009,LOCKYER VALLEY,20,18,285,271,729246.52
June 2009,LOGAN,40,40,1924,1898,9398156.35
June 2009,LONGREACH,5,5,67,67,
June 2009,MACKAY,45,44,1611,1460,4879439.24
June 2009,MARANOA,9,9,139,137,273802.77
June 2009,MAREEBA,7,7,186,186,521392.99
June 2009,MCKINLAY,2,2,21,21,
June 2009,MORETON BAY,67,64,3192,3014,11663379.4
June 2009,MOUNT ISA,8,8,480,480,1560343.16
June 2009,MURWEH,8,8,75,75,149621.88
June 2009,NOOSA,18,18,575,570,1759260.53
June 2009,NORTH BURNETT,10,10,107,107,333023.2
June 2009,PAROO,2,2,23,23,
June 2009,QUILPIE,1,1,6,6,
June 2009,REDLAND,30,30,1281,1256,4377500.14
June 2009,RICHMOND,1,1,8,8,
June 2009,ROCKHAMPTON,43,40,1176,1064,3301993.95
June 2009,SCENIC RIM,21,19,276,232,606537.4
June 2009,SOMERSET,13,13,138,130,355550.92
June 2009,SOUTH BURNETT,21,21,388,382,963916.68
June 2009,SOUTHERN DOWNS,22,20,408,398,876358.94
June 2009,SUNSHINE COAST,77,76,2948,2873,8721208.41
June 2009,TABLELANDS,6,6,147,135,440882.35
June 2009,TOOWOOMBA,57,56,1552,1429,4129249.51
June 2009,TORRES,4,4,83,83,
June 2009,TOWNSVILLE,50,46,1660,1516,6315954.63
June 2009,WEIPA,3,3,59,59,
June 2009,WESTERN DOWNS,26,26,408,396,838643.43
June 2009,WHITSUNDAY,22,22,453,453,1582131.97
June 2009,WINTON,4,4,35,33,
July 2009,BALONNE,7,7,89,89,165643.06
July 2009,BANANA,11,11,190,190,423465.84
July 2009,BARCALDINE,3,3,28,28,
July 2009,BLACKALL TAMBO,3,3,26,26,
July 2009,BRISBANE,228,218,9215,8657,36043001.84
July 2009,BUNDABERG,42,42,1178,1111,4013566.21
July 2009,BURDEKIN,8,8,200,185,579917.45
July 2009,CAIRNS,43,42,1666,1616,6075901.59
July 2009,CARPENTARIA,3,3,48,48,
July 2009,CASSOWARY COAST,15,15,364,344,1114436.37
July 2009,CENTRAL HIGHLANDS,20,19,437,402,1328139.85
July 2009,CHARTERS TOWERS,10,9,169,148,374599.34
July 2009,CLONCURRY,5,5,69,69,
July 2009,COOK,3,3,36,36,
July 2009,DOUGLAS,10,9,161,149,519004.87
July 2009,FLINDERS,2,2,28,28,
July 2009,FRASER COAST,39,38,1241,1201,4308906.91
July 2009,GLADSTONE,23,23,570,546,2225388.95
July 2009,GOLD COAST,134,132,5752,5470,22085504.59
July 2009,GOONDIWINDI,11,11,187,187,479196.21
July 2009,GYMPIE,19,19,377,377,1159018.93
July 2009,HINCHINBROOK,8,8,91,89,346381.79
July 2009,IPSWICH,43,43,1517,1517,6254538.39
July 2009,ISAAC,17,17,270,270,913436.75
July 2009,LIVINGSTONE,14,12,320,262,916771.83
July 2009,LOCKYER VALLEY,20,18,285,271,772313.85
July 2009,LOGAN,40,40,1924,1904,11137194.77
July 2009,LONGREACH,5,5,67,67,
July 2009,MACKAY,45,44,1611,1451,5549021.17
July 2009,MARANOA,9,9,139,137,342009.29
July 2009,MAREEBA,7,7,186,186,616516.98
July 2009,MCKINLAY,2,2,21,21,
July 2009,MORETON BAY,67,64,3192,3014,13345055.17
July 2009,MOUNT ISA,8,8,480,480,1831461.43
July 2009,MURWEH,8,8,75,75,165498.13
July 2009,NOOSA,18,18,575,570,1994113.1
July 2009,NORTH BURNETT,10,10,107,107,330198.63
July 2009,PAROO,2,2,23,23,
July 2009,QUILPIE,1,1,6,6,
July 2009,REDLAND,30,30,1281,1256,4964059.64
July 2009,RICHMOND,1,1,8,8,
July 2009,ROCKHAMPTON,43,40,1176,1063,4003522.02
July 2009,SCENIC RIM,21,19,276,232,707697.42
July 2009,SOMERSET,13,13,138,130,382144.61
July 2009,SOUTH BURNETT,21,21,388,382,1166692.2
July 2009,SOUTHERN DOWNS,22,20,408,398,986117.92
July 2009,SUNSHINE COAST,77,77,2948,2889,10052140.12
July 2009,TABLELANDS,6,6,147,135,492843.08
July 2009,TOOWOOMBA,57,56,1552,1473,4768012.66
July 2009,TORRES,4,4,83,83,
July 2009,TOWNSVILLE,50,47,1660,1556,7260372.66
July 2009,WEIPA,3,3,59,59,
July 2009,WESTERN DOWNS,26,26,408,396,975176.76
July 2009,WHITSUNDAY,22,22,453,453,1939776.44
July 2009,WINTON,4,4,35,33,
August 2009,BALONNE,7,7,89,89,138814.36
August 2009,BANANA,11,11,190,190,389769.49
August 2009,BARCALDINE,3,3,28,28,
August 2009,BLACKALL TAMBO,3,3,26,26,
August 2009,BRISBANE,228,218,9215,8698,35687027
August 2009,BUNDABERG,42,42,1178,1111,3920586.09
August 2009,BURDEKIN,8,8,200,185,594463.36
August 2009,CAIRNS,43,42,1666,1618,5953074.04
August 2009,CARPENTARIA,3,3,48,48,
August 2009,CASSOWARY COAST,15,15,364,344,1122915.17
August 2009,CENTRAL HIGHLANDS,20,19,437,402,1376451.04
August 2009,CHARTERS TOWERS,10,9,169,148,364892.2
August 2009,CLONCURRY,5,5,69,69,
August 2009,COOK,3,3,36,36,
August 2009,DOUGLAS,10,9,161,149,514169.01
August 2009,FLINDERS,2,2,28,28,
August 2009,FRASER COAST,39,38,1241,1201,4422372.93
August 2009,GLADSTONE,23,23,570,550,2091490.27
August 2009,GOLD COAST,134,132,5752,5473,21839819.16
August 2009,GOONDIWINDI,11,11,187,187,421330.54
August 2009,GYMPIE,19,18,377,348,1072624.69
August 2009,HINCHINBROOK,8,8,91,89,297184.19
August 2009,IPSWICH,43,43,1517,1517,6337673.68
August 2009,ISAAC,17,17,270,270,876695.27
August 2009,LIVINGSTONE,14,12,320,262,951420.61
August 2009,LOCKYER VALLEY,20,18,285,271,802363.83
August 2009,LOGAN,40,40,1924,1904,11049488.79
August 2009,LONGREACH,5,5,67,67,
August 2009,MACKAY,45,44,1611,1466,5451632.07
August 2009,MARANOA,9,9,139,137,358121.53
August 2009,MAREEBA,7,7,186,186,522192.96
August 2009,MCKINLAY,2,2,21,21,
August 2009,MORETON BAY,67,64,3192,3014,13225886.75
August 2009,MOUNT ISA,8,8,480,479,1908501.7
August 2009,MURWEH,8,8,75,75,156339.23
August 2009,NOOSA,18,18,575,570,1934148.84
August 2009,NORTH BURNETT,10,10,107,107,317045.76
August 2009,PAROO,2,2,23,23,
August 2009,QUILPIE,1,1,6,6,
August 2009,REDLAND,30,30,1281,1256,5147574.06
August 2009,RICHMOND,1,1,8,8,
August 2009,ROCKHAMPTON,43,40,1176,1064,3811119.45
August 2009,SCENIC RIM,21,19,276,232,693799.97
August 2009,SOMERSET,13,13,138,130,396953.41
August 2009,SOUTH BURNETT,21,21,388,382,1073205.73
August 2009,SOUTHERN DOWNS,22,19,408,387,1002055.58
August 2009,SUNSHINE COAST,77,77,2948,2889,9840954.06
August 2009,TABLELANDS,6,6,147,135,507834.04
August 2009,TOOWOOMBA,57,56,1552,1473,4708575.24
August 2009,TORRES,4,4,83,83,
August 2009,TOWNSVILLE,50,47,1720,1556,7435944.19
August 2009,WEIPA,3,3,59,59,
August 2009,WESTERN DOWNS,26,26,408,396,918741.2
August 2009,WHITSUNDAY,22,22,472,453,1900564.91
August 2009,WINTON,4,4,35,33,
September 2009,BALONNE,7,7,89,89,134686.57
September 2009,BANANA,11,11,190,190,378710.33
September 2009,BARCALDINE,3,3,28,28,
September 2009,BLACKALL TAMBO,3,3,26,26,
September 2009,BRISBANE,228,218,9215,8777,33072743.6
September 2009,BUNDABERG,42,42,1175,1111,3576847.69
September 2009,BURDEKIN,8,8,200,185,539722.94
September 2009,CAIRNS,43,42,1666,1618,5390776.22
September 2009,CARPENTARIA,3,3,48,48,
September 2009,CASSOWARY COAST,15,15,364,344,988569.03
September 2009,CENTRAL HIGHLANDS,20,19,437,402,1186148.66
September 2009,CHARTERS TOWERS,10,10,174,167,345420.25
September 2009,CLONCURRY,5,5,69,69,
September 2009,COOK,3,3,36,36,
September 2009,DOUGLAS,10,9,161,149,430733.64
September 2009,FLINDERS,2,2,28,28,
September 2009,FRASER COAST,39,38,1241,1201,4064950.09
September 2009,GLADSTONE,23,23,570,550,1923434.93
September 2009,GOLD COAST,134,132,5751,5572,20041178.98
September 2009,GOONDIWINDI,11,11,187,187,381060.93
September 2009,GYMPIE,19,19,377,377,1046606.38
September 2009,HINCHINBROOK,8,8,91,89,345090.09
September 2009,IPSWICH,43,43,1517,1517,5692363.23
September 2009,ISAAC,17,17,270,270,878166.68
September 2009,LIVINGSTONE,14,12,320,262,822375.32
September 2009,LOCKYER VALLEY,19,18,280,271,808025.03
September 2009,LOGAN,40,40,1924,1904,10086075.27
September 2009,LONGREACH,5,5,67,67,
September 2009,MACKAY,45,44,1611,1466,5112624.99
September 2009,MARANOA,9,9,139,137,321984.65
September 2009,MAREEBA,7,7,186,186,544975.57
September 2009,MCKINLAY,2,2,21,21,
September 2009,MORETON BAY,67,63,3192,3004,12367688.14
September 2009,MOUNT ISA,8,8,480,480,1626150.92
September 2009,MURWEH,8,8,75,75,137786.14
September 2009,NOOSA,18,18,575,570,1756562.64
September 2009,NORTH BURNETT,10,10,107,107,255026.82
September 2009,PAROO,2,2,23,23,
September 2009,QUILPIE,1,1,6,6,
September 2009,REDLAND,30,30,1295,1256,4442335.78
September 2009,RICHMOND,1,1,8,8,
September 2009,ROCKHAMPTON,43,40,1176,1064,3506666.15
September 2009,SCENIC RIM,21,19,276,240,638686.47
September 2009,SOMERSET,13,13,138,130,375228.06
September 2009,SOUTH BURNETT,21,21,382,382,995558.85
September 2009,SOUTHERN DOWNS,22,19,408,387,884490.87
September 2009,SUNSHINE COAST,77,77,2938,2899,9227630.62
September 2009,TABLELANDS,6,6,147,135,393355.4
September 2009,TOOWOOMBA,58,56,1558,1473,4382902.26
September 2009,TORRES,4,4,83,83,
September 2009,TOWNSVILLE,50,47,1715,1556,6439466.55
September 2009,WEIPA,3,3,63,59,
September 2009,WESTERN DOWNS,26,26,408,396,931042.76
September 2009,WHITSUNDAY,22,22,472,453,1821609.78
September 2009,WINTON,4,4,35,33,
October 2009,BALONNE,7,7,89,89,158031.91
October 2009,BANANA,11,11,190,190,447673.28
October 2009,BARCALDINE,3,3,28,28,
October 2009,BLACKALL TAMBO,3,3,26,26,
October 2009,BRISBANE,228,220,9215,8825,35633957.03
October 2009,BUNDABERG,42,42,1175,1110,3827328.08
October 2009,BURDEKIN,8,8,200,185,619431.04
October 2009,CAIRNS,43,42,1666,1618,5676230.12
October 2009,CARPENTARIA,3,3,48,48,
October 2009,CASSOWARY COAST,15,15,364,344,986353.31
October 2009,CENTRAL HIGHLANDS,20,19,437,402,1277653.65
October 2009,CHARTERS TOWERS,10,10,174,167,356944.96
October 2009,CLONCURRY,5,5,69,69,
October 2009,COOK,3,3,36,36,
October 2009,DOUGLAS,10,9,161,149,467120.84
October 2009,FLINDERS,2,2,28,28,
October 2009,FRASER COAST,39,37,1241,1190,4137684.22
October 2009,GLADSTONE,23,23,570,550,2202565.66
October 2009,GOLD COAST,134,132,5751,5599,21472244.74
October 2009,GOONDIWINDI,11,10,187,177,430811.75
October 2009,GYMPIE,19,19,377,377,1114530.99
October 2009,HINCHINBROOK,8,8,91,89,321117.75
October 2009,IPSWICH,43,43,1517,1517,6162196.77
October 2009,ISAAC,17,17,270,270,1045761.66
October 2009,LIVINGSTONE,14,13,320,278,980899.67
October 2009,LOCKYER VALLEY,19,18,280,271,827511.13
October 2009,LOGAN,40,40,1924,1904,10710448.85
October 2009,LONGREACH,5,5,67,67,
October 2009,MACKAY,45,44,1611,1461,5397272.76
October 2009,MARANOA,9,9,139,137,301540.21
October 2009,MAREEBA,7,7,186,186,607857.16
October 2009,MCKINLAY,2,2,21,21,
October 2009,MORETON BAY,68,63,3192,3007,12990283.1
October 2009,MOUNT ISA,8,8,480,480,1657635.48
October 2009,MURWEH,8,8,75,75,159422.65
October 2009,NOOSA,18,18,575,570,1908157.79
October 2009,NORTH BURNETT,10,10,107,107,255182.02
October 2009,PAROO,2,2,23,23,
October 2009,QUILPIE,1,1,6,6,
October 2009,REDLAND,30,30,1295,1256,4829621.76
October 2009,RICHMOND,1,1,8,8,
October 2009,ROCKHAMPTON,43,40,1164,1064,3753460.65
October 2009,SCENIC RIM,21,19,276,240,737744.33
October 2009,SOMERSET,13,13,138,130,398175.84
October 2009,SOUTH BURNETT,21,21,382,382,1094636.58
October 2009,SOUTHERN DOWNS,22,19,408,387,984018.25
October 2009,SUNSHINE COAST,77,77,2938,2896,9851829.62
October 2009,TABLELANDS,6,6,139,135,436053.03
October 2009,TOOWOOMBA,58,56,1558,1473,4643700.6
October 2009,TORRES,4,4,83,83,
October 2009,TOWNSVILLE,49,47,1675,1556,6907912.05
October 2009,WEIPA,3,3,63,59,
October 2009,WESTERN DOWNS,26,26,406,396,928361.8
October 2009,WHITSUNDAY,22,22,472,453,1796843.47
October 2009,WINTON,4,4,35,33,
November 2009,BALONNE,7,7,89,89,155269
November 2009,BANANA,11,11,190,190,353427
November 2009,BARCALDINE,3,3,28,28,
November 2009,BLACKALL TAMBO,3,3,26,26,
November 2009,BRISBANE,228,220,9210,8828,32457266.62
November 2009,BUNDABERG,42,42,1175,1111,3417053.44
November 2009,BURDEKIN,8,8,200,183,544131.97
November 2009,CAIRNS,43,42,1663,1618,5067151.79
November 2009,CARPENTARIA,3,3,48,48,
November 2009,CASSOWARY COAST,15,15,364,343,925718
November 2009,CENTRAL HIGHLANDS,20,19,437,402,1183020.03
November 2009,CHARTERS TOWERS,10,10,174,167,361809.95
November 2009,CLONCURRY,5,5,69,69,
November 2009,COOK,3,3,36,36,
November 2009,DOUGLAS,10,9,161,149,392840.15
November 2009,FLINDERS,2,2,28,28,
November 2009,FRASER COAST,39,37,1241,1190,3986431.76
November 2009,GLADSTONE,23,23,570,550,1957257.6
November 2009,GOLD COAST,134,132,5751,5594,19724787.57
November 2009,GOONDIWINDI,11,10,187,177,378027.69
November 2009,GYMPIE,19,19,377,377,1028907.8
November 2009,HINCHINBROOK,8,8,91,89,270616.6
November 2009,IPSWICH,43,43,1517,1517,5442279.5
November 2009,ISAAC,17,17,270,270,831165.09
November 2009,LIVINGSTONE,14,13,320,278,815938.94
November 2009,LOCKYER VALLEY,19,18,280,271,800131.31
November 2009,LOGAN,40,40,1924,1904,9798260.67
November 2009,LONGREACH,5,5,67,67,
November 2009,MACKAY,45,43,1611,1535,4895146.79
November 2009,MARANOA,9,9,139,137,248753.66
November 2009,MAREEBA,7,7,186,186,509314.18
November 2009,MCKINLAY,2,2,21,21,
November 2009,MORETON BAY,68,64,3222,3045,11915796.51
November 2009,MOUNT ISA,8,8,480,480,1550097.73
November 2009,MURWEH,8,8,75,75,118759.9
November 2009,NOOSA,18,18,575,570,1792719.31
November 2009,NORTH BURNETT,10,10,107,107,229429.22
November 2009,PAROO,2,2,23,23,
November 2009,QUILPIE,1,1,6,6,
November 2009,REDLAND,30,30,1295,1256,4597459.61
November 2009,RICHMOND,1,1,8,8,
November 2009,ROCKHAMPTON,43,40,1164,1064,3301302.64
November 2009,SCENIC RIM,21,19,276,240,657754.77
November 2009,SOMERSET,13,13,138,130,341194.52
November 2009,SOUTH BURNETT,21,21,382,382,929856.66
November 2009,SOUTHERN DOWNS,22,19,408,387,892130.88
November 2009,SUNSHINE COAST,77,76,2931,2865,8968275.53
November 2009,TABLELANDS,6,5,139,126,
November 2009,TOOWOOMBA,58,55,1558,1438,4309199.48
November 2009,TORRES,4,4,83,83,
November 2009,TOWNSVILLE,50,47,1715,1556,6328564.35
November 2009,WEIPA,3,3,63,59,
November 2009,WESTERN DOWNS,26,25,406,380,796389.07
November 2009,WHITSUNDAY,22,22,472,453,1531113.88
November 2009,WINTON,4,4,35,33,
December 2009,BALONNE,7,7,89,89,187811.31
December 2009,BANANA,11,10,190,171,339633.47
December 2009,BARCALDINE,3,3,28,28,
December 2009,BLACKALL TAMBO,3,3,26,26,
December 2009,BRISBANE,227,220,9183,8821,33484119.21
December 2009,BUNDABERG,42,42,1175,1111,3658634.61
December 2009,BURDEKIN,8,8,200,185,575813.53
December 2009,CAIRNS,43,43,1658,1648,5253373.78
December 2009,CARPENTARIA,3,3,48,48,
December 2009,CASSOWARY COAST,15,15,360,346,929337.97
December 2009,CENTRAL HIGHLANDS,20,19,437,402,1154194.09
December 2009,CHARTERS TOWERS,10,10,174,169,349230.3
December 2009,CLONCURRY,5,5,69,69,
December 2009,COOK,3,3,36,36,
December 2009,DOUGLAS,10,9,161,149,370858.99
December 2009,FLINDERS,2,2,28,28,
December 2009,FRASER COAST,40,37,1281,1190,4112507.07
December 2009,GLADSTONE,23,23,570,550,1893515.18
December 2009,GOLD COAST,134,132,5724,5606,20120202.74
December 2009,GOONDIWINDI,11,10,187,177,430771.03
December 2009,GYMPIE,19,19,377,377,1030777.28
December 2009,HINCHINBROOK,8,8,91,89,269970.72
December 2009,IPSWICH,43,42,1517,1504,5661009.24
December 2009,ISAAC,17,17,270,270,748878.78
December 2009,LIVINGSTONE,14,13,320,284,942453.82
December 2009,LOCKYER VALLEY,19,18,280,271,742566.07
December 2009,LOGAN,40,40,1924,1904,10037131.12
December 2009,LONGREACH,5,5,67,67,
December 2009,MACKAY,45,44,1610,1539,5057628.22
December 2009,MARANOA,9,9,139,137,272016.91
December 2009,MAREEBA,7,7,186,186,526792.1
December 2009,MCKINLAY,2,2,21,21,
December 2009,MORETON BAY,68,64,3193,3028,12399514.18
December 2009,MOUNT ISA,8,8,480,480,1670863.16
December 2009,MURWEH,8,8,75,75,144057.31
December 2009,NOOSA,18,18,575,570,1826287.81
December 2009,NORTH BURNETT,10,10,107,107,224174.05
December 2009,PAROO,2,2,23,23,
December 2009,QUILPIE,1,1,6,6,
December 2009,REDLAND,30,30,1295,1255,4857392.16
December 2009,RICHMOND,1,1,8,8,
December 2009,ROCKHAMPTON,43,40,1164,1064,3548611.05
December 2009,SCENIC RIM,21,19,276,240,624016.54
December 2009,SOMERSET,13,13,138,130,340728.46
December 2009,SOUTH BURNETT,21,21,382,382,1026233.83
December 2009,SOUTHERN DOWNS,22,19,405,387,945738.32
December 2009,SUNSHINE COAST,77,77,2926,2903,9594327.55
December 2009,TABLELANDS,5,5,139,126,
December 2009,TOOWOOMBA,58,55,1558,1438,4450716.15
December 2009,TORRES,4,4,83,83,
December 2009,TOWNSVILLE,50,47,1695,1556,6530317.29
December 2009,WEIPA,3,3,63,59,
December 2009,WESTERN DOWNS,26,25,406,380,773574.71
December 2009,WHITSUNDAY,22,22,472,453,1395701.34
December 2009,WINTON,4,4,35,33,
January 2010,BALONNE,7,6,89,84,135145.91
January 2010,BANANA,11,10,190,171,296615.08
January 2010,BARCALDINE,3,3,28,28,
January 2010,BLACKALL TAMBO,3,3,26,26,
January 2010,BRISBANE,227,220,9183,8834,31268720.48
January 2010,BUNDABERG,42,42,1175,1140,3445834.83
January 2010,BURDEKIN,8,8,200,185,467782.93
January 2010,CAIRNS,43,43,1658,1648,4915015.98
January 2010,CARPENTARIA,3,3,48,48,
January 2010,CASSOWARY COAST,15,15,360,345,927184.16
January 2010,CENTRAL HIGHLANDS,20,19,437,402,1080134.18
January 2010,CHARTERS TOWERS,10,10,174,169,322535.31
January 2010,CLONCURRY,5,5,69,69,
January 2010,COOK,3,3,36,36,
January 2010,DOUGLAS,10,9,161,149,365716.76
January 2010,FLINDERS,2,2,28,28,
January 2010,FRASER COAST,40,37,1281,1190,4049469.96
January 2010,GLADSTONE,23,23,570,550,1788924.3
January 2010,GOLD COAST,133,131,5724,5588,19731784.51
January 2010,GOONDIWINDI,11,11,187,187,374458.48
January 2010,GYMPIE,19,19,377,377,1053328.07
January 2010,HINCHINBROOK,8,8,91,89,275258.76
January 2010,IPSWICH,43,42,1517,1504,5320676.29
January 2010,ISAAC,17,17,270,270,766237.08
January 2010,LIVINGSTONE,14,13,320,286,908380.63
January 2010,LOCKYER VALLEY,19,18,290,271,722437.35
January 2010,LOGAN,40,40,1924,1904,9468726.33
January 2010,LONGREACH,5,5,67,67,
January 2010,MACKAY,45,44,1610,1543,4681691.61
January 2010,MARANOA,9,9,139,137,245633.78
January 2010,MAREEBA,7,7,186,186,489326.5
January 2010,MCKINLAY,2,2,21,21,
January 2010,MORETON BAY,68,64,3193,3028,11750461.28
January 2010,MOUNT ISA,8,8,480,480,1655680.51
January 2010,MURWEH,8,8,75,75,116334.64
January 2010,NOOSA,18,18,575,560,1937700.97
January 2010,NORTH BURNETT,10,10,107,107,212917.18
January 2010,PAROO,2,2,23,23,
January 2010,QUILPIE,1,1,6,6,
January 2010,REDLAND,30,30,1295,1256,4505895.79
January 2010,RICHMOND,1,1,8,8,
January 2010,ROCKHAMPTON,43,40,1164,1064,3198002.64
January 2010,SCENIC RIM,21,19,276,240,574305.53
January 2010,SOMERSET,13,13,138,130,340539.03
January 2010,SOUTH BURNETT,21,21,382,382,963134.87
January 2010,SOUTHERN DOWNS,22,19,405,387,931233.44
January 2010,SUNSHINE COAST,77,77,2926,2914,9418683.63
January 2010,TABLELANDS,5,5,139,126,
January 2010,TOOWOOMBA,58,55,1558,1435,4087948.48
January 2010,TORRES,4,4,83,83,
January 2010,TOWNSVILLE,50,46,1759,1551,5841188.95
January 2010,WEIPA,3,3,63,59,
January 2010,WESTERN DOWNS,26,25,406,380,768694.01
January 2010,WHITSUNDAY,22,22,472,453,1248043.66
January 2010,WINTON,4,4,35,33,
February 2010,BALONNE,7,6,89,87,96960.09
February 2010,BANANA,11,10,190,171,302352.2
February 2010,BARCALDINE,3,3,28,28,
February 2010,BLACKALL TAMBO,3,3,26,26,
February 2010,BRISBANE,227,220,9175,8854,30025451.49
February 2010,BUNDABERG,42,42,1193,1140,3176590.17
February 2010,BURDEKIN,8,8,196,185,405953.19
February 2010,CAIRNS,43,43,1658,1648,4484855.28
February 2010,CARPENTARIA,3,3,48,48,
February 2010,CASSOWARY COAST,15,15,360,346,742229.65
February 2010,CENTRAL HIGHLANDS,20,19,429,402,1004437.24
February 2010,CHARTERS TOWERS,10,10,174,169,243686.26
February 2010,CLONCURRY,5,5,69,69,
February 2010,COOK,3,3,36,36,
February 2010,DOUGLAS,10,9,161,149,220106.14
February 2010,FLINDERS,2,2,28,28,
February 2010,FRASER COAST,40,37,1281,1190,3540556.44
February 2010,GLADSTONE,23,23,570,550,1747295.13
February 2010,GOLD COAST,133,130,5712,5553,17941388.47
February 2010,GOONDIWINDI,11,11,187,187,345982.45
February 2010,GYMPIE,19,19,387,377,844937.23
February 2010,HINCHINBROOK,8,8,91,89,267534.37
February 2010,IPSWICH,43,42,1504,1504,4912677.95
February 2010,ISAAC,17,17,270,270,797323.56
February 2010,LIVINGSTONE,14,12,318,284,703429.31
February 2010,LOCKYER VALLEY,19,18,290,271,633842.73
February 2010,LOGAN,40,40,1924,1904,8591985.25
February 2010,LONGREACH,5,5,67,67,
February 2010,MACKAY,45,44,1670,1543,4428255.63
February 2010,MARANOA,9,9,137,137,235030.96
February 2010,MAREEBA,7,7,186,186,418474
February 2010,MCKINLAY,2,2,21,21,
February 2010,MORETON BAY,68,64,3201,3020,10766908.92
February 2010,MOUNT ISA,8,8,480,480,1402010.64
February 2010,MURWEH,8,8,75,75,114182.13
February 2010,NOOSA,18,18,575,560,1700860.08
February 2010,NORTH BURNETT,10,10,107,107,176734.78
February 2010,PAROO,2,2,23,23,
February 2010,QUILPIE,1,1,6,6,
February 2010,REDLAND,30,30,1295,1256,3929804.96
February 2010,RICHMOND,1,1,8,8,
February 2010,ROCKHAMPTON,43,40,1164,1063,2860315.88
February 2010,SCENIC RIM,21,19,276,240,504181.89
February 2010,SOMERSET,13,13,139,130,327618.47
February 2010,SOUTH BURNETT,21,21,382,382,873534.53
February 2010,SOUTHERN DOWNS,22,19,405,387,877703.63
February 2010,SUNSHINE COAST,77,77,2926,2914,8359586.09
February 2010,TABLELANDS,5,5,139,126,
February 2010,TOOWOOMBA,58,55,1567,1435,3964611.14
February 2010,TORRES,4,4,83,83,
February 2010,TOWNSVILLE,51,46,1799,1552,5507852.56
February 2010,WEIPA,3,3,63,59,
February 2010,WESTERN DOWNS,26,25,406,380,668073.69
February 2010,WHITSUNDAY,22,22,476,472,1094492.91
February 2010,WINTON,4,4,35,33,
March 2010,BALONNE,7,6,89,87,124023.09
March 2010,BANANA,11,10,190,171,358434.96
March 2010,BARCALDINE,3,3,28,28,
March 2010,BLACKALL TAMBO,3,3,26,26,
March 2010,BRISBANE,227,220,9225,8859,32183381.41
March 2010,BUNDABERG,42,41,1221,1126,3386662.8
March 2010,BURDEKIN,8,7,196,181,480316.37
March 2010,CAIRNS,43,43,1653,1648,4914380.53
March 2010,CARPENTARIA,3,3,48,48,
March 2010,CASSOWARY COAST,15,15,360,345,874680.19
March 2010,CENTRAL HIGHLANDS,20,19,429,402,1088133.65
March 2010,CHARTERS TOWERS,10,10,174,169,267975.12
March 2010,CLONCURRY,5,5,69,69,
March 2010,COOK,3,3,36,36,
March 2010,DOUGLAS,10,9,161,149,341119.96
March 2010,FLINDERS,2,2,28,28,
March 2010,FRASER COAST,40,37,1281,1190,3760897.27
March 2010,GLADSTONE,23,23,570,550,1892024.18
March 2010,GOLD COAST,133,130,5712,5554,19345147.92
March 2010,GOONDIWINDI,11,11,187,187,325193.7
March 2010,GYMPIE,19,19,387,377,993744.38
March 2010,HINCHINBROOK,8,8,91,89,292060.78
March 2010,IPSWICH,42,42,1498,1504,5441161.26
March 2010,ISAAC,17,17,270,270,803867.32
March 2010,LIVINGSTONE,13,12,318,284,778042.92
March 2010,LOCKYER VALLEY,19,18,290,269,726447.21
March 2010,LOGAN,40,40,1924,1904,9421246.98
March 2010,LONGREACH,5,5,67,67,
March 2010,MACKAY,45,44,1670,1543,4703826.2
March 2010,MARANOA,9,9,137,137,278282.3
March 2010,MAREEBA,7,7,186,186,464507.97
March 2010,MCKINLAY,2,2,21,21,
March 2010,MORETON BAY,68,64,3200,2994,11719376.28
March 2010,MOUNT ISA,8,8,480,479,1556303.15
March 2010,MURWEH,8,8,75,75,129633.94
March 2010,NOOSA,18,18,575,560,1761690.46
March 2010,NORTH BURNETT,10,10,107,107,206478.37
March 2010,PAROO,2,2,23,23,
March 2010,QUILPIE,1,1,6,6,
March 2010,REDLAND,30,30,1278,1256,4283212.26
March 2010,RICHMOND,1,1,8,8,
March 2010,ROCKHAMPTON,43,39,1164,1044,3292986.73
March 2010,SCENIC RIM,21,19,276,240,556596.94
March 2010,SOMERSET,13,13,139,130,349257.57
March 2010,SOUTH BURNETT,21,21,375,382,982325.84
March 2010,SOUTHERN DOWNS,22,19,405,387,1011451.12
March 2010,SUNSHINE COAST,77,77,2926,2914,8851670.34
March 2010,TABLELANDS,5,5,139,139,
March 2010,TOOWOOMBA,58,55,1567,1435,4251518.66
March 2010,TORRES,4,4,83,83,
March 2010,TOWNSVILLE,51,45,1795,1576,6040240.75
March 2010,WEIPA,3,3,63,59,
March 2010,WESTERN DOWNS,26,25,406,380,700197.41
March 2010,WHITSUNDAY,22,22,476,470,1181768.13
March 2010,WINTON,4,4,35,33,
April 2010,BALONNE,7,6,89,87,106781.3
April 2010,BANANA,11,10,190,171,310676.26
April 2010,BARCALDINE,3,3,28,28,
April 2010,BLACKALL TAMBO,3,3,26,26,
April 2010,BRISBANE,227,221,9345,8956,32017037.46
April 2010,BUNDABERG,42,41,1227,1126,3339844.56
April 2010,BURDEKIN,8,7,196,181,447182.95
April 2010,CAIRNS,43,43,1653,1648,4823879.24
April 2010,CARPENTARIA,3,3,48,48,
April 2010,CASSOWARY COAST,15,15,360,346,906902.92
April 2010,CENTRAL HIGHLANDS,20,19,429,402,1048701.44
April 2010,CHARTERS TOWERS,10,10,174,169,316394.95
April 2010,CLONCURRY,5,5,69,69,
April 2010,COOK,3,3,36,36,
April 2010,DOUGLAS,10,9,161,149,340803.6
April 2010,FLINDERS,2,2,28,28,
April 2010,FRASER COAST,40,37,1281,1190,3842803.84
April 2010,GLADSTONE,24,23,576,550,1916442.18
April 2010,GOLD COAST,133,129,5716,5515,18878878.15
April 2010,GOONDIWINDI,11,11,187,187,372453.59
April 2010,GYMPIE,19,19,387,377,1030982.78
April 2010,HINCHINBROOK,8,8,91,89,265327.07
April 2010,IPSWICH,42,42,1513,1504,5218290.83
April 2010,ISAAC,17,17,270,270,766575.95
April 2010,LIVINGSTONE,13,12,318,284,861658.06
April 2010,LOCKYER VALLEY,19,18,290,271,718572.35
April 2010,LOGAN,40,40,1904,1904,9160257.36
April 2010,LONGREACH,5,5,67,67,
April 2010,MACKAY,45,44,1670,1543,4783524.43
April 2010,MARANOA,9,9,137,137,300970.44
April 2010,MAREEBA,7,7,186,186,446680.7
April 2010,MCKINLAY,2,2,21,21,
April 2010,MORETON BAY,68,64,3200,2994,11464848.35
April 2010,MOUNT ISA,8,8,480,480,1529796.52
April 2010,MURWEH,8,8,75,75,117505.43
April 2010,NOOSA,18,18,575,560,1703202.36
April 2010,NORTH BURNETT,10,10,107,107,259350.09
April 2010,PAROO,2,2,23,23,
April 2010,QUILPIE,1,1,6,6,
April 2010,REDLAND,30,30,1278,1249,4399048.55
April 2010,RICHMOND,1,1,8,8,
April 2010,ROCKHAMPTON,43,39,1164,1041,3256682.86
April 2010,SCENIC RIM,21,19,276,240,579557.87
April 2010,SOMERSET,13,12,139,126,322436.45
April 2010,SOUTH BURNETT,21,20,375,375,1007863.26
April 2010,SOUTHERN DOWNS,22,19,414,387,982956.96
April 2010,SUNSHINE COAST,77,77,2927,2914,8808439.95
April 2010,TABLELANDS,5,5,139,139,
April 2010,TOOWOOMBA,58,56,1567,1468,4259246.21
April 2010,TORRES,4,4,83,83,
April 2010,TOWNSVILLE,51,44,1795,1599,6019346.09
April 2010,WEIPA,3,3,63,59,
April 2010,WESTERN DOWNS,26,25,406,380,720187.99
April 2010,WHITSUNDAY,22,22,476,472,1289843
April 2010,WINTON,4,4,35,33,
May 2010,BALONNE,7,6,89,87,112951.29
May 2010,BANANA,11,10,190,171,351685.78
May 2010,BARCALDINE,3,3,28,28,
May 2010,BLACKALL TAMBO,3,3,26,26,
May 2010,BRISBANE,228,222,9230,8815,32244842.57
May 2010,BUNDABERG,42,41,1227,1126,3493691.08
May 2010,BURDEKIN,8,7,196,181,507568.54
May 2010,CAIRNS,44,43,1672,1643,4995181.95
May 2010,CARPENTARIA,3,3,48,48,
May 2010,CASSOWARY COAST,15,15,360,346,814445.03
May 2010,CENTRAL HIGHLANDS,20,19,429,401,1201884.61
May 2010,CHARTERS TOWERS,10,10,174,169,293237.83
May 2010,CLONCURRY,5,5,69,69,
May 2010,COOK,3,3,36,36,
May 2010,DOUGLAS,10,9,161,149,396587.3
May 2010,FLINDERS,2,2,28,28,
May 2010,FRASER COAST,40,38,1281,1201,3822525.73
May 2010,GLADSTONE,24,23,576,550,1990897.68
May 2010,GOLD COAST,133,128,5716,5451,19141060.95
May 2010,GOONDIWINDI,11,11,187,187,377637.01
May 2010,GYMPIE,19,19,387,377,1027937.36
May 2010,HINCHINBROOK,8,8,91,89,287699.49
May 2010,IPSWICH,42,42,1513,1500,5505753.74
May 2010,ISAAC,17,17,270,270,838263.78
May 2010,LIVINGSTONE,13,12,318,284,801565.23
May 2010,LOCKYER VALLEY,19,19,290,280,752893.15
May 2010,LOGAN,41,40,2104,1904,9374373.5
May 2010,LONGREACH,5,5,67,67,
May 2010,MACKAY,45,44,1670,1546,4826772.72
May 2010,MARANOA,9,9,137,137,342439.33
May 2010,MAREEBA,7,7,186,186,458005.38
May 2010,MCKINLAY,2,2,21,21,
May 2010,MORETON BAY,68,64,3200,2994,11837114.65
May 2010,MOUNT ISA,8,8,480,479,1562948.66
May 2010,MURWEH,8,8,75,75,133676.97
May 2010,NOOSA,18,18,570,560,1749936.69
May 2010,NORTH BURNETT,10,9,97,97,298997.95
May 2010,PAROO,2,2,23,23,
May 2010,QUILPIE,1,1,6,6,
May 2010,REDLAND,30,30,1278,1249,4272751.26
May 2010,RICHMOND,1,1,8,8,
May 2010,ROCKHAMPTON,43,40,1164,1062,3260379.54
May 2010,SCENIC RIM,21,19,276,240,575886.44
May 2010,SOMERSET,13,12,139,126,323822.71
May 2010,SOUTH BURNETT,21,20,371,375,970143.9
May 2010,SOUTHERN DOWNS,22,19,417,387,1001026.2
May 2010,SUNSHINE COAST,77,77,2927,2886,8833143.57
May 2010,TABLELANDS,5,5,139,139,
May 2010,TOOWOOMBA,58,56,1567,1470,4390426.88
May 2010,TORRES,4,4,83,83,
May 2010,TOWNSVILLE,50,44,1786,1603,6136955.4
May 2010,WEIPA,3,3,63,59,
May 2010,WESTERN DOWNS,26,25,390,380,760572.49
May 2010,WHITSUNDAY,22,22,472,472,1384246.13
May 2010,WINTON,4,4,35,33,
June 2010,BALONNE,7,6,89,87,134099.98
June 2010,BANANA,11,10,190,171,373834.15
June 2010,BARCALDINE,3,3,28,28,
June 2010,BLACKALL TAMBO,3,3,26,26,
June 2010,BRISBANE,227,222,9166,8872,31873071.91
June 2010,BUNDABERG,42,41,1217,1133,3445926.24
June 2010,BURDEKIN,8,7,196,181,492129.27
June 2010,CAIRNS,44,43,1672,1643,5131499.93
June 2010,CARPENTARIA,3,3,48,48,
June 2010,CASSOWARY COAST,15,15,360,346,935554.36
June 2010,CENTRAL HIGHLANDS,20,19,429,401,1171524.3
June 2010,CHARTERS TOWERS,10,10,174,169,331589.06
June 2010,CLONCURRY,5,5,69,69,
June 2010,COOK,3,3,36,36,
June 2010,DOUGLAS,10,9,161,149,418947.08
June 2010,FLINDERS,2,2,28,28,
June 2010,FRASER COAST,40,38,1281,1201,3774902.42
June 2010,GLADSTONE,24,23,576,550,1952863.27
June 2010,GOLD COAST,133,128,5655,5434,18848837.81
June 2010,GOONDIWINDI,11,11,187,187,421749.29
June 2010,GYMPIE,19,18,387,353,967185.6
June 2010,HINCHINBROOK,8,8,91,89,318040.06
June 2010,IPSWICH,42,42,1513,1503,5339664.31
June 2010,ISAAC,17,17,270,270,887927.34
June 2010,LIVINGSTONE,13,12,303,284,834619.45
June 2010,LOCKYER VALLEY,19,19,290,280,727775.25
June 2010,LOGAN,41,40,2104,1904,9374694.07
June 2010,LONGREACH,5,5,67,67,
June 2010,MACKAY,45,43,1670,1571,4871595.95
June 2010,MARANOA,9,9,137,137,325482.57
June 2010,MAREEBA,7,7,186,186,466725.15
June 2010,MCKINLAY,2,2,21,21,
June 2010,MORETON BAY,68,64,3185,2977,11724677.27
June 2010,MOUNT ISA,8,8,480,480,1561587.31
June 2010,MURWEH,8,8,75,75,126413.89
June 2010,NOOSA,18,17,570,550,1703956.77
June 2010,NORTH BURNETT,9,9,97,97,277437.33
June 2010,PAROO,2,2,23,23,
June 2010,QUILPIE,1,1,6,6,
June 2010,REDLAND,30,30,1278,1253,4158125.83
June 2010,RICHMOND,1,1,8,8,
June 2010,ROCKHAMPTON,43,40,1168,1062,3326531.52
June 2010,SCENIC RIM,20,19,250,240,576051.44
June 2010,SOMERSET,13,12,139,126,319739.76
June 2010,SOUTH BURNETT,21,20,366,375,974868.63
June 2010,SOUTHERN DOWNS,22,19,417,387,880991.86
June 2010,SUNSHINE COAST,77,77,2927,2914,8667405.62
June 2010,TABLELANDS,5,5,139,139,
June 2010,TOOWOOMBA,58,56,1567,1470,4194183.43
June 2010,TORRES,4,4,83,83,
June 2010,TOWNSVILLE,49,44,1780,1603,6281606.16
June 2010,WEIPA,3,3,63,59,
June 2010,WESTERN DOWNS,26,25,390,380,764876.88
June 2010,WHITSUNDAY,22,20,472,462,1418779.42
June 2010,WINTON,4,4,35,33,
July 2010,BALONNE,7,6,89,87,171353.33
July 2010,BANANA,11,10,190,171,439204.34
July 2010,BARCALDINE,3,3,28,28,
July 2010,BLACKALL TAMBO,3,3,26,26,
July 2010,BRISBANE,226,219,9144,8809,36225638.28
July 2010,BUNDABERG,42,41,1217,1133,4354465.55
July 2010,BURDEKIN,8,7,196,181,621193.56
July 2010,CAIRNS,44,43,1672,1643,6450488.94
July 2010,CARPENTARIA,3,3,48,48,
July 2010,CASSOWARY COAST,15,15,360,346,1154984.89
July 2010,CENTRAL HIGHLANDS,20,19,429,402,1335569.4
July 2010,CHARTERS TOWERS,10,10,174,169,421333.56
July 2010,CLONCURRY,5,5,69,69,
July 2010,COOK,3,3,36,36,
July 2010,DOUGLAS,10,9,161,149,476111.41
July 2010,FLINDERS,2,2,28,28,
July 2010,FRASER COAST,40,38,1281,1201,4469147.21
July 2010,GLADSTONE,24,23,576,550,2192229.76
July 2010,GOLD COAST,133,128,5655,5453,21413647.09
July 2010,GOONDIWINDI,11,10,177,177,450609.12
July 2010,GYMPIE,19,18,387,353,1113213.51
July 2010,HINCHINBROOK,8,8,95,89,389961.73
July 2010,IPSWICH,42,42,1513,1504,6475434.68
July 2010,ISAAC,17,17,270,267,1018089.07
July 2010,LIVINGSTONE,13,11,303,277,922688.09
July 2010,LOCKYER VALLEY,19,19,290,280,911631.69
July 2010,LOGAN,41,40,2104,1904,11241581.99
July 2010,LONGREACH,5,5,67,67,
July 2010,MACKAY,45,43,1670,1583,5610046.52
July 2010,MARANOA,9,9,137,137,383195.4
July 2010,MAREEBA,7,7,186,186,600032.33
July 2010,MCKINLAY,2,2,21,21,
July 2010,MORETON BAY,68,64,3185,2947,13748093.57
July 2010,MOUNT ISA,8,8,480,480,1885708.6
July 2010,MURWEH,8,8,75,75,155906.47
July 2010,NOOSA,18,17,560,550,1922160.74
July 2010,NORTH BURNETT,9,9,94,94,287505.12
July 2010,PAROO,2,2,23,23,
July 2010,QUILPIE,1,1,6,6,
July 2010,REDLAND,30,30,1278,1253,4893254.48
July 2010,RICHMOND,1,1,8,8,
July 2010,ROCKHAMPTON,43,40,1168,1062,4040409.84
July 2010,SCENIC RIM,20,19,250,240,663573.99
July 2010,SOMERSET,13,12,139,126,395979.3
July 2010,SOUTH BURNETT,20,18,366,366,1154097.76
July 2010,SOUTHERN DOWNS,22,19,417,387,1016692.65
July 2010,SUNSHINE COAST,77,77,2927,2914,10297574.93
July 2010,TABLELANDS,5,5,139,139,
July 2010,TOOWOOMBA,58,56,1567,1523,5073652.12
July 2010,TORRES,4,4,83,83,
July 2010,TOWNSVILLE,49,44,1780,1603,7681244.46
July 2010,WEIPA,3,3,63,59,
July 2010,WESTERN DOWNS,26,25,390,380,888640.29
July 2010,WHITSUNDAY,21,20,470,462,1697471.24
July 2010,WINTON,4,4,35,33,
August 2010,BALONNE,7,6,89,87,132254.47
August 2010,BANANA,11,10,190,171,454179.73
August 2010,BARCALDINE,3,3,28,28,
August 2010,BLACKALL TAMBO,3,3,26,26,
August 2010,BRISBANE,226,218,9119,8791,36861038.72
August 2010,BUNDABERG,42,41,1212,1128,4259330.45
August 2010,BURDEKIN,8,7,196,181,579336.49
August 2010,CAIRNS,44,43,1672,1643,6414026.84
August 2010,CARPENTARIA,3,3,48,48,
August 2010,CASSOWARY COAST,15,15,360,346,1102622.36
August 2010,CENTRAL HIGHLANDS,20,19,429,402,1330996.58
August 2010,CHARTERS TOWERS,10,10,174,169,408649.7
August 2010,CLONCURRY,5,5,69,69,
August 2010,COOK,3,3,36,36,
August 2010,DOUGLAS,10,9,161,149,595792.96
August 2010,FLINDERS,2,2,28,28,
August 2010,FRASER COAST,40,38,1276,1201,4506142.03
August 2010,GLADSTONE,24,24,576,553,2471385.21
August 2010,GOLD COAST,132,128,5620,5451,21999915.88
August 2010,GOONDIWINDI,10,10,177,177,464164.16
August 2010,GYMPIE,19,19,387,377,1191206.25
August 2010,HINCHINBROOK,8,8,95,89,393572.54
August 2010,IPSWICH,42,42,1513,1504,6663548.77
August 2010,ISAAC,17,17,270,267,1053907.2
August 2010,LIVINGSTONE,12,11,303,277,943719.73
August 2010,LOCKYER VALLEY,19,19,290,280,802110.05
August 2010,LOGAN,41,40,2104,1904,11381203.75
August 2010,LONGREACH,5,5,67,67,
August 2010,MACKAY,45,43,1670,1591,5818228.23
August 2010,MARANOA,9,9,137,137,399214.73
August 2010,MAREEBA,7,7,186,186,552852.29
August 2010,MCKINLAY,2,2,21,21,
August 2010,MORETON BAY,67,64,3168,2949,13956258.93
August 2010,MOUNT ISA,8,8,480,479,1961390.51
August 2010,MURWEH,8,8,75,75,146630.1
August 2010,NOOSA,17,17,560,550,2100551.54
August 2010,NORTH BURNETT,9,9,94,94,215751.8
August 2010,PAROO,2,2,23,23,
August 2010,QUILPIE,1,1,6,6,
August 2010,REDLAND,30,30,1278,1253,4821457.44
August 2010,RICHMOND,1,1,8,8,
August 2010,ROCKHAMPTON,43,40,1168,1062,4060270.68
August 2010,SCENIC RIM,20,19,257,240,700795.97
August 2010,SOMERSET,12,12,135,126,378520.81
August 2010,SOUTH BURNETT,18,18,366,366,1077171.44
August 2010,SOUTHERN DOWNS,22,19,406,387,1057564.86
August 2010,SUNSHINE COAST,77,77,2927,2916,10313689.83
August 2010,TABLELANDS,5,5,139,139,
August 2010,TOOWOOMBA,58,56,1567,1523,5050189.06
August 2010,TORRES,4,4,83,83,
August 2010,TOWNSVILLE,49,44,1780,1603,7623627.1
August 2010,WEIPA,3,3,63,59,
August 2010,WESTERN DOWNS,26,25,390,380,890025.4
August 2010,WHITSUNDAY,21,20,466,462,1847635.16
August 2010,WINTON,4,4,35,33,
September 2010,BALONNE,7,5,84,82,
September 2010,BANANA,10,10,171,171,428128.67
September 2010,BARCALDINE,3,3,28,28,
September 2010,BLACKALL TAMBO,3,3,26,26,
September 2010,BRISBANE,225,218,9106,8812,34763792.06
September 2010,BUNDABERG,42,41,1220,1126,3818387
September 2010,BURDEKIN,8,7,196,181,504428.54
September 2010,CAIRNS,44,43,1672,1643,5820469.17
September 2010,CARPENTARIA,3,3,48,48,
September 2010,CASSOWARY COAST,15,15,370,345,991754.95
September 2010,CENTRAL HIGHLANDS,20,19,424,402,1403849.26
September 2010,CHARTERS TOWERS,10,10,174,174,384916.74
September 2010,CLONCURRY,5,5,69,69,
September 2010,COOK,3,3,36,36,
September 2010,DOUGLAS,10,9,165,149,463467.78
September 2010,FLINDERS,2,2,28,28,
September 2010,FRASER COAST,40,38,1276,1196,4093458.97
September 2010,GLADSTONE,24,24,576,553,2216959.14
September 2010,GOLD COAST,132,128,5620,5472,20701103.41
September 2010,GOONDIWINDI,10,10,177,177,408720.63
September 2010,GYMPIE,19,19,387,377,1063607.37
September 2010,HINCHINBROOK,8,8,95,89,371979.34
September 2010,IPSWICH,42,42,1513,1504,6134666.54
September 2010,ISAAC,17,17,270,267,1033656.61
September 2010,LIVINGSTONE,12,11,303,283,865674.33
September 2010,LOCKYER VALLEY,19,19,290,285,853842.09
September 2010,LOGAN,42,40,2144,1904,10849818.14
September 2010,LONGREACH,5,5,67,67,
September 2010,MACKAY,44,43,1660,1592,5629128.49
September 2010,MARANOA,9,9,127,137,348251.89
September 2010,MAREEBA,7,7,186,186,480367.43
September 2010,MCKINLAY,2,2,21,21,
September 2010,MORETON BAY,67,63,3164,2947,13081799.77
September 2010,MOUNT ISA,8,8,485,480,1872241.72
September 2010,MURWEH,8,8,75,75,129970.59
September 2010,NOOSA,17,17,560,550,1899386.88
September 2010,NORTH BURNETT,9,9,94,94,232038.88
September 2010,PAROO,2,2,25,23,
September 2010,QUILPIE,1,1,6,6,
September 2010,REDLAND,30,30,1258,1258,4778752.45
September 2010,RICHMOND,1,1,8,8,
September 2010,ROCKHAMPTON,43,41,1168,1066,3749176.74
September 2010,SCENIC RIM,20,19,257,240,642002.31
September 2010,SOMERSET,12,12,135,126,315003.67
September 2010,SOUTH BURNETT,18,18,366,366,1052111.9
September 2010,SOUTHERN DOWNS,22,19,406,387,1005256.18
September 2010,SUNSHINE COAST,78,77,2924,2892,9542454.67
September 2010,TABLELANDS,5,5,139,139,
September 2010,TOOWOOMBA,57,55,1551,1487,4637184.68
September 2010,TORRES,4,4,83,83,
September 2010,TOWNSVILLE,49,44,1780,1603,7174887.55
September 2010,WEIPA,3,3,63,59,
September 2010,WESTERN DOWNS,26,25,392,380,900280.83
September 2010,WHITSUNDAY,21,20,466,462,1697642.74
September 2010,WINTON,4,4,35,33,
October 2010,BALONNE,6,5,84,82,
October 2010,BANANA,10,10,171,171,403031.1
October 2010,BARCALDINE,3,3,28,28,
October 2010,BLACKALL TAMBO,3,3,26,26,
October 2010,BRISBANE,225,218,9106,8799,36211784.75
October 2010,BUNDABERG,42,42,1220,1140,4043715.43
October 2010,BURDEKIN,8,6,196,163,577063.37
October 2010,CAIRNS,44,43,1672,1643,5851765.27
October 2010,CARPENTARIA,3,3,48,48,
October 2010,CASSOWARY COAST,15,15,370,345,1004262.84
October 2010,CENTRAL HIGHLANDS,20,18,424,398,1385040.33
October 2010,CHARTERS TOWERS,10,10,174,174,394237.06
October 2010,CLONCURRY,5,5,72,69,
October 2010,COOK,3,3,36,36,
October 2010,DOUGLAS,10,9,165,149,496221.26
October 2010,FLINDERS,2,2,28,28,
October 2010,FRASER COAST,40,38,1276,1196,4236279.1
October 2010,GLADSTONE,24,24,561,543,2347833.49
October 2010,GOLD COAST,132,128,5617,5475,21767571.62
October 2010,GOONDIWINDI,10,10,177,177,424504.82
October 2010,GYMPIE,19,19,387,377,1060086.72
October 2010,HINCHINBROOK,8,8,95,89,366224.9
October 2010,IPSWICH,42,42,1513,1519,6220660.97
October 2010,ISAAC,17,17,270,270,1051928.58
October 2010,LIVINGSTONE,12,11,303,283,872345.27
October 2010,LOCKYER VALLEY,19,19,290,285,876941.07
October 2010,LOGAN,42,40,2144,1904,10733768.43
October 2010,LONGREACH,5,5,67,67,
October 2010,MACKAY,44,43,1655,1592,5809969.59
October 2010,MARANOA,9,9,127,127,342674.38
October 2010,MAREEBA,7,7,186,186,515178.76
October 2010,MCKINLAY,2,2,21,21,
October 2010,MORETON BAY,67,64,3164,3024,13175153.76
October 2010,MOUNT ISA,8,7,485,426,1851887.11
October 2010,MURWEH,8,8,75,75,132283.36
October 2010,NOOSA,17,17,560,550,1964159.41
October 2010,NORTH BURNETT,9,9,94,94,210474.51
October 2010,PAROO,2,2,25,23,
October 2010,QUILPIE,1,1,6,6,
October 2010,REDLAND,30,30,1258,1258,4904981.84
October 2010,RICHMOND,1,1,8,8,
October 2010,ROCKHAMPTON,43,41,1165,1063,3702546.24
October 2010,SCENIC RIM,20,19,257,240,645901.1
October 2010,SOMERSET,12,12,135,126,349071.58
October 2010,SOUTH BURNETT,18,18,366,366,972680.9
October 2010,SOUTHERN DOWNS,22,19,406,387,979921.5
October 2010,SUNSHINE COAST,78,77,2924,2892,10250847.56
October 2010,TABLELANDS,5,5,139,139,
October 2010,TOOWOOMBA,57,55,1551,1507,4834729.05
October 2010,TORRES,4,4,83,83,
October 2010,TOWNSVILLE,49,44,1765,1603,7040090.88
October 2010,WEIPA,3,3,63,59,
October 2010,WESTERN DOWNS,26,25,400,380,904211.27
October 2010,WHITSUNDAY,21,20,456,452,1851213.31
October 2010,WINTON,4,4,35,33,
November 2010,BALONNE,6,5,84,82,
November 2010,BANANA,10,10,171,171,371557.86
November 2010,BARCALDINE,3,3,28,28,
November 2010,BLACKALL TAMBO,3,3,26,26,
November 2010,BRISBANE,225,218,9126,8830,33534227.06
November 2010,BUNDABERG,42,42,1220,1142,3880336.92
November 2010,BURDEKIN,8,6,181,163,511044.63
November 2010,CAIRNS,44,43,1672,1643,5298740.16
November 2010,CARPENTARIA,3,3,48,48,
November 2010,CASSOWARY COAST,15,15,370,360,926374.69
November 2010,CENTRAL HIGHLANDS,20,18,424,397,1300245.48
November 2010,CHARTERS TOWERS,10,10,174,174,378136.35
November 2010,CLONCURRY,5,5,72,69,
November 2010,COOK,3,3,36,36,
November 2010,DOUGLAS,10,9,165,147,367349.55
November 2010,FLINDERS,2,2,28,28,
November 2010,FRASER COAST,40,38,1276,1196,3913425.93
November 2010,GLADSTONE,24,24,561,542,2241507.59
November 2010,GOLD COAST,132,128,5612,5479,20390055.02
November 2010,GOONDIWINDI,10,10,177,177,371465.57
November 2010,GYMPIE,19,19,387,387,1024905.14
November 2010,HINCHINBROOK,8,8,95,89,277804.37
November 2010,IPSWICH,42,41,1513,1512,5775390.49
November 2010,ISAAC,17,17,270,270,1097337.77
November 2010,LIVINGSTONE,12,11,303,283,816683.71
November 2010,LOCKYER VALLEY,19,19,290,285,819437.7
November 2010,LOGAN,42,41,2144,2104,10176836.16
November 2010,LONGREACH,5,5,67,66,
November 2010,MACKAY,44,43,1655,1592,5464990.59
November 2010,MARANOA,9,9,127,127,312279.45
November 2010,MAREEBA,7,7,186,186,492169.41
November 2010,MCKINLAY,2,2,21,21,
November 2010,MORETON BAY,67,64,3172,3063,12287298.85
November 2010,MOUNT ISA,8,7,472,426,1648313.78
November 2010,MURWEH,8,8,75,75,119270.1
November 2010,NOOSA,17,17,560,550,1931948.99
November 2010,NORTH BURNETT,9,9,94,94,207210.53
November 2010,PAROO,2,2,25,23,
November 2010,QUILPIE,1,1,6,6,
November 2010,REDLAND,30,30,1258,1258,4544056.27
November 2010,RICHMOND,1,1,8,8,
November 2010,ROCKHAMPTON,42,41,1119,1073,3560828.54
November 2010,SCENIC RIM,20,19,257,239,621491.19
November 2010,SOMERSET,12,12,135,126,315942.66
November 2010,SOUTH BURNETT,18,18,366,366,939079.8
November 2010,SOUTHERN DOWNS,22,19,406,387,945877.39
November 2010,SUNSHINE COAST,78,77,2918,2893,9319985.16
November 2010,TABLELANDS,5,5,139,139,
November 2010,TOOWOOMBA,57,55,1551,1507,4449674.61
November 2010,TORRES,4,4,83,83,
November 2010,TOWNSVILLE,49,44,1765,1613,6933151.54
November 2010,WEIPA,3,3,59,59,
November 2010,WESTERN DOWNS,26,25,400,378,831324.54
November 2010,WHITSUNDAY,21,20,456,452,1547444.55
November 2010,WINTON,4,4,35,33,
December 2010,BALONNE,6,5,84,82,
December 2010,BANANA,10,10,171,171,410682.34
December 2010,BARCALDINE,3,3,28,28,
December 2010,BLACKALL TAMBO,3,3,26,26,
December 2010,BRISBANE,225,217,9126,8797,35019142
December 2010,BUNDABERG,42,42,1218,1140,3817556.15
December 2010,BURDEKIN,8,6,163,163,564716.18
December 2010,CAIRNS,44,42,1672,1607,5630427.81
December 2010,CARPENTARIA,3,3,48,48,
December 2010,CASSOWARY COAST,15,15,370,360,978126.94
December 2010,CENTRAL HIGHLANDS,20,18,424,398,1220548.02
December 2010,CHARTERS TOWERS,10,10,174,174,396136.3
December 2010,CLONCURRY,5,5,72,69,
December 2010,COOK,3,3,36,36,
December 2010,DOUGLAS,10,9,165,149,370020
December 2010,FLINDERS,2,2,28,28,
December 2010,FRASER COAST,40,38,1276,1196,4050599.52
December 2010,GLADSTONE,24,24,561,543,2218908.1
December 2010,GOLD COAST,132,127,5612,5462,20783131.5
December 2010,GOONDIWINDI,10,10,177,177,452858.17
December 2010,GYMPIE,19,19,387,387,1115532.82
December 2010,HINCHINBROOK,8,8,95,89,293093.9
December 2010,IPSWICH,41,41,1513,1513,5874668.76
December 2010,ISAAC,17,17,270,270,913588.41
December 2010,LIVINGSTONE,12,11,303,283,897939.51
December 2010,LOCKYER VALLEY,19,19,290,285,779788.85
December 2010,LOGAN,42,41,2140,2104,11054194.72
December 2010,LONGREACH,5,5,67,67,
December 2010,MACKAY,44,43,1655,1592,5692796.89
December 2010,MARANOA,9,9,127,127,296006.07
December 2010,MAREEBA,7,7,186,186,531722.86
December 2010,MCKINLAY,2,2,21,21,
December 2010,MORETON BAY,67,64,3178,3067,13109717.6
December 2010,MOUNT ISA,8,7,472,425,1725229.33
December 2010,MURWEH,8,8,75,75,128895.4
December 2010,NOOSA,17,17,606,550,1998500.09
December 2010,NORTH BURNETT,9,9,94,94,243947.57
December 2010,PAROO,2,2,25,23,
December 2010,QUILPIE,1,1,6,6,
December 2010,REDLAND,30,30,1273,1258,4824714.53
December 2010,RICHMOND,1,1,8,8,
December 2010,ROCKHAMPTON,41,41,1079,1073,3810369.3
December 2010,SCENIC RIM,20,19,257,240,612723.06
December 2010,SOMERSET,12,12,135,126,330053.54
December 2010,SOUTH BURNETT,18,18,366,366,1010857.54
December 2010,SOUTHERN DOWNS,22,19,406,396,1017753.57
December 2010,SUNSHINE COAST,78,77,2918,2893,9924411.03
December 2010,TABLELANDS,5,5,139,139,
December 2010,TOOWOOMBA,56,55,1545,1507,4742479.77
December 2010,TORRES,4,4,83,83,
December 2010,TOWNSVILLE,49,44,1765,1622,7165642.65
December 2010,WEIPA,3,3,59,59,
December 2010,WESTERN DOWNS,26,25,400,378,836450.81
December 2010,WHITSUNDAY,21,20,456,451,1455091.39
December 2010,WINTON,4,4,35,33,
January 2011,BALONNE,6,5,84,82,
January 2011,BANANA,10,10,171,171,431681.83
January 2011,BARCALDINE,3,3,28,28,
January 2011,BLACKALL TAMBO,3,3,26,26,
January 2011,BRISBANE,225,215,9126,8726,32628065.97
January 2011,BUNDABERG,42,40,1218,1090,3857893.69
January 2011,BURDEKIN,8,6,163,163,523180.62
January 2011,CAIRNS,44,42,1672,1607,5621208.69
January 2011,CARPENTARIA,3,3,48,48,
January 2011,CASSOWARY COAST,15,15,370,360,938828.92
January 2011,CENTRAL HIGHLANDS,20,17,424,368,1369586.81
January 2011,CHARTERS TOWERS,10,10,174,174,383274.9
January 2011,CLONCURRY,5,5,72,69,
January 2011,COOK,3,3,36,36,
January 2011,DOUGLAS,10,9,165,149,356141.11
January 2011,FLINDERS,2,2,28,28,
January 2011,FRASER COAST,40,38,1276,1196,4095526.89
January 2011,GLADSTONE,24,23,561,538,2071953.27
January 2011,GOLD COAST,133,128,5652,5482,20324117.41
January 2011,GOONDIWINDI,10,10,177,177,429179.73
January 2011,GYMPIE,19,19,387,387,1131022.2
January 2011,HINCHINBROOK,8,8,95,89,289896.97
January 2011,IPSWICH,42,38,1513,1483,5713037.13
January 2011,ISAAC,17,17,270,270,881078.17
January 2011,LIVINGSTONE,12,11,303,283,914854.71
January 2011,LOCKYER VALLEY,19,19,290,285,871395.44
January 2011,LOGAN,42,41,2140,2104,10616547.1
January 2011,LONGREACH,5,5,67,67,
January 2011,MACKAY,44,43,1655,1592,5192239.57
January 2011,MARANOA,9,9,127,127,306398.98
January 2011,MAREEBA,7,7,186,186,488036.03
January 2011,MCKINLAY,2,2,21,21,
January 2011,MORETON BAY,67,63,3168,3060,13000936.61
January 2011,MOUNT ISA,8,7,472,426,1609678.65
January 2011,MURWEH,8,7,75,67,124698.98
January 2011,NOOSA,17,17,606,550,2023157.33
January 2011,NORTH BURNETT,9,9,94,94,228114.19
January 2011,PAROO,2,2,25,23,
January 2011,QUILPIE,1,1,6,6,
January 2011,REDLAND,30,30,1273,1258,4676112.58
January 2011,RICHMOND,1,1,8,8,
January 2011,ROCKHAMPTON,41,41,1079,1075,3649763.27
January 2011,SCENIC RIM,20,19,257,240,581123.13
January 2011,SOMERSET,12,12,135,126,327179.83
January 2011,SOUTH BURNETT,18,18,366,366,1180897.31
January 2011,SOUTHERN DOWNS,22,19,406,396,983404.66
January 2011,SUNSHINE COAST,78,77,2918,2893,9856408.92
January 2011,TABLELANDS,5,5,139,139,
January 2011,TOOWOOMBA,56,54,1545,1477,4528959.59
January 2011,TORRES,4,4,83,83,
January 2011,TOWNSVILLE,49,44,1750,1622,6498965.73
January 2011,WEIPA,3,3,59,59,
January 2011,WESTERN DOWNS,26,24,400,374,853824.86
January 2011,WHITSUNDAY,21,19,456,434,1339355.92
January 2011,WINTON,4,4,35,33,
February 2011,BALONNE,6,5,84,82,
February 2011,BANANA,10,10,171,171,360766.94
February 2011,BARCALDINE,3,3,28,28,
February 2011,BLACKALL TAMBO,3,3,26,26,
February 2011,BRISBANE,225,213,9132,8698,31156017.6
February 2011,BUNDABERG,42,41,1218,1110,3473181.42
February 2011,BURDEKIN,8,6,163,163,538412.25
February 2011,CAIRNS,44,42,1672,1607,6024833.72
February 2011,CARPENTARIA,3,3,48,48,
February 2011,CASSOWARY COAST,15,15,370,360,1022096.8
February 2011,CENTRAL HIGHLANDS,20,17,424,368,1205766.78
February 2011,CHARTERS TOWERS,10,10,174,174,433705.89
February 2011,CLONCURRY,5,5,72,69,
February 2011,COOK,3,3,36,36,
February 2011,DOUGLAS,10,9,165,149,344212.61
February 2011,FLINDERS,2,2,28,28,
February 2011,FRASER COAST,40,38,1276,1196,3631640.82
February 2011,GLADSTONE,24,23,561,538,1897914.76
February 2011,GOLD COAST,133,128,5661,5465,17780957.66
February 2011,GOONDIWINDI,10,10,177,177,410207.78
February 2011,GYMPIE,19,18,387,385,995998.55
February 2011,HINCHINBROOK,8,8,95,89,324259.8
February 2011,IPSWICH,42,35,1513,1249,5301245.41
February 2011,ISAAC,17,17,270,270,882635.32
February 2011,LIVINGSTONE,12,11,303,283,770548.46
February 2011,LOCKYER VALLEY,19,18,290,273,725148.72
February 2011,LOGAN,42,41,2140,2104,9631916.84
February 2011,LONGREACH,5,5,67,67,
February 2011,MACKAY,44,43,1655,1592,4865090.72
February 2011,MARANOA,9,9,127,127,248879
February 2011,MAREEBA,7,7,186,186,537798.58
February 2011,MCKINLAY,2,2,21,21,
February 2011,MORETON BAY,67,63,3208,3060,11424807.93
February 2011,MOUNT ISA,8,6,472,410,1568333.4
February 2011,MURWEH,8,7,75,67,116091.43
February 2011,NOOSA,17,17,606,550,1711861.78
February 2011,NORTH BURNETT,9,9,94,94,208563.81
February 2011,PAROO,2,2,25,19,
February 2011,QUILPIE,1,1,6,6,
February 2011,REDLAND,30,30,1279,1258,4048330.02
February 2011,RICHMOND,1,1,8,8,
February 2011,ROCKHAMPTON,41,40,1073,1069,3467734.17
February 2011,SCENIC RIM,20,19,257,240,540370.84
February 2011,SOMERSET,12,12,135,126,311151.45
February 2011,SOUTH BURNETT,18,18,366,366,1036863.72
February 2011,SOUTHERN DOWNS,22,19,406,396,910981.2
February 2011,SUNSHINE COAST,78,77,2872,2847,8311722.97
February 2011,TABLELANDS,5,5,139,139,
February 2011,TOOWOOMBA,56,54,1545,1495,4372894.16
February 2011,TORRES,4,4,83,83,
February 2011,TOWNSVILLE,49,44,1744,1616,7199288
February 2011,WEIPA,3,3,59,59,
February 2011,WESTERN DOWNS,26,23,400,355,822777.45
February 2011,WHITSUNDAY,21,19,456,434,1093187.38
February 2011,WINTON,4,4,35,33,
March 2011,BALONNE,6,5,84,82,
March 2011,BANANA,10,10,171,171,413039.77
March 2011,BARCALDINE,3,3,28,28,
March 2011,BLACKALL TAMBO,3,3,26,26,
March 2011,BRISBANE,225,213,9144,8666,34145564.65
March 2011,BUNDABERG,42,41,1218,1120,3639489.45
March 2011,BURDEKIN,8,6,163,163,522535.82
March 2011,CAIRNS,44,42,1672,1607,5790486.33
March 2011,CARPENTARIA,3,3,48,48,
March 2011,CASSOWARY COAST,15,14,370,345,1120348.54
March 2011,CENTRAL HIGHLANDS,19,17,414,368,1303358.03
March 2011,CHARTERS TOWERS,10,10,174,174,362004.44
March 2011,CLONCURRY,5,5,72,69,
March 2011,COOK,3,3,36,36,
March 2011,DOUGLAS,10,9,165,149,351821.49
March 2011,FLINDERS,2,2,28,28,
March 2011,FRASER COAST,40,38,1276,1196,3799820.41
March 2011,GLADSTONE,24,23,561,538,2330701
March 2011,GOLD COAST,133,128,5666,5482,19861134
March 2011,GOONDIWINDI,10,10,177,177,448053
March 2011,GYMPIE,19,19,387,387,1025147.73
March 2011,HINCHINBROOK,8,8,95,93,347238.75
March 2011,IPSWICH,42,35,1519,1249,5787198.95
March 2011,ISAAC,17,17,270,270,988415.13
March 2011,LIVINGSTONE,12,11,303,283,824855.92
March 2011,LOCKYER VALLEY,19,18,290,273,817980.4
March 2011,LOGAN,42,41,2140,2100,10544419.7
March 2011,LONGREACH,5,5,67,67,
March 2011,MACKAY,44,43,1655,1591,5507483.56
March 2011,MARANOA,9,8,127,117,315140.54
March 2011,MAREEBA,7,7,186,186,554482.57
March 2011,MCKINLAY,2,2,21,21,
March 2011,MORETON BAY,67,64,3202,3086,12445357.71
March 2011,MOUNT ISA,8,6,472,412,1656172.4
March 2011,MURWEH,8,7,75,67,134035.66
March 2011,NOOSA,17,17,606,545,1886380.19
March 2011,NORTH BURNETT,9,9,94,94,220680.26
March 2011,PAROO,2,1,23,21,
March 2011,QUILPIE,1,1,6,6,
March 2011,REDLAND,30,30,1279,1258,4589423.65
March 2011,RICHMOND,1,1,8,8,
March 2011,ROCKHAMPTON,40,40,1069,1065,3616160.87
March 2011,SCENIC RIM,20,19,257,240,614143.1
March 2011,SOMERSET,12,12,135,126,345743.75
March 2011,SOUTH BURNETT,18,18,366,366,1030472.2
March 2011,SOUTHERN DOWNS,21,19,406,396,1035357.83
March 2011,SUNSHINE COAST,78,77,2872,2852,9367305.31
March 2011,TABLELANDS,5,5,139,139,
March 2011,TOOWOOMBA,56,54,1545,1495,4870547.25
March 2011,TORRES,4,4,83,83,
March 2011,TOWNSVILLE,49,44,1744,1615,7132501.79
March 2011,WEIPA,3,3,59,59,
March 2011,WESTERN DOWNS,26,24,400,384,976291.64
March 2011,WHITSUNDAY,20,19,451,434,1296766.16
March 2011,WINTON,4,4,33,33,
April 2011,BALONNE,6,5,84,82,
April 2011,BANANA,10,10,171,171,431016.69
April 2011,BARCALDINE,3,3,28,28,
April 2011,BLACKALL TAMBO,3,3,26,26,
April 2011,BRISBANE,225,214,9144,8700,33168602.36
April 2011,BUNDABERG,42,42,1224,1153,3577653.04
April 2011,BURDEKIN,8,6,163,163,452873.76
April 2011,CAIRNS,45,42,1702,1607,5570247.59
April 2011,CARPENTARIA,3,3,48,48,
April 2011,CASSOWARY COAST,15,15,370,360,1033221.05
April 2011,CENTRAL HIGHLANDS,19,17,414,368,1256074.82
April 2011,CHARTERS TOWERS,10,10,174,174,335919.27
April 2011,CLONCURRY,5,5,72,72,
April 2011,COOK,3,3,36,36,
April 2011,DOUGLAS,10,9,153,149,363760.01
April 2011,FLINDERS,2,2,28,28,
April 2011,FRASER COAST,40,38,1276,1196,3782882.7
April 2011,GLADSTONE,24,23,561,535,2187107.59
April 2011,GOLD COAST,133,128,5669,5482,19374279.62
April 2011,GOONDIWINDI,10,10,177,177,410055.49
April 2011,GYMPIE,19,19,387,387,1087953.74
April 2011,HINCHINBROOK,8,8,95,93,330132.03
April 2011,IPSWICH,42,37,1519,1362,5581448.07
April 2011,ISAAC,17,17,270,270,964924.11
April 2011,LIVINGSTONE,12,11,303,283,840276.11
April 2011,LOCKYER VALLEY,19,18,290,273,827170.59
April 2011,LOGAN,42,40,2140,2089,10466485.28
April 2011,LONGREACH,5,5,67,67,
April 2011,MACKAY,44,43,1655,1591,5235536.53
April 2011,MARANOA,9,8,127,117,306030.2
April 2011,MAREEBA,7,7,186,186,470620.36
April 2011,MCKINLAY,2,2,21,21,
April 2011,MORETON BAY,67,64,3202,3100,12384975.02
April 2011,MOUNT ISA,8,6,472,415,1658566.71
April 2011,MURWEH,8,7,75,67,122152.31
April 2011,NOOSA,17,17,606,545,1693060.88
April 2011,NORTH BURNETT,9,9,94,94,241713.67
April 2011,PAROO,2,1,23,23,
April 2011,QUILPIE,1,1,6,6,
April 2011,REDLAND,30,30,1279,1258,4515384.5
April 2011,RICHMOND,1,1,8,8,
April 2011,ROCKHAMPTON,40,40,1069,1065,3579005.38
April 2011,SCENIC RIM,20,19,257,240,647538.11
April 2011,SOMERSET,12,12,135,126,361505.5
April 2011,SOUTH BURNETT,18,18,366,366,986197.11
April 2011,SOUTHERN DOWNS,21,19,406,396,979487.34
April 2011,SUNSHINE COAST,78,76,2872,2779,9217351.86
April 2011,TABLELANDS,5,5,139,139,
April 2011,TOOWOOMBA,56,54,1545,1495,4495073.18
April 2011,TORRES,4,4,83,82,
April 2011,TOWNSVILLE,49,44,1744,1629,6777837.96
April 2011,WEIPA,3,3,59,59,
April 2011,WESTERN DOWNS,26,25,400,388,980738.35
April 2011,WHITSUNDAY,20,19,451,434,1235210.3
April 2011,WINTON,4,4,33,33,
May 2011,BALONNE,6,5,84,82,
May 2011,BANANA,10,10,171,171,485227.05
May 2011,BARCALDINE,3,3,28,28,
May 2011,BLACKALL TAMBO,3,3,26,26,
May 2011,BRISBANE,225,213,9144,8762,32936967.63
May 2011,BUNDABERG,42,42,1224,1154,3682477.25
May 2011,BURDEKIN,8,6,163,163,460499.56
May 2011,CAIRNS,45,42,1702,1600,5590184.61
May 2011,CARPENTARIA,3,3,48,48,
May 2011,CASSOWARY COAST,15,13,370,336,907327.54
May 2011,CENTRAL HIGHLANDS,19,16,402,338,1398936.69
May 2011,CHARTERS TOWERS,10,10,174,174,328788.39
May 2011,CLONCURRY,5,5,72,72,
May 2011,COOK,3,3,36,36,
May 2011,DOUGLAS,10,9,153,151,407818.75
May 2011,FLINDERS,2,2,28,28,
May 2011,FRASER COAST,40,38,1276,1196,3807745.62
May 2011,GLADSTONE,24,23,561,535,2178642.74
May 2011,GOLD COAST,133,128,5669,5482,19658194.13
May 2011,GOONDIWINDI,10,10,177,177,438066.24
May 2011,GYMPIE,19,19,387,387,1065123.39
May 2011,HINCHINBROOK,8,8,95,93,291364.47
May 2011,IPSWICH,42,38,1519,1372,5357980.23
May 2011,ISAAC,17,17,270,270,1005499.85
May 2011,LIVINGSTONE,12,11,303,283,868884.6
May 2011,LOCKYER VALLEY,19,18,290,273,822892.48
May 2011,LOGAN,42,40,2140,2089,10021381.76
May 2011,LONGREACH,5,5,67,67,
May 2011,MACKAY,44,43,1655,1592,5493016.75
May 2011,MARANOA,9,8,127,117,327577.56
May 2011,MAREEBA,7,7,186,186,513088.5
May 2011,MCKINLAY,2,2,21,21,
May 2011,MORETON BAY,67,64,3201,3113,12323734.15
May 2011,MOUNT ISA,8,6,472,415,1687344.33
May 2011,MURWEH,8,7,75,67,136411.07
May 2011,NOOSA,17,17,606,545,1853065.93
May 2011,NORTH BURNETT,9,9,94,94,240082.03
May 2011,PAROO,2,1,23,23,
May 2011,QUILPIE,1,1,6,6,
May 2011,REDLAND,30,30,1279,1257,4530971.02
May 2011,RICHMOND,1,1,8,8,
May 2011,ROCKHAMPTON,40,40,1084,1065,3592279.04
May 2011,SCENIC RIM,20,19,257,240,574775.7
May 2011,SOMERSET,12,12,135,126,315299.41
May 2011,SOUTH BURNETT,18,18,366,365,886773.85
May 2011,SOUTHERN DOWNS,21,19,406,396,982638.04
May 2011,SUNSHINE COAST,78,76,2880,2780,8960573.67
May 2011,TABLELANDS,5,5,139,139,
May 2011,TOOWOOMBA,56,54,1550,1494,4569899.88
May 2011,TORRES,4,4,83,83,
May 2011,TOWNSVILLE,49,44,1744,1632,6815778.09
May 2011,WEIPA,3,3,59,59,
May 2011,WESTERN DOWNS,26,25,400,398,972044.1
May 2011,WHITSUNDAY,20,18,442,429,1337444.72
May 2011,WINTON,4,4,33,33,
June 2011,BALONNE,6,5,84,82,
June 2011,BANANA,10,10,171,171,437888.67
June 2011,BARCALDINE,3,3,28,28,
June 2011,BLACKALL TAMBO,3,3,26,26,
June 2011,BRISBANE,225,215,9189,8797,33212261.11
June 2011,BUNDABERG,42,42,1224,1154,3627284.33
June 2011,BURDEKIN,8,6,163,163,487682.63
June 2011,CAIRNS,45,42,1702,1602,5620687.88
June 2011,CARPENTARIA,3,3,48,48,
June 2011,CASSOWARY COAST,15,13,370,336,927223.51
June 2011,CENTRAL HIGHLANDS,19,17,402,368,1495040.53
June 2011,CHARTERS TOWERS,10,10,174,174,382657.24
June 2011,CLONCURRY,5,5,72,72,
June 2011,COOK,3,3,36,36,
June 2011,DOUGLAS,10,9,153,151,420607.37
June 2011,FLINDERS,2,2,28,28,
June 2011,FRASER COAST,40,38,1276,1196,3810248.09
June 2011,GLADSTONE,24,23,561,538,2273199.88
June 2011,GOLD COAST,133,128,5669,5481,19174771.68
June 2011,GOONDIWINDI,10,10,177,177,453950.24
June 2011,GYMPIE,19,19,387,387,1076927.33
June 2011,HINCHINBROOK,8,8,93,93,315337.45
June 2011,IPSWICH,42,39,1519,1380,5451959.03
June 2011,ISAAC,17,17,270,269,1084988.38
June 2011,LIVINGSTONE,12,11,293,282,820900
June 2011,LOCKYER VALLEY,19,18,290,273,751589.46
June 2011,LOGAN,42,40,2140,2089,10167628.28
June 2011,LONGREACH,5,5,67,67,
June 2011,MACKAY,44,43,1655,1592,5720404.69
June 2011,MARANOA,9,8,127,117,302626.52
June 2011,MAREEBA,7,7,186,186,532303.75
June 2011,MCKINLAY,2,2,21,21,
June 2011,MORETON BAY,67,63,3201,2993,12382592.24
June 2011,MOUNT ISA,8,6,472,415,1727678.34
June 2011,MURWEH,8,7,75,67,129512.15
June 2011,NOOSA,17,17,606,545,1686948.11
June 2011,NORTH BURNETT,9,9,94,94,257469.26
June 2011,PAROO,1,1,23,23,
June 2011,QUILPIE,1,1,6,6,
June 2011,REDLAND,30,30,1369,1348,4622025.71
June 2011,RICHMOND,1,1,8,8,
June 2011,ROCKHAMPTON,40,40,1080,1065,3782553.35
June 2011,SCENIC RIM,20,19,257,240,583344.67
June 2011,SOMERSET,12,12,135,126,324885.85
June 2011,SOUTH BURNETT,18,18,366,366,992080.56
June 2011,SOUTHERN DOWNS,21,19,406,396,933280.72
June 2011,SUNSHINE COAST,77,76,2834,2801,8952896.23
June 2011,TABLELANDS,5,5,139,139,
June 2011,TOOWOOMBA,56,54,1550,1495,4585003.7
June 2011,TORRES,4,4,83,83,
June 2011,TOWNSVILLE,49,44,1802,1634,6722421.5
June 2011,WEIPA,3,3,59,59,
June 2011,WESTERN DOWNS,26,25,400,398,988827.38
June 2011,WHITSUNDAY,19,18,442,429,1409731.45
June 2011,WINTON,4,4,33,33,
July 2011,BALONNE,6,5,83,82,
July 2011,BANANA,10,10,171,171,463564.99
July 2011,BARCALDINE,3,3,28,28,
July 2011,BLACKALL TAMBO,3,3,26,26,
July 2011,BRISBANE,224,216,9179,8818,36978885.71
July 2011,BUNDABERG,42,42,1224,1154,4426801.36
July 2011,BURDEKIN,8,6,163,163,559844.32
July 2011,CAIRNS,45,42,1736,1602,6828879.32
July 2011,CARPENTARIA,3,3,48,48,
July 2011,CASSOWARY COAST,15,13,370,336,1142057.89
July 2011,CENTRAL HIGHLANDS,19,17,402,368,1485478.27
July 2011,CHARTERS TOWERS,10,10,174,174,454597.47
July 2011,CLONCURRY,5,5,72,72,
July 2011,COOK,3,3,36,36,
July 2011,DOUGLAS,10,9,153,151,510612.33
July 2011,FLINDERS,2,2,28,28,
July 2011,FRASER COAST,40,38,1276,1196,4368006.21
July 2011,GLADSTONE,24,23,561,538,2723284.51
July 2011,GOLD COAST,132,128,5669,5482,21612566.98
July 2011,GOONDIWINDI,10,10,177,177,512179.13
July 2011,GYMPIE,19,19,387,387,1265166.84
July 2011,HINCHINBROOK,8,8,93,93,349013.22
July 2011,IPSWICH,42,39,1534,1384,6512757.81
July 2011,ISAAC,17,17,270,270,1269609.5
July 2011,LIVINGSTONE,12,11,293,283,1012204.53
July 2011,LOCKYER VALLEY,19,19,290,284,960317.21
July 2011,LOGAN,42,40,2140,2089,12014594.38
July 2011,LONGREACH,5,5,67,67,
July 2011,MACKAY,44,43,1655,1592,6291192.46
July 2011,MARANOA,9,8,127,117,441855.99
July 2011,MAREEBA,7,7,186,186,636414.33
July 2011,MCKINLAY,2,2,21,21,
July 2011,MORETON BAY,67,64,3201,3109,14168051.02
July 2011,MOUNT ISA,8,6,472,415,1964251.56
July 2011,MURWEH,8,7,75,67,154978.63
July 2011,NOOSA,17,17,606,544,1898309.99
July 2011,NORTH BURNETT,9,9,94,94,327687.15
July 2011,PAROO,1,1,23,23,
July 2011,QUILPIE,1,1,6,6,
July 2011,REDLAND,30,29,1369,1340,4967208
July 2011,RICHMOND,1,1,8,8,
July 2011,ROCKHAMPTON,40,40,1078,1063,4515176.93
July 2011,SCENIC RIM,20,19,257,240,696860.72
July 2011,SOMERSET,12,12,135,126,395835.03
July 2011,SOUTH BURNETT,18,18,366,366,1168196.94
July 2011,SOUTHERN DOWNS,21,18,402,391,1009946.85
July 2011,SUNSHINE COAST,77,75,2819,2781,10399504.15
July 2011,TABLELANDS,5,5,139,139,
July 2011,TOOWOOMBA,56,54,1550,1490,5358419.76
July 2011,TORRES,4,4,83,83,
July 2011,TOWNSVILLE,49,44,1802,1634,7860947.64
July 2011,WEIPA,3,3,59,59,
July 2011,WESTERN DOWNS,25,25,400,400,1117931.84
July 2011,WHITSUNDAY,19,18,442,429,1725040.55
July 2011,WINTON,4,4,33,33,
August 2011,BALONNE,6,5,83,82,
August 2011,BANANA,10,10,171,171,509533.77
August 2011,BARCALDINE,3,3,28,28,
August 2011,BLACKALL TAMBO,3,3,26,26,
August 2011,BRISBANE,224,214,9157,8792,38286277.9
August 2011,BUNDABERG,42,42,1224,1154,4321645.3
August 2011,BURDEKIN,8,6,163,163,580390.27
August 2011,CAIRNS,45,42,1736,1597,6972332.37
August 2011,CARPENTARIA,3,3,48,48,
August 2011,CASSOWARY COAST,15,13,370,336,1215777.22
August 2011,CENTRAL HIGHLANDS,19,17,402,366,1518443.2
August 2011,CHARTERS TOWERS,10,10,174,174,452962.47
August 2011,CLONCURRY,5,5,72,72,
August 2011,COOK,3,3,36,36,
August 2011,DOUGLAS,10,9,153,151,540116.76
August 2011,FLINDERS,2,2,28,28,
August 2011,FRASER COAST,40,38,1276,1196,4375820.91
August 2011,GLADSTONE,24,23,561,541,2960612.19
August 2011,GOLD COAST,132,128,5660,5474,22420187.75
August 2011,GOONDIWINDI,10,10,177,177,478601.84
August 2011,GYMPIE,19,19,387,387,1285257.3
August 2011,HINCHINBROOK,8,8,93,93,394959.29
August 2011,IPSWICH,42,39,1534,1383,6948047.56
August 2011,ISAAC,17,17,270,270,1349397.27
August 2011,LIVINGSTONE,12,11,293,283,1051721.78
August 2011,LOCKYER VALLEY,19,19,290,284,880276.58
August 2011,LOGAN,42,40,2140,2089,12486604.09
August 2011,LONGREACH,5,5,67,67,
August 2011,MACKAY,44,43,1655,1570,6660226.41
August 2011,MARANOA,9,8,127,117,465625.03
August 2011,MAREEBA,7,7,186,186,661168.53
August 2011,MCKINLAY,2,2,21,21,
August 2011,MORETON BAY,67,65,3205,3133,14500205.52
August 2011,MOUNT ISA,8,6,472,415,2090327
August 2011,MURWEH,8,7,75,67,167921.53
August 2011,NOOSA,17,17,606,544,2003299.83
August 2011,NORTH BURNETT,9,9,94,94,296279.62
August 2011,PAROO,1,1,23,23,
August 2011,QUILPIE,1,1,6,6,
August 2011,REDLAND,30,29,1369,1346,5042923.35
August 2011,RICHMOND,1,1,8,8,
August 2011,ROCKHAMPTON,40,40,1066,1053,4587226.92
August 2011,SCENIC RIM,20,19,257,240,649537.2
August 2011,SOMERSET,12,12,135,126,378844.51
August 2011,SOUTH BURNETT,18,18,366,366,1178895.4
August 2011,SOUTHERN DOWNS,21,18,402,392,1028183.89
August 2011,SUNSHINE COAST,76,75,2819,2788,10510181.79
August 2011,TABLELANDS,5,5,139,139,
August 2011,TOOWOOMBA,56,55,1550,1525,5458880.3
August 2011,TORRES,4,4,83,83,
August 2011,TOWNSVILLE,49,44,1802,1634,8214793.29
August 2011,WEIPA,3,3,59,59,
August 2011,WESTERN DOWNS,25,25,400,400,1264690.87
August 2011,WHITSUNDAY,19,18,442,429,1773004.45
August 2011,WINTON,4,4,33,33,
September 2011,BALONNE,6,5,90,82,
September 2011,BANANA,10,10,171,171,509327.47
September 2011,BARCALDINE,3,3,28,28,
September 2011,BLACKALL TAMBO,3,3,26,26,
September 2011,BRISBANE,223,214,9157,8782,36305587.97
September 2011,BUNDABERG,42,42,1219,1183,3959077.41
September 2011,BURDEKIN,8,6,163,163,527802.78
September 2011,CAIRNS,44,42,1690,1596,6250121.5
September 2011,CARPENTARIA,3,3,48,48,
September 2011,CASSOWARY COAST,15,14,370,351,1184599.23
September 2011,CENTRAL HIGHLANDS,19,17,414,368,1517220.59
September 2011,CHARTERS TOWERS,10,10,174,174,408075.03
September 2011,CLONCURRY,5,5,72,72,
September 2011,COOK,3,3,36,36,
September 2011,DOUGLAS,10,9,153,153,456015.63
September 2011,FLINDERS,2,2,28,28,
September 2011,FRASER COAST,40,38,1276,1196,3926986.49
September 2011,GLADSTONE,24,23,561,541,2767864.79
September 2011,GOLD COAST,132,128,5660,5476,20818864.89
September 2011,GOONDIWINDI,10,10,177,177,485823.87
September 2011,GYMPIE,19,18,387,375,1108251.41
September 2011,HINCHINBROOK,8,8,93,93,362588.53
September 2011,IPSWICH,42,39,1534,1384,6349051.18
September 2011,ISAAC,17,17,270,270,1355999.47
September 2011,LIVINGSTONE,12,11,293,283,969770.48
September 2011,LOCKYER VALLEY,19,19,296,285,880063.71
September 2011,LOGAN,42,40,2140,2089,11165732.49
September 2011,LONGREACH,5,5,67,67,
September 2011,MACKAY,44,43,1655,1570,6330069.87
September 2011,MARANOA,8,8,117,117,391022.3
September 2011,MAREEBA,7,7,186,186,590879.01
September 2011,MCKINLAY,2,2,21,21,
September 2011,MORETON BAY,67,65,3205,3129,13384477.85
September 2011,MOUNT ISA,8,6,472,415,2034930.79
September 2011,MURWEH,8,7,75,67,137784.82
September 2011,NOOSA,17,17,606,549,1957135.45
September 2011,NORTH BURNETT,9,9,94,94,259185.62
September 2011,PAROO,1,1,23,23,
September 2011,QUILPIE,1,1,6,6,
September 2011,REDLAND,30,29,1369,1346,4803326.77
September 2011,RICHMOND,1,1,8,8,
September 2011,ROCKHAMPTON,40,40,1066,1058,4201656.73
September 2011,SCENIC RIM,20,19,257,240,614937.71
September 2011,SOMERSET,12,12,135,126,339697.64
September 2011,SOUTH BURNETT,18,18,366,366,1083678.87
September 2011,SOUTHERN DOWNS,20,18,402,392,1020213.98
September 2011,SUNSHINE COAST,76,75,2819,2789,9804762.94
September 2011,TABLELANDS,5,5,139,139,
September 2011,TOOWOOMBA,56,55,1550,1525,4888834.65
September 2011,TORRES,4,4,83,83,
September 2011,TOWNSVILLE,49,44,1802,1623,7575779.62
September 2011,WEIPA,3,3,59,59,
September 2011,WESTERN DOWNS,25,25,400,400,1133835
September 2011,WHITSUNDAY,19,18,442,429,1765754.17
September 2011,WINTON,4,4,33,33,
October 2011,BALONNE,6,5,90,82,
October 2011,BANANA,10,10,171,171,501495.72
October 2011,BARCALDINE,3,3,28,28,
October 2011,BLACKALL TAMBO,3,3,26,26,
October 2011,BRISBANE,222,213,9097,8678,36072920.47
October 2011,BUNDABERG,42,42,1209,1168,4072873.38
October 2011,BURDEKIN,8,6,163,163,529872.69
October 2011,CAIRNS,44,42,1690,1636,6261399.07
October 2011,CARPENTARIA,3,3,48,48,
October 2011,CASSOWARY COAST,15,14,374,351,1169573.44
October 2011,CENTRAL HIGHLANDS,19,17,414,368,1568192.7
October 2011,CHARTERS TOWERS,10,10,174,174,407990.31
October 2011,CLONCURRY,5,5,72,72,
October 2011,COOK,3,3,36,36,
October 2011,DOUGLAS,10,9,153,153,474415.2
October 2011,FLINDERS,2,2,28,28,
October 2011,FRASER COAST,40,38,1276,1196,4106502.36
October 2011,GLADSTONE,24,23,561,541,2742985.05
October 2011,GOLD COAST,132,127,5660,5445,21477994.25
October 2011,GOONDIWINDI,10,10,177,177,438454.35
October 2011,GYMPIE,19,19,387,387,1089653.8
October 2011,HINCHINBROOK,8,8,93,93,348359.46
October 2011,IPSWICH,42,39,1534,1389,6106912.85
October 2011,ISAAC,17,17,278,270,1321289.27
October 2011,LIVINGSTONE,12,11,293,282,974251.76
October 2011,LOCKYER VALLEY,19,19,296,285,888690.38
October 2011,LOGAN,42,40,2140,2089,11420591.59
October 2011,LONGREACH,5,5,67,51,
October 2011,MACKAY,45,43,1694,1569,6033492.1
October 2011,MARANOA,9,8,127,117,376041.54
October 2011,MAREEBA,7,7,186,186,572123.31
October 2011,MCKINLAY,2,2,21,21,
October 2011,MORETON BAY,67,64,3205,3127,13536311.31
October 2011,MOUNT ISA,8,6,477,415,1930136.95
October 2011,MURWEH,8,7,75,67,155332.88
October 2011,NOOSA,17,17,596,559,1898718.08
October 2011,NORTH BURNETT,9,9,94,94,224478.58
October 2011,PAROO,1,1,23,23,
October 2011,QUILPIE,1,1,6,6,
October 2011,REDLAND,30,29,1369,1346,4645451.03
October 2011,RICHMOND,1,1,8,8,
October 2011,ROCKHAMPTON,40,40,1066,1058,4285496.08
October 2011,SCENIC RIM,20,19,257,240,621090.01
October 2011,SOMERSET,12,12,139,126,360973.05
October 2011,SOUTH BURNETT,18,18,366,366,1045160.05
October 2011,SOUTHERN DOWNS,20,18,402,392,962489.45
October 2011,SUNSHINE COAST,76,75,2850,2768,9979009.03
October 2011,TABLELANDS,5,5,139,139,
October 2011,TOOWOOMBA,56,55,1550,1525,4820836.73
October 2011,TORRES,4,4,83,83,
October 2011,TOWNSVILLE,49,44,1802,1623,7243429.12
October 2011,WEIPA,3,3,59,59,
October 2011,WESTERN DOWNS,25,25,400,400,1100445.82
October 2011,WHITSUNDAY,19,18,442,429,1743954.41
October 2011,WINTON,4,4,33,33,
November 2011,BALONNE,5,5,89,82,
November 2011,BANANA,10,10,171,171,503821.01
November 2011,BARCALDINE,3,3,28,28,
November 2011,BLACKALL TAMBO,3,3,26,26,
November 2011,BRISBANE,222,213,9140,8671,34179639.39
November 2011,BUNDABERG,42,42,1206,1170,3783295.85
November 2011,BURDEKIN,8,6,163,163,594198.66
November 2011,CAIRNS,44,42,1678,1637,5789348.03
November 2011,CARPENTARIA,3,3,48,48,
November 2011,CASSOWARY COAST,15,14,374,351,1075225.77
November 2011,CENTRAL HIGHLANDS,19,17,414,368,1550203.62
November 2011,CHARTERS TOWERS,10,10,168,168,333658.53
November 2011,CLONCURRY,5,5,72,72,
November 2011,COOK,3,3,36,36,
November 2011,DOUGLAS,10,9,153,153,354457.01
November 2011,FLINDERS,2,2,28,28,
November 2011,FRASER COAST,40,38,1276,1196,3793201.42
November 2011,GLADSTONE,24,23,561,541,2562591.5
November 2011,GOLD COAST,132,127,5660,5444,20246874.77
November 2011,GOONDIWINDI,10,10,182,177,405691.89
November 2011,GYMPIE,19,19,387,387,1021152.25
November 2011,HINCHINBROOK,8,8,93,93,324653.64
November 2011,IPSWICH,42,39,1534,1399,5779227.93
November 2011,ISAAC,17,17,278,270,1293834.75
November 2011,LIVINGSTONE,12,11,293,283,952458.08
November 2011,LOCKYER VALLEY,19,19,296,285,801323.23
November 2011,LOGAN,42,40,2140,2089,10631868.08
November 2011,LONGREACH,5,4,67,41,
November 2011,MACKAY,44,43,1694,1572,6025799.78
November 2011,MARANOA,9,8,127,117,335285.89
November 2011,MAREEBA,7,7,186,186,487666.44
November 2011,MCKINLAY,2,2,21,21,
November 2011,MORETON BAY,67,64,3197,3130,12533546.33
November 2011,MOUNT ISA,8,6,477,414,1856711.39
November 2011,MURWEH,8,7,75,67,117292.61
November 2011,NOOSA,17,17,596,581,1977832.56
November 2011,NORTH BURNETT,9,9,94,94,235287.7
November 2011,PAROO,1,1,23,23,
November 2011,QUILPIE,1,1,6,6,
November 2011,REDLAND,30,29,1347,1306,4430390.2
November 2011,RICHMOND,1,1,8,8,
November 2011,ROCKHAMPTON,40,40,1063,1063,4078181.45
November 2011,SCENIC RIM,20,19,257,240,557270.09
November 2011,SOMERSET,12,12,139,126,323911.64
November 2011,SOUTH BURNETT,18,18,366,366,1022082.21
November 2011,SOUTHERN DOWNS,19,18,402,392,894655.39
November 2011,SUNSHINE COAST,77,73,2901,2742,9139873.86
November 2011,TABLELANDS,5,5,139,139,
November 2011,TOOWOOMBA,56,55,1555,1525,4591378.39
November 2011,TORRES,4,4,83,83,
November 2011,TOWNSVILLE,49,44,1787,1641,6933112.46
November 2011,WEIPA,3,3,59,59,
November 2011,WESTERN DOWNS,25,25,400,400,1032825.21
November 2011,WHITSUNDAY,19,19,439,437,1617140.9
November 2011,WINTON,4,4,33,33,
December 2011,BALONNE,5,5,89,85,
December 2011,BANANA,10,10,171,171,435951.76
December 2011,BARCALDINE,3,3,28,28,
December 2011,BLACKALL TAMBO,3,3,26,26,
December 2011,BRISBANE,222,213,9140,8777,36759418.74
December 2011,BUNDABERG,42,42,1206,1152,4188131.98
December 2011,BURDEKIN,8,6,163,163,608025.36
December 2011,CAIRNS,44,42,1678,1628,5974822.55
December 2011,CARPENTARIA,3,3,48,48,
December 2011,CASSOWARY COAST,15,13,374,309,1136267.05
December 2011,CENTRAL HIGHLANDS,19,17,414,367,1445858.1
December 2011,CHARTERS TOWERS,10,10,168,168,374127.3
December 2011,CLONCURRY,5,5,72,72,
December 2011,COOK,3,3,36,36,
December 2011,DOUGLAS,10,9,153,153,342154.27
December 2011,FLINDERS,2,2,28,28,
December 2011,FRASER COAST,40,38,1276,1195,4251292.43
December 2011,GLADSTONE,25,23,589,541,2781808.89
December 2011,GOLD COAST,133,127,5681,5454,21189586.25
December 2011,GOONDIWINDI,10,10,182,177,441964.17
December 2011,GYMPIE,19,19,387,387,1004794.91
December 2011,HINCHINBROOK,8,8,93,84,299705.33
December 2011,IPSWICH,42,39,1534,1399,6216320.12
December 2011,ISAAC,17,17,278,269,1164415.05
December 2011,LIVINGSTONE,12,11,293,283,938250.25
December 2011,LOCKYER VALLEY,19,19,296,295,846772.93
December 2011,LOGAN,42,40,2140,2089,11311518.54
December 2011,LONGREACH,5,4,67,56,
December 2011,MACKAY,44,43,1694,1654,6061454.36
December 2011,MARANOA,9,8,127,117,351397.56
December 2011,MAREEBA,7,7,186,186,587726.1
December 2011,MCKINLAY,2,2,21,21,
December 2011,MORETON BAY,67,65,3205,3150,13880521.81
December 2011,MOUNT ISA,8,6,477,415,1903405.81
December 2011,MURWEH,8,7,75,67,138565.84
December 2011,NOOSA,17,16,596,525,1928172.66
December 2011,NORTH BURNETT,9,9,94,94,225434.61
December 2011,PAROO,1,1,23,23,
December 2011,QUILPIE,1,1,6,6,
December 2011,REDLAND,30,29,1347,1321,4885341.37
December 2011,RICHMOND,1,1,8,8,
December 2011,ROCKHAMPTON,40,40,1068,1059,4491903.55
December 2011,SCENIC RIM,20,19,257,235,597531.55
December 2011,SOMERSET,12,10,139,118,339017.13
December 2011,SOUTH BURNETT,18,18,366,366,1091618.21
December 2011,SOUTHERN DOWNS,19,18,402,392,1005766.19
December 2011,SUNSHINE COAST,77,74,2901,2806,10286132.31
December 2011,TABLELANDS,5,5,139,139,
December 2011,TOOWOOMBA,56,55,1555,1523,4925897.72
December 2011,TORRES,4,4,83,83,
December 2011,TOWNSVILLE,48,44,1747,1640,7382955.64
December 2011,WEIPA,3,3,59,59,
December 2011,WESTERN DOWNS,25,24,400,392,1039562.68
December 2011,WHITSUNDAY,19,19,442,438,1499771.05
December 2011,WINTON,4,4,33,33,
January 2012,BALONNE,5,5,89,86,
January 2012,BANANA,10,10,171,171,439893
January 2012,BARCALDINE,3,3,28,28,
January 2012,BLACKALL TAMBO,3,3,26,26,
January 2012,BRISBANE,221,212,9140,8731,33655677.9
January 2012,BUNDABERG,42,42,1206,1153,3920170.04
January 2012,BURDEKIN,8,6,163,163,490142.78
January 2012,CAIRNS,44,42,1691,1629,5536670.06
January 2012,CARPENTARIA,3,3,48,48,
January 2012,CASSOWARY COAST,15,14,374,351,1002368.84
January 2012,CENTRAL HIGHLANDS,19,17,414,372,1285532.13
January 2012,CHARTERS TOWERS,10,10,168,168,331204.87
January 2012,CLONCURRY,5,5,72,72,
January 2012,COOK,3,3,36,36,
January 2012,DOUGLAS,10,9,153,153,363950.23
January 2012,FLINDERS,2,2,28,28,
January 2012,FRASER COAST,40,38,1276,1196,3892558.93
January 2012,GLADSTONE,25,23,589,541,2545873.42
January 2012,GOLD COAST,133,127,5681,5451,20305036.23
January 2012,GOONDIWINDI,10,10,182,177,381664.62
January 2012,GYMPIE,19,19,387,387,1045682.29
January 2012,HINCHINBROOK,8,8,93,84,288492.64
January 2012,IPSWICH,42,39,1538,1394,5681162.18
January 2012,ISAAC,17,17,278,270,1109511.12
January 2012,LIVINGSTONE,12,11,293,283,954254.95
January 2012,LOCKYER VALLEY,19,19,295,295,847693.77
January 2012,LOGAN,42,40,2140,2089,10246430.81
January 2012,LONGREACH,5,4,67,57,
January 2012,MACKAY,44,44,1694,1605,5592646.36
January 2012,MARANOA,9,9,127,127,322128.78
January 2012,MAREEBA,7,7,186,186,495460.74
January 2012,MCKINLAY,2,1,21,10,
January 2012,MORETON BAY,67,65,3205,3150,12687913.34
January 2012,MOUNT ISA,8,6,492,420,1716010.69
January 2012,MURWEH,8,7,75,67,98180.35
January 2012,NOOSA,17,16,595,525,1840834.71
January 2012,NORTH BURNETT,9,9,94,94,154123.08
January 2012,PAROO,1,1,23,23,
January 2012,QUILPIE,1,1,6,6,
January 2012,REDLAND,30,29,1347,1321,4466357.4
January 2012,RICHMOND,1,1,8,8,
January 2012,ROCKHAMPTON,40,40,1068,1060,4004785.07
January 2012,SCENIC RIM,20,19,257,240,515784.49
January 2012,SOMERSET,12,12,139,127,306770.4
January 2012,SOUTH BURNETT,18,18,366,366,940009.6
January 2012,SOUTHERN DOWNS,19,18,402,392,900248.97
January 2012,SUNSHINE COAST,77,74,2901,2814,9678879.5
January 2012,TABLELANDS,5,5,139,139,
January 2012,TOOWOOMBA,56,54,1555,1505,4575810.15
January 2012,TORRES,4,4,83,83,
January 2012,TOWNSVILLE,48,44,1744,1641,6596270.12
January 2012,WEIPA,3,3,59,59,
January 2012,WESTERN DOWNS,25,25,400,400,881123.57
January 2012,WHITSUNDAY,19,19,442,437,1389697.6
January 2012,WINTON,4,4,33,33,
February 2012,BALONNE,5,5,89,86,
February 2012,BANANA,10,10,171,171,399619.56
February 2012,BARCALDINE,3,3,28,28,
February 2012,BLACKALL TAMBO,3,3,26,26,
February 2012,BRISBANE,221,212,9156,8733,32051274.86
February 2012,BUNDABERG,42,42,1206,1200,3507880.53
February 2012,BURDEKIN,8,6,163,163,448183.89
February 2012,CAIRNS,44,42,1691,1629,5291659.32
February 2012,CARPENTARIA,3,3,48,48,
February 2012,CASSOWARY COAST,15,14,374,351,909669.05
February 2012,CENTRAL HIGHLANDS,19,17,414,374,1454423.31
February 2012,CHARTERS TOWERS,10,10,168,168,321031.03
February 2012,CLONCURRY,5,5,72,72,
February 2012,COOK,3,3,36,36,
February 2012,DOUGLAS,10,9,153,153,285044.52
February 2012,FLINDERS,2,2,28,28,
February 2012,FRASER COAST,40,38,1276,1196,3646120.58
February 2012,GLADSTONE,25,23,589,541,2476115.26
February 2012,GOLD COAST,133,127,5663,5437,18948446.82
February 2012,GOONDIWINDI,10,10,182,177,325680.72
February 2012,GYMPIE,19,19,387,387,904832.66
February 2012,HINCHINBROOK,8,8,93,84,266025.73
February 2012,IPSWICH,42,39,1559,1394,5323588.77
February 2012,ISAAC,17,17,278,270,1153068.51
February 2012,LIVINGSTONE,12,11,293,283,887654.91
February 2012,LOCKYER VALLEY,19,19,295,295,690555.95
February 2012,LOGAN,42,41,2140,2129,9658185.46
February 2012,LONGREACH,5,5,67,67,
February 2012,MACKAY,44,44,1700,1679,5736331.52
February 2012,MARANOA,9,9,127,127,384483.24
February 2012,MAREEBA,7,7,186,186,498854.64
February 2012,MCKINLAY,2,1,21,10,
February 2012,MORETON BAY,67,65,3205,3150,11767134.81
February 2012,MOUNT ISA,8,6,492,420,1664035.76
February 2012,MURWEH,8,7,75,67,161058.93
February 2012,NOOSA,17,16,595,525,1682178.23
February 2012,NORTH BURNETT,9,9,94,94,175036.46
February 2012,PAROO,1,1,23,23,
February 2012,QUILPIE,1,1,6,6,
February 2012,REDLAND,30,29,1347,1321,4163112.38
February 2012,RICHMOND,1,1,8,8,
February 2012,ROCKHAMPTON,40,40,1075,1060,3803898.12
February 2012,SCENIC RIM,20,19,261,240,490565.88
February 2012,SOMERSET,12,12,139,127,293854.69
February 2012,SOUTH BURNETT,18,18,366,366,936356.45
February 2012,SOUTHERN DOWNS,19,18,411,392,947626.15
February 2012,SUNSHINE COAST,77,75,2904,2826,8615301.22
February 2012,TABLELANDS,5,5,143,139,
February 2012,TOOWOOMBA,56,54,1555,1510,4584501.56
February 2012,TORRES,4,4,83,83,
February 2012,TOWNSVILLE,48,44,1744,1641,6249955.39
February 2012,WEIPA,3,3,59,59,
February 2012,WESTERN DOWNS,25,25,407,400,993671.75
February 2012,WHITSUNDAY,19,19,438,438,1333516.5
February 2012,WINTON,4,4,33,33,
March 2012,BALONNE,5,5,89,86,
March 2012,BANANA,10,10,171,171,377196.86
March 2012,BARCALDINE,3,3,28,28,
March 2012,BLACKALL TAMBO,3,3,26,26,
March 2012,BRISBANE,220,213,9154,8768,35255795.51
March 2012,BUNDABERG,42,42,1262,1200,3904191.54
March 2012,BURDEKIN,7,6,163,163,519974.2
March 2012,CAIRNS,44,42,1691,1629,5938268.86
March 2012,CARPENTARIA,3,3,48,48,
March 2012,CASSOWARY COAST,15,14,374,351,1076578.37
March 2012,CENTRAL HIGHLANDS,19,17,414,374,1545134.45
March 2012,CHARTERS TOWERS,10,10,168,168,333082.98
March 2012,CLONCURRY,5,5,72,72,
March 2012,COOK,3,3,36,36,
March 2012,DOUGLAS,10,9,153,153,353323.37
March 2012,FLINDERS,2,2,28,28,
March 2012,FRASER COAST,40,38,1276,1196,4126038.27
March 2012,GLADSTONE,25,23,586,541,2826014.77
March 2012,GOLD COAST,133,127,5663,5451,20582099.07
March 2012,GOONDIWINDI,10,10,182,177,382683.43
March 2012,GYMPIE,19,19,387,387,998793.52
March 2012,HINCHINBROOK,8,8,93,84,293146.22
March 2012,IPSWICH,42,39,1559,1394,6057248.73
March 2012,ISAAC,17,17,280,270,1296084.09
March 2012,LIVINGSTONE,12,11,293,283,967920.86
March 2012,LOCKYER VALLEY,19,19,295,295,820463.36
March 2012,LOGAN,42,41,2145,2123,10881442.84
March 2012,LONGREACH,5,5,67,67,
March 2012,MACKAY,44,44,1700,1679,6408479
March 2012,MARANOA,9,9,127,127,413423.1
March 2012,MAREEBA,7,7,186,186,534072.79
March 2012,MCKINLAY,1,1,10,10,
March 2012,MORETON BAY,68,65,3209,3150,13275150.28
March 2012,MOUNT ISA,8,6,492,420,1835423.04
March 2012,MURWEH,8,7,75,67,136706.2
March 2012,NOOSA,17,16,595,525,1916596.96
March 2012,NORTH BURNETT,9,9,94,94,219207.61
March 2012,PAROO,1,1,23,23,
March 2012,QUILPIE,1,1,6,6,
March 2012,REDLAND,30,29,1347,1321,4592550.75
March 2012,RICHMOND,1,1,8,8,
March 2012,ROCKHAMPTON,40,39,1075,1056,4223326.83
March 2012,SCENIC RIM,20,19,261,240,558349.16
March 2012,SOMERSET,12,12,139,127,312274.05
March 2012,SOUTH BURNETT,18,18,363,362,989960.7
March 2012,SOUTHERN DOWNS,19,17,411,379,1091151.08
March 2012,SUNSHINE COAST,76,75,2899,2827,9466647.66
March 2012,TABLELANDS,5,5,143,139,
March 2012,TOOWOOMBA,56,54,1555,1510,5101325.63
March 2012,TORRES,4,4,83,83,
March 2012,TOWNSVILLE,47,44,1744,1627,6968845.62
March 2012,WEIPA,3,3,59,59,
March 2012,WESTERN DOWNS,25,25,407,400,1094412
March 2012,WHITSUNDAY,19,19,432,438,1458097.28
March 2012,WINTON,4,4,33,33,
April 2012,BALONNE,5,5,89,86,
April 2012,BANANA,10,10,171,171,411957.84
April 2012,BARCALDINE,3,3,28,28,
April 2012,BLACKALL TAMBO,3,3,26,26,
April 2012,BRISBANE,220,214,9169,8857,32615720.01
April 2012,BUNDABERG,42,42,1262,1200,3683419.24
April 2012,BURDEKIN,7,6,163,163,473348.91
April 2012,CAIRNS,44,42,1691,1628,5558058.29
April 2012,CARPENTARIA,3,3,48,48,
April 2012,CASSOWARY COAST,15,14,374,351,938984.2
April 2012,CENTRAL HIGHLANDS,19,17,414,375,1383674.83
April 2012,CHARTERS TOWERS,10,10,168,168,267980.98
April 2012,CLONCURRY,5,5,72,72,
April 2012,COOK,3,3,36,36,
April 2012,DOUGLAS,10,9,153,153,332137.79
April 2012,FLINDERS,2,2,28,28,
April 2012,FRASER COAST,40,38,1276,1196,3939292.5
April 2012,GLADSTONE,25,23,586,546,2753526.56
April 2012,GOLD COAST,133,126,5666,5431,19158102.73
April 2012,GOONDIWINDI,10,9,182,137,339431.38
April 2012,GYMPIE,19,19,387,387,988155.54
April 2012,HINCHINBROOK,8,8,93,84,288404.17
April 2012,IPSWICH,42,39,1553,1394,5632343.62
April 2012,ISAAC,17,17,280,270,1174604.62
April 2012,LIVINGSTONE,12,11,293,283,903925.66
April 2012,LOCKYER VALLEY,19,19,295,295,801394.9
April 2012,LOGAN,42,41,2145,2123,9994610.22
April 2012,LONGREACH,5,5,67,67,
April 2012,MACKAY,44,44,1700,1679,5875157.02
April 2012,MARANOA,9,9,127,127,375291.85
April 2012,MAREEBA,7,7,186,186,514515.71
April 2012,MCKINLAY,1,1,10,10,
April 2012,MORETON BAY,68,65,3208,3150,12536053.68
April 2012,MOUNT ISA,8,6,477,411,1769212.46
April 2012,MURWEH,8,7,75,67,106802.16
April 2012,NOOSA,17,16,600,525,1767367.21
April 2012,NORTH BURNETT,9,9,94,94,197505.57
April 2012,PAROO,1,1,23,23,
April 2012,QUILPIE,1,1,6,6,
April 2012,REDLAND,30,29,1347,1321,4552288.64
April 2012,RICHMOND,1,1,8,8,
April 2012,ROCKHAMPTON,40,39,1075,1060,3958182.71
April 2012,SCENIC RIM,20,19,261,240,538587.64
April 2012,SOMERSET,12,12,139,127,299598.96
April 2012,SOUTH BURNETT,18,18,363,363,938413.93
April 2012,SOUTHERN DOWNS,19,17,411,379,1004253.77
April 2012,SUNSHINE COAST,76,75,2899,2827,9112084.44
April 2012,TABLELANDS,5,5,143,139,
April 2012,TOOWOOMBA,56,54,1555,1511,4601443.47
April 2012,TORRES,4,4,83,83,
April 2012,TOWNSVILLE,47,44,1749,1627,6588028.77
April 2012,WEIPA,3,3,59,59,
April 2012,WESTERN DOWNS,25,25,411,400,1046631.87
April 2012,WHITSUNDAY,19,19,438,438,1414776.91
April 2012,WINTON,4,4,33,33,
May 2012,BALONNE,5,5,89,86,
May 2012,BANANA,10,10,171,171,426314.5
May 2012,BARCALDINE,3,3,28,28,
May 2012,BLACKALL TAMBO,3,3,26,26,
May 2012,BRISBANE,220,214,9199,8848,35108809.95
May 2012,BUNDABERG,42,42,1256,1200,3963336.93
May 2012,BURDEKIN,7,6,163,163,537772.49
May 2012,CAIRNS,43,42,1672,1629,6236963.43
May 2012,CARPENTARIA,3,3,48,48,
May 2012,CASSOWARY COAST,15,14,374,353,1119908.66
May 2012,CENTRAL HIGHLANDS,19,17,414,357,1583487.95
May 2012,CHARTERS TOWERS,10,10,168,168,319068.8
May 2012,CLONCURRY,5,5,72,72,
May 2012,COOK,3,3,36,36,
May 2012,DOUGLAS,10,9,153,153,437086.51
May 2012,FLINDERS,2,2,28,28,
May 2012,FRASER COAST,39,38,1236,1196,4074156.73
May 2012,GLADSTONE,25,23,586,546,2978633.5
May 2012,GOLD COAST,133,127,5696,5450,20469515.67
May 2012,GOONDIWINDI,10,9,182,139,375363.35
May 2012,GYMPIE,19,19,387,387,1091260.19
May 2012,HINCHINBROOK,8,8,93,93,314307.34
May 2012,IPSWICH,42,39,1563,1371,5832241.67
May 2012,ISAAC,17,17,280,278,1359475.85
May 2012,LIVINGSTONE,12,11,293,283,925496.23
May 2012,LOCKYER VALLEY,19,19,295,295,792168.4
May 2012,LOGAN,42,41,2150,2123,10746694.6
May 2012,LONGREACH,5,5,67,67,
May 2012,MACKAY,44,43,1710,1675,6356778.11
May 2012,MARANOA,9,9,127,127,457076.18
May 2012,MAREEBA,7,7,186,186,468369.8
May 2012,MCKINLAY,1,1,10,10,
May 2012,MORETON BAY,68,65,3218,3101,13151401.75
May 2012,MOUNT ISA,8,6,472,429,1939353.37
May 2012,MURWEH,8,7,75,67,142109.66
May 2012,NOOSA,16,16,540,525,1890633.88
May 2012,NORTH BURNETT,9,9,94,94,235099.14
May 2012,PAROO,1,1,23,23,
May 2012,QUILPIE,1,1,6,6,
May 2012,REDLAND,30,29,1340,1309,4550279.28
May 2012,RICHMOND,1,1,8,8,
May 2012,ROCKHAMPTON,40,39,1077,1061,4222669.4
May 2012,SCENIC RIM,20,19,261,240,561221.47
May 2012,SOMERSET,12,12,139,127,302799.81
May 2012,SOUTH BURNETT,18,18,363,363,996452.1
May 2012,SOUTHERN DOWNS,19,17,411,379,986091.09
May 2012,SUNSHINE COAST,76,74,2904,2820,9215041.66
May 2012,TABLELANDS,5,5,143,139,
May 2012,TOOWOOMBA,56,55,1560,1532,4817025.9
May 2012,TORRES,4,4,83,83,
May 2012,TOWNSVILLE,47,44,1759,1601,7056881.26
May 2012,WEIPA,3,3,59,59,
May 2012,WESTERN DOWNS,25,25,411,400,1146261.9
May 2012,WHITSUNDAY,19,19,443,438,1665408.05
May 2012,WINTON,4,4,33,33,
June 2012,BALONNE,5,5,89,86,
June 2012,BANANA,10,10,171,171,547654.03
June 2012,BARCALDINE,3,3,28,28,
June 2012,BLACKALL TAMBO,3,3,26,26,
June 2012,BRISBANE,220,212,9186,8824,36060805.38
June 2012,BUNDABERG,42,41,1253,1193,4081797.33
June 2012,BURDEKIN,7,6,163,163,547241.74
June 2012,CAIRNS,43,41,1682,1615,6437379.74
June 2012,CARPENTARIA,3,3,48,48,
June 2012,CASSOWARY COAST,15,14,374,351,1066770.71
June 2012,CENTRAL HIGHLANDS,19,17,414,357,1670523.02
June 2012,CHARTERS TOWERS,10,10,168,168,394435.41
June 2012,CLONCURRY,5,5,72,72,
June 2012,COOK,3,3,36,36,
June 2012,DOUGLAS,9,9,153,153,437247.02
June 2012,FLINDERS,2,2,28,28,
June 2012,FRASER COAST,39,37,1251,1183,4260191.59
June 2012,GLADSTONE,25,24,586,552,3054439.96
June 2012,GOLD COAST,133,127,5724,5450,21289569.31
June 2012,GOONDIWINDI,10,9,182,139,435023.32
June 2012,GYMPIE,19,19,373,373,1104072.16
June 2012,HINCHINBROOK,8,8,93,93,328168.46
June 2012,IPSWICH,42,40,1563,1478,6033834.42
June 2012,ISAAC,17,17,315,278,1371494.35
June 2012,LIVINGSTONE,12,11,293,283,989838.03
June 2012,LOCKYER VALLEY,19,19,295,295,851948.38
June 2012,LOGAN,42,41,2175,2123,11230199.68
June 2012,LONGREACH,5,5,67,67,
June 2012,MACKAY,44,43,1710,1681,6410569.55
June 2012,MARANOA,9,9,127,127,458706.58
June 2012,MAREEBA,7,7,186,186,608304.51
June 2012,MCKINLAY,1,1,10,10,
June 2012,MORETON BAY,68,65,3220,3109,13728448.29
June 2012,MOUNT ISA,8,6,472,428,2082019.93
June 2012,MURWEH,8,7,75,67,171483.14
June 2012,NOOSA,16,16,540,525,1982556.32
June 2012,NORTH BURNETT,9,9,94,94,264915.98
June 2012,PAROO,1,1,23,23,
June 2012,QUILPIE,1,1,6,6,
June 2012,REDLAND,30,29,1350,1309,4781415.75
June 2012,RICHMOND,1,1,8,8,
June 2012,ROCKHAMPTON,40,39,1078,1057,4524146.05
June 2012,SCENIC RIM,20,19,261,240,608545.2
June 2012,SOMERSET,12,12,139,127,315085.19
June 2012,SOUTH BURNETT,18,18,363,363,1024354.77
June 2012,SOUTHERN DOWNS,19,17,411,379,919159.72
June 2012,SUNSHINE COAST,76,74,2911,2820,10065059.56
June 2012,TABLELANDS,5,5,143,139,
June 2012,TOOWOOMBA,56,54,1565,1514,5069471.71
June 2012,TORRES,4,4,83,83,
June 2012,TOWNSVILLE,47,44,1764,1602,7394334.84
June 2012,WEIPA,3,3,59,59,
June 2012,WESTERN DOWNS,25,25,411,400,1302544.48
June 2012,WHITSUNDAY,19,19,443,438,1847770.52
June 2012,WINTON,4,4,33,33,
July 2012,BALONNE,5,5,89,86,
July 2012,BANANA,10,10,171,171,588541.54
July 2012,BARCALDINE,3,3,28,28,
July 2012,BLACKALL TAMBO,3,3,26,26,
July 2012,BRISBANE,219,210,9208,8765,37442341.96
July 2012,BUNDABERG,42,41,1253,1193,4420414.9
July 2012,BURDEKIN,7,6,163,163,638177.48
July 2012,CAIRNS,43,41,1682,1615,7262431.18
July 2012,CARPENTARIA,3,3,48,48,
July 2012,CASSOWARY COAST,15,13,374,343,1157790.85
July 2012,CENTRAL HIGHLANDS,18,17,414,357,1623834.17
July 2012,CHARTERS TOWERS,10,10,168,168,382786.55
July 2012,CLONCURRY,5,5,72,72,
July 2012,COOK,3,3,36,36,
July 2012,DOUGLAS,9,9,153,153,484574.65
July 2012,FLINDERS,2,2,28,28,
July 2012,FRASER COAST,39,37,1242,1183,4584784.99
July 2012,GLADSTONE,25,24,586,580,3139346.79
July 2012,GOLD COAST,133,127,5739,5451,22200369.8
July 2012,GOONDIWINDI,10,9,182,139,445281.76
July 2012,GYMPIE,19,19,373,373,1191275.54
July 2012,HINCHINBROOK,8,8,93,93,332553.14
July 2012,IPSWICH,42,39,1568,1519,7159123.59
July 2012,ISAAC,17,17,315,278,1316587.13
July 2012,LIVINGSTONE,12,11,293,283,1031108.19
July 2012,LOCKYER VALLEY,19,19,295,295,937141.02
July 2012,LOGAN,42,41,2185,2128,12526174.71
July 2012,LONGREACH,5,4,67,57,
July 2012,MACKAY,44,43,1723,1686,6687517.23
July 2012,MARANOA,9,9,127,127,487941.2
July 2012,MAREEBA,7,7,186,186,636127.66
July 2012,MCKINLAY,1,1,10,10,
July 2012,MORETON BAY,67,66,3218,3146,14319411.25
July 2012,MOUNT ISA,8,6,472,435,2142328.37
July 2012,MURWEH,8,7,75,67,141781.97
July 2012,NOOSA,16,16,540,525,2050022.43
July 2012,NORTH BURNETT,9,9,94,94,275649.12
July 2012,PAROO,1,1,23,23,
July 2012,QUILPIE,1,1,6,6,
July 2012,REDLAND,30,29,1350,1308,4890555.39
July 2012,RICHMOND,1,1,8,8,
July 2012,ROCKHAMPTON,40,39,1078,1057,4879721.63
July 2012,SCENIC RIM,20,19,261,240,636795.54
July 2012,SOMERSET,12,12,143,127,376641.41
July 2012,SOUTH BURNETT,18,18,363,363,1075026.71
July 2012,SOUTHERN DOWNS,19,16,411,372,1052038.89
July 2012,SUNSHINE COAST,77,74,2951,2830,10459185.04
July 2012,TABLELANDS,5,5,143,139,
July 2012,TOOWOOMBA,56,55,1569,1527,5320486.53
July 2012,TORRES,4,4,83,83,
July 2012,TOWNSVILLE,47,44,1764,1607,8162538.45
July 2012,WEIPA,3,3,59,59,
July 2012,WESTERN DOWNS,25,25,411,400,1272488.74
July 2012,WHITSUNDAY,19,19,443,438,1945646.54
July 2012,WINTON,4,4,33,33,
August 2012,BALONNE,5,5,89,86,
August 2012,BANANA,10,10,171,171,561574.8
August 2012,BARCALDINE,3,3,28,28,
August 2012,BLACKALL TAMBO,3,3,26,26,
August 2012,BRISBANE,219,209,9198,8762,39150305.17
August 2012,BUNDABERG,42,41,1260,1201,4556875.16
August 2012,BURDEKIN,7,6,163,163,629772.05
August 2012,CAIRNS,43,41,1694,1615,7824454.48
August 2012,CARPENTARIA,3,3,48,48,
August 2012,CASSOWARY COAST,15,13,374,343,1236783.79
August 2012,CENTRAL HIGHLANDS,18,17,414,357,1674666.78
August 2012,CHARTERS TOWERS,10,10,168,168,439959.59
August 2012,CLONCURRY,5,5,72,72,
August 2012,COOK,3,3,36,36,
August 2012,DOUGLAS,9,9,153,153,577500.36
August 2012,FLINDERS,2,2,28,28,
August 2012,FRASER COAST,39,37,1247,1183,4593389.95
August 2012,GLADSTONE,25,24,586,581,3475831.21
August 2012,GOLD COAST,133,127,5771,5451,23411966.46
August 2012,GOONDIWINDI,10,9,182,139,450294.16
August 2012,GYMPIE,19,19,373,373,1186623.3
August 2012,HINCHINBROOK,8,8,93,93,348570.41
August 2012,IPSWICH,41,39,1568,1524,7241579.65
August 2012,ISAAC,17,17,315,278,1509831.45
August 2012,LIVINGSTONE,12,11,293,283,1041417.36
August 2012,LOCKYER VALLEY,19,19,295,295,938968.65
August 2012,LOGAN,42,41,2185,2133,13017811.18
August 2012,LONGREACH,5,4,67,57,
August 2012,MACKAY,44,43,1699,1686,6944710.33
August 2012,MARANOA,9,9,134,127,490435.12
August 2012,MAREEBA,7,7,186,186,657661.4
August 2012,MCKINLAY,1,1,10,10,
August 2012,MORETON BAY,67,66,3223,3146,15457916.72
August 2012,MOUNT ISA,7,6,456,435,2358401.22
August 2012,MURWEH,8,7,75,67,159245.99
August 2012,NOOSA,16,16,540,525,2125167.03
August 2012,NORTH BURNETT,9,9,94,94,254546.64
August 2012,PAROO,1,1,23,23,
August 2012,QUILPIE,1,1,6,6,
August 2012,REDLAND,30,29,1350,1308,5340547.42
August 2012,RICHMOND,1,1,8,8,
August 2012,ROCKHAMPTON,40,39,1078,1057,4947036.37
August 2012,SCENIC RIM,20,19,261,240,696534.27
August 2012,SOMERSET,12,12,143,127,411584.36
August 2012,SOUTH BURNETT,18,18,363,363,1200243.31
August 2012,SOUTHERN DOWNS,19,16,411,372,1048077.05
August 2012,SUNSHINE COAST,77,74,2929,2836,10993293.11
August 2012,TABLELANDS,5,5,143,139,
August 2012,TOOWOOMBA,56,54,1569,1505,5799276.01
August 2012,TORRES,4,4,83,83,
August 2012,TOWNSVILLE,47,44,1764,1588,8619411.07
August 2012,WEIPA,3,3,59,59,
August 2012,WESTERN DOWNS,25,25,411,400,1313249.08
August 2012,WHITSUNDAY,19,19,443,438,2081258.35
August 2012,WINTON,4,4,33,33,
September 2012,BALONNE,5,5,86,86,
September 2012,BANANA,10,10,171,171,528168.44
September 2012,BARCALDINE,3,3,28,28,
September 2012,BLACKALL TAMBO,3,3,26,26,
September 2012,BRISBANE,218,209,9209,8753,35747900.56
September 2012,BUNDABERG,42,41,1260,1201,4187360.99
September 2012,BURDEKIN,7,6,163,163,573984.39
September 2012,CAIRNS,43,41,1694,1627,6625382.38
September 2012,CARPENTARIA,3,3,48,48,
September 2012,CASSOWARY COAST,15,13,370,343,1083536.93
September 2012,CENTRAL HIGHLANDS,18,17,409,357,1529121.97
September 2012,CHARTERS TOWERS,10,10,168,168,363612.64
September 2012,CLONCURRY,5,5,72,72,
September 2012,COOK,3,3,36,36,
September 2012,DOUGLAS,9,9,153,153,447881.04
September 2012,FLINDERS,2,2,28,28,
September 2012,FRASER COAST,38,37,1247,1186,4258149.42
September 2012,GLADSTONE,25,24,586,581,3324058.28
September 2012,GOLD COAST,133,127,5729,5451,21773175.1
September 2012,GOONDIWINDI,10,9,182,139,401845.36
September 2012,GYMPIE,19,19,373,373,1097088.18
September 2012,HINCHINBROOK,8,8,93,93,338373.09
September 2012,IPSWICH,41,39,1568,1524,6244645.57
September 2012,ISAAC,17,17,315,278,1285241.42
September 2012,LIVINGSTONE,12,11,293,283,988448.12
September 2012,LOCKYER VALLEY,19,19,295,295,941564.67
September 2012,LOGAN,42,41,2185,2133,11636176.73
September 2012,LONGREACH,5,4,67,57,
September 2012,MACKAY,44,42,1699,1670,6582865
September 2012,MARANOA,9,9,134,127,541085.58
September 2012,MAREEBA,7,7,186,186,535461.87
September 2012,MCKINLAY,1,1,10,10,
September 2012,MORETON BAY,67,66,3223,3146,13817739.23
September 2012,MOUNT ISA,7,6,456,434,2050587.42
September 2012,MURWEH,8,7,75,67,160439.09
September 2012,NOOSA,16,16,540,525,1932867.76
September 2012,NORTH BURNETT,9,9,94,94,236333.5
September 2012,PAROO,1,1,23,23,
September 2012,QUILPIE,1,1,6,6,
September 2012,REDLAND,30,29,1350,1308,4673441.35
September 2012,RICHMOND,1,1,8,8,
September 2012,ROCKHAMPTON,40,39,1078,1057,4241323.67
September 2012,SCENIC RIM,20,19,261,240,557974.06
September 2012,SOMERSET,12,12,143,127,339466.88
September 2012,SOUTH BURNETT,18,18,363,343,992605.75
September 2012,SOUTHERN DOWNS,19,16,411,372,933321.71
September 2012,SUNSHINE COAST,77,74,2929,2814,10225875.92
September 2012,TABLELANDS,5,5,143,139,
September 2012,TOOWOOMBA,56,54,1569,1506,5189806.63
September 2012,TORRES,4,4,83,83,
September 2012,TOWNSVILLE,47,44,1764,1588,7545286.96
September 2012,WEIPA,3,3,59,59,
September 2012,WESTERN DOWNS,25,24,411,373,1210603.79
September 2012,WHITSUNDAY,19,19,443,438,1924251.75
September 2012,WINTON,4,3,33,13,
October 2012,BALONNE,5,5,86,86,
October 2012,BANANA,10,10,171,171,539220.08
October 2012,BARCALDINE,3,3,28,28,
October 2012,BLACKALL TAMBO,3,3,26,26,
October 2012,BRISBANE,217,208,9219,8757,36567773.02
October 2012,BUNDABERG,41,41,1260,1201,4041706.04
October 2012,BURDEKIN,7,6,163,163,641363.17
October 2012,CAIRNS,43,41,1694,1628,6944286.54
October 2012,CARPENTARIA,3,3,48,48,
October 2012,CASSOWARY COAST,15,13,370,343,1034000.85
October 2012,CENTRAL HIGHLANDS,19,17,429,354,1488159.81
October 2012,CHARTERS TOWERS,10,10,166,166,378580.91
October 2012,CLONCURRY,5,5,72,72,
October 2012,COOK,3,3,36,36,
October 2012,DOUGLAS,9,9,153,153,449149.26
October 2012,FLINDERS,2,2,28,28,
October 2012,FRASER COAST,38,37,1247,1186,4310206.8
October 2012,GLADSTONE,25,24,586,581,3096264.45
October 2012,GOLD COAST,133,127,5737,5448,21884932.78
October 2012,GOONDIWINDI,10,9,182,139,382465.33
October 2012,GYMPIE,19,19,373,373,1144943.63
October 2012,HINCHINBROOK,8,8,93,93,372702.92
October 2012,IPSWICH,41,39,1568,1524,6303884.36
October 2012,ISAAC,17,17,315,278,1326644.35
October 2012,LIVINGSTONE,12,11,293,283,1054751.07
October 2012,LOCKYER VALLEY,19,19,295,295,860552.15
October 2012,LOGAN,42,41,2186,2130,11476690.84
October 2012,LONGREACH,5,4,67,57,
October 2012,MACKAY,43,42,1699,1672,6953348.02
October 2012,MARANOA,9,9,134,127,480328.29
October 2012,MAREEBA,7,7,186,186,555030.45
October 2012,MCKINLAY,1,1,10,10,
October 2012,MORETON BAY,67,66,3223,3153,14344489.73
October 2012,MOUNT ISA,7,6,456,435,2108637.11
October 2012,MURWEH,8,7,75,67,139798.07
October 2012,NOOSA,16,16,540,525,2022739.62
October 2012,NORTH BURNETT,9,9,94,94,227864.74
October 2012,PAROO,1,1,23,23,
October 2012,QUILPIE,1,1,6,6,
October 2012,REDLAND,30,29,1351,1308,5076652.02
October 2012,RICHMOND,1,1,8,8,
October 2012,ROCKHAMPTON,41,40,1090,1059,4440303.49
October 2012,SCENIC RIM,20,19,261,240,630915.34
October 2012,SOMERSET,12,12,140,127,364454.66
October 2012,SOUTH BURNETT,18,18,343,343,1071899.86
October 2012,SOUTHERN DOWNS,19,16,411,372,956407.98
October 2012,SUNSHINE COAST,77,74,2929,2832,10525146.32
October 2012,TABLELANDS,5,5,143,139,
October 2012,TOOWOOMBA,56,54,1569,1506,5260631.33
October 2012,TORRES,4,4,83,83,
October 2012,TOWNSVILLE,46,44,1724,1704,7649182.58
October 2012,WEIPA,3,3,59,59,
October 2012,WESTERN DOWNS,25,24,411,380,1310803.28
October 2012,WHITSUNDAY,19,19,443,438,1836351.23
October 2012,WINTON,4,3,33,13,
November 2012,BALONNE,5,5,86,86,
November 2012,BANANA,10,10,171,171,461345.74
November 2012,BARCALDINE,3,3,28,28,
November 2012,BLACKALL TAMBO,3,3,26,26,
November 2012,BRISBANE,216,208,9172,8741,35832534.11
November 2012,BUNDABERG,41,40,1255,1200,4047115.16
November 2012,BURDEKIN,6,6,163,163,591539.48
November 2012,CAIRNS,43,40,1694,1628,6549343.02
November 2012,CARPENTARIA,3,3,48,48,
November 2012,CASSOWARY COAST,15,13,370,343,1109488.83
November 2012,CENTRAL HIGHLANDS,19,17,434,375,1386265.22
November 2012,CHARTERS TOWERS,10,10,166,166,408453.09
November 2012,CLONCURRY,5,5,72,72,
November 2012,COOK,3,3,36,36,
November 2012,DOUGLAS,9,9,153,153,427358.61
November 2012,FLINDERS,2,2,28,28,
November 2012,FRASER COAST,37,37,1207,1187,4407591.05
November 2012,GLADSTONE,25,24,586,581,3435258.83
November 2012,GOLD COAST,131,127,5712,5438,21569798.42
November 2012,GOONDIWINDI,10,9,179,139,441381.61
November 2012,GYMPIE,19,18,333,333,1174744.06
November 2012,HINCHINBROOK,8,8,93,93,327362.47
November 2012,IPSWICH,41,39,1568,1524,6243900.27
November 2012,ISAAC,17,17,315,278,1268959.5
November 2012,LIVINGSTONE,12,11,293,283,1017107.11
November 2012,LOCKYER VALLEY,19,19,292,295,856537.2
November 2012,LOGAN,42,41,2186,2130,11314104.33
November 2012,LONGREACH,5,4,67,57,
November 2012,MACKAY,43,42,1699,1671,6428218.72
November 2012,MARANOA,9,9,134,126,478861.03
November 2012,MAREEBA,7,7,186,186,540733.19
November 2012,MCKINLAY,1,1,10,10,
November 2012,MORETON BAY,66,66,3213,3154,13704105.66
November 2012,MOUNT ISA,7,6,456,435,2047751.36
November 2012,MURWEH,8,6,75,57,146444
November 2012,NOOSA,16,16,540,521,1834460.65
November 2012,NORTH BURNETT,9,9,94,94,238051.78
November 2012,PAROO,1,1,23,23,
November 2012,QUILPIE,1,1,6,6,
November 2012,REDLAND,30,29,1350,1308,4730130.77
November 2012,RICHMOND,1,1,8,8,
November 2012,ROCKHAMPTON,41,40,1090,1059,4288100.23
November 2012,SCENIC RIM,19,19,261,240,529008.4
November 2012,SOMERSET,12,12,140,131,359691.34
November 2012,SOUTH BURNETT,18,18,343,343,948813.98
November 2012,SOUTHERN DOWNS,19,16,406,372,923684.83
November 2012,SUNSHINE COAST,76,74,2960,2843,10109762.11
November 2012,TABLELANDS,5,5,143,139,
November 2012,TOOWOOMBA,56,55,1566,1534,5249145.14
November 2012,TORRES,4,4,83,83,
November 2012,TOWNSVILLE,44,44,1714,1704,7420335.18
November 2012,WEIPA,3,3,59,59,
November 2012,WESTERN DOWNS,25,24,411,380,1269796.33
November 2012,WHITSUNDAY,19,19,443,438,1772522.18
November 2012,WINTON,4,3,33,13,
December 2012,BALONNE,5,5,86,86,
December 2012,BANANA,10,10,171,171,382911.8
December 2012,BARCALDINE,3,3,28,28,
December 2012,BLACKALL TAMBO,3,3,26,26,
December 2012,BRISBANE,216,207,9135,8764,35795565.38
December 2012,BUNDABERG,41,40,1255,1200,4235928.86
December 2012,BURDEKIN,6,6,163,163,628299.24
December 2012,CAIRNS,43,40,1694,1629,6569022.97
December 2012,CARPENTARIA,3,3,48,48,
December 2012,CASSOWARY COAST,15,13,370,343,1120762.98
December 2012,CENTRAL HIGHLANDS,19,17,434,375,1398609.82
December 2012,CHARTERS TOWERS,10,10,166,166,372758.54
December 2012,CLONCURRY,5,5,72,72,
December 2012,COOK,3,3,36,36,
December 2012,DOUGLAS,9,9,153,153,379334.27
December 2012,FLINDERS,2,2,28,28,
December 2012,FRASER COAST,37,37,1207,1187,4468821.2
December 2012,GLADSTONE,25,25,586,586,3259819.44
December 2012,GOLD COAST,131,128,5702,5493,21397696.53
December 2012,GOONDIWINDI,10,9,179,139,406299.35
December 2012,GYMPIE,19,18,333,333,1068148.1
December 2012,HINCHINBROOK,8,8,93,93,284583.07
December 2012,IPSWICH,41,39,1554,1524,6513872.97
December 2012,ISAAC,17,17,315,278,1194544.97
December 2012,LIVINGSTONE,12,11,293,283,1042371.39
December 2012,LOCKYER VALLEY,19,19,292,292,860919.59
December 2012,LOGAN,42,41,2186,2148,11563597.85
December 2012,LONGREACH,5,4,67,57,
December 2012,MACKAY,43,42,1699,1672,6518223.26
December 2012,MARANOA,9,9,134,127,475940.49
December 2012,MAREEBA,7,7,186,186,566429.12
December 2012,MCKINLAY,1,1,10,10,
December 2012,MORETON BAY,66,65,3213,3180,14255055.97
December 2012,MOUNT ISA,7,6,456,435,1995597.99
December 2012,MURWEH,8,6,75,57,123061.24
December 2012,NOOSA,16,16,540,526,1921711.11
December 2012,NORTH BURNETT,9,9,94,94,246360.9
December 2012,PAROO,1,1,23,23,
December 2012,QUILPIE,1,1,6,6,
December 2012,REDLAND,29,29,1327,1313,5067571.73
December 2012,RICHMOND,1,1,8,8,
December 2012,ROCKHAMPTON,41,40,1090,1064,4435060.15
December 2012,SCENIC RIM,19,19,261,240,560952.46
December 2012,SOMERSET,12,12,140,131,333110.15
December 2012,SOUTH BURNETT,18,18,343,343,1029358.53
December 2012,SOUTHERN DOWNS,19,16,401,367,1025591.58
December 2012,SUNSHINE COAST,76,74,3012,2841,10369496.6
December 2012,TABLELANDS,5,5,143,139,
December 2012,TOOWOOMBA,56,55,1566,1535,5325629.56
December 2012,TORRES,4,4,83,83,
December 2012,TOWNSVILLE,44,44,1714,1699,7585722.36
December 2012,WEIPA,3,3,59,59,
December 2012,WESTERN DOWNS,25,24,411,380,1164135.43
December 2012,WHITSUNDAY,19,19,443,438,1575854.02
December 2012,WINTON,4,3,33,13,
January 2013,BALONNE,5,5,86,86,
January 2013,BANANA,10,10,171,171,416761.62
January 2013,BARCALDINE,3,3,28,28,
January 2013,BLACKALL TAMBO,3,3,26,26,
January 2013,BRISBANE,214,207,9135,8771,33453052.02
January 2013,BUNDABERG,40,40,1255,1200,3842038.16
January 2013,BURDEKIN,6,6,163,163,574611
January 2013,CAIRNS,43,40,1694,1634,6232714.88
January 2013,CARPENTARIA,3,3,48,48,
January 2013,CASSOWARY COAST,15,13,370,343,974093.49
January 2013,CENTRAL HIGHLANDS,19,18,434,388,1331139.37
January 2013,CHARTERS TOWERS,10,10,166,166,344785.92
January 2013,CLONCURRY,5,5,72,72,
January 2013,COOK,3,3,36,36,
January 2013,DOUGLAS,9,9,153,153,400588.76
January 2013,FLINDERS,2,2,28,28,
January 2013,FRASER COAST,37,37,1207,1188,4145058.69
January 2013,GLADSTONE,25,25,586,586,2847460.19
January 2013,GOLD COAST,131,127,5702,5483,21084523.99
January 2013,GOONDIWINDI,10,9,179,139,390629.56
January 2013,GYMPIE,18,18,333,333,1054727.97
January 2013,HINCHINBROOK,8,8,93,93,269544.86
January 2013,IPSWICH,41,39,1554,1524,6051719.21
January 2013,ISAAC,17,17,315,278,1068530.81
January 2013,LIVINGSTONE,12,11,293,283,921203.45
January 2013,LOCKYER VALLEY,19,18,292,287,796632.83
January 2013,LOGAN,42,41,2186,2150,10736294.98
January 2013,LONGREACH,5,4,67,57,
January 2013,MACKAY,43,42,1699,1672,5874976.99
January 2013,MARANOA,9,9,134,127,442417.89
January 2013,MAREEBA,7,7,186,186,521205.06
January 2013,MCKINLAY,1,1,10,10,
January 2013,MORETON BAY,65,65,3213,3180,13466318.03
January 2013,MOUNT ISA,7,6,456,435,1883716.64
January 2013,MURWEH,8,5,75,50,
January 2013,NOOSA,16,16,540,526,1831609.95
January 2013,NORTH BURNETT,9,9,94,94,166246.6
January 2013,PAROO,1,1,23,23,
January 2013,QUILPIE,1,1,6,6,
January 2013,REDLAND,29,29,1327,1319,4710749.61
January 2013,RICHMOND,1,1,8,8,
January 2013,ROCKHAMPTON,41,40,1090,1069,3902812.31
January 2013,SCENIC RIM,19,19,261,244,501540.45
January 2013,SOMERSET,12,12,140,131,346435.38
January 2013,SOUTH BURNETT,18,18,343,343,949458.48
January 2013,SOUTHERN DOWNS,19,15,401,362,956812.63
January 2013,SUNSHINE COAST,76,74,3012,2841,10150725.75
January 2013,TABLELANDS,5,5,143,139,
January 2013,TOOWOOMBA,56,55,1566,1539,4814796.42
January 2013,TORRES,4,4,83,83,
January 2013,TOWNSVILLE,44,44,1709,1709,6783258.98
January 2013,WEIPA,3,3,59,59,
January 2013,WESTERN DOWNS,25,24,411,380,1086407.99
January 2013,WHITSUNDAY,19,19,443,438,1499236.34
January 2013,WINTON,4,3,33,13,
February 2013,BALONNE,5,5,86,86,
February 2013,BANANA,10,10,171,171,428656.41
February 2013,BARCALDINE,3,3,28,28,
February 2013,BLACKALL TAMBO,3,3,26,26,
February 2013,BRISBANE,214,207,9158,8769,31976017.05
February 2013,BUNDABERG,40,36,1262,1099,4094626.47
February 2013,BURDEKIN,6,6,163,163,494373.52
February 2013,CAIRNS,44,40,1767,1634,5484066.07
February 2013,CARPENTARIA,3,3,48,48,
February 2013,CASSOWARY COAST,15,13,370,343,990818.73
February 2013,CENTRAL HIGHLANDS,19,18,434,388,1172864.47
February 2013,CHARTERS TOWERS,10,10,166,166,308684.68
February 2013,CLONCURRY,5,5,72,72,
February 2013,COOK,3,3,36,36,
February 2013,DOUGLAS,9,9,153,153,293458.49
February 2013,FLINDERS,2,2,28,28,
February 2013,FRASER COAST,37,36,1207,1172,4116447.89
February 2013,GLADSTONE,25,24,586,581,2932690.76
February 2013,GOLD COAST,130,126,5707,5448,19210329.04
February 2013,GOONDIWINDI,10,9,179,139,389971.39
February 2013,GYMPIE,18,18,333,333,1142955.89
February 2013,HINCHINBROOK,8,8,93,93,217123.09
February 2013,IPSWICH,41,39,1553,1524,5434287.96
February 2013,ISAAC,17,17,315,275,974274.34
February 2013,LIVINGSTONE,12,11,293,283,859267.5
February 2013,LOCKYER VALLEY,19,17,292,275,837948.92
February 2013,LOGAN,42,41,2185,2160,10284211.98
February 2013,LONGREACH,5,4,67,57,
February 2013,MACKAY,43,42,1704,1642,5522478.72
February 2013,MARANOA,9,9,134,131,430781.14
February 2013,MAREEBA,7,7,196,186,521226.6
February 2013,MCKINLAY,1,1,10,10,
February 2013,MORETON BAY,66,65,3265,3180,12114418.13
February 2013,MOUNT ISA,7,6,456,435,1843059.58
February 2013,MURWEH,8,5,75,50,
February 2013,NOOSA,16,16,540,530,1655367.23
February 2013,NORTH BURNETT,9,8,94,70,214425.14
February 2013,PAROO,1,1,24,23,
February 2013,QUILPIE,1,1,6,6,
February 2013,REDLAND,29,29,1327,1319,4313433.13
February 2013,RICHMOND,1,1,8,8,
February 2013,ROCKHAMPTON,41,40,1090,1068,4030168.35
February 2013,SCENIC RIM,19,19,257,244,484251.62
February 2013,SOMERSET,12,12,140,131,317073.02
February 2013,SOUTH BURNETT,18,18,343,343,1009643.31
February 2013,SOUTHERN DOWNS,19,16,401,367,976056.73
February 2013,SUNSHINE COAST,76,74,3009,2841,9271879.88
February 2013,TABLELANDS,5,5,139,139,
February 2013,TOOWOOMBA,56,55,1566,1540,4570819.69
February 2013,TORRES,4,4,83,83,
February 2013,TOWNSVILLE,44,44,1719,1709,6191072.41
February 2013,WEIPA,3,3,67,59,
February 2013,WESTERN DOWNS,25,24,411,380,1006959.52
February 2013,WHITSUNDAY,19,19,443,443,1291090.57
February 2013,WINTON,4,3,33,13,
March 2013,BALONNE,5,5,86,86,
March 2013,BANANA,10,10,171,171,508778.84
March 2013,BARCALDINE,3,3,28,28,
March 2013,BLACKALL TAMBO,3,3,26,26,
March 2013,BRISBANE,214,208,9144,8746,35611036.29
March 2013,BUNDABERG,40,35,1261,1099,4365270.81
March 2013,BURDEKIN,6,6,163,163,578740.48
March 2013,CAIRNS,44,40,1767,1639,6184665.87
March 2013,CARPENTARIA,3,3,48,48,
March 2013,CASSOWARY COAST,15,13,370,343,1016368.64
March 2013,CENTRAL HIGHLANDS,19,18,434,388,1274353.52
March 2013,CHARTERS TOWERS,10,10,151,161,316083.48
March 2013,CLONCURRY,5,5,72,72,
March 2013,COOK,3,3,36,36,
March 2013,DOUGLAS,9,9,153,153,314126.94
March 2013,FLINDERS,2,2,28,28,
March 2013,FRASER COAST,37,36,1199,1183,4327573.12
March 2013,GLADSTONE,25,24,621,581,3068334.72
March 2013,GOLD COAST,130,126,5707,5472,20886423.93
March 2013,GOONDIWINDI,10,9,179,139,391482.44
March 2013,GYMPIE,18,18,333,333,1061464.6
March 2013,HINCHINBROOK,8,8,93,93,273827.41
March 2013,IPSWICH,41,41,1553,1543,6025997.04
March 2013,ISAAC,17,17,315,278,1061457.86
March 2013,LIVINGSTONE,12,11,293,283,893044.54
March 2013,LOCKYER VALLEY,19,17,292,275,832819.72
March 2013,LOGAN,41,41,2185,2160,10874370.62
March 2013,LONGREACH,5,4,67,57,
March 2013,MACKAY,43,42,1704,1646,5736437.74
March 2013,MARANOA,9,9,134,131,557130.44
March 2013,MAREEBA,7,7,196,186,508985.95
March 2013,MCKINLAY,1,1,10,10,
March 2013,MORETON BAY,66,65,3265,3180,13586602.15
March 2013,MOUNT ISA,7,6,456,435,2085417.17
March 2013,MURWEH,8,5,75,50,
March 2013,NOOSA,16,16,540,530,1882442.29
March 2013,NORTH BURNETT,9,9,94,94,207257.29
March 2013,PAROO,1,1,24,23,
March 2013,QUILPIE,1,1,6,6,
March 2013,REDLAND,29,29,1327,1319,4672539.17
March 2013,RICHMOND,1,1,8,8,
March 2013,ROCKHAMPTON,41,40,1080,1058,4285963.86
March 2013,SCENIC RIM,19,19,257,244,499826.31
March 2013,SOMERSET,12,12,140,131,324007.91
March 2013,SOUTH BURNETT,18,18,343,343,1000076
March 2013,SOUTHERN DOWNS,18,16,397,375,993070.75
March 2013,SUNSHINE COAST,76,73,3008,2835,9881625.92
March 2013,TABLELANDS,5,5,139,139,
March 2013,TOOWOOMBA,56,55,1566,1541,5203788.42
March 2013,TORRES,4,4,83,83,
March 2013,TOWNSVILLE,44,44,1719,1709,7106643.57
March 2013,WEIPA,3,3,67,59,
March 2013,WESTERN DOWNS,25,24,411,380,1224755.61
March 2013,WHITSUNDAY,19,19,443,443,1377792.27
March 2013,WINTON,4,3,33,13,
April 2013,BALONNE,5,5,86,86,
April 2013,BANANA,10,10,171,171,489783.15
April 2013,BARCALDINE,3,3,28,28,
April 2013,BLACKALL TAMBO,3,3,26,26,
April 2013,BRISBANE,214,207,9127,8758,34510648.6
April 2013,BUNDABERG,40,35,1261,1099,4120384.14
April 2013,BURDEKIN,6,6,163,163,476718.16
April 2013,CAIRNS,44,40,1767,1638,5904954.11
April 2013,CARPENTARIA,3,3,48,48,
April 2013,CASSOWARY COAST,15,13,370,343,964781.88
April 2013,CENTRAL HIGHLANDS,19,18,434,388,1231079.23
April 2013,CHARTERS TOWERS,10,9,151,151,298073.71
April 2013,CLONCURRY,5,5,72,71,
April 2013,COOK,3,3,36,36,
April 2013,DOUGLAS,9,9,153,153,374235.92
April 2013,FLINDERS,2,2,28,28,
April 2013,FRASER COAST,37,36,1199,1184,4158314.54
April 2013,GLADSTONE,25,24,621,581,2951731.95
April 2013,GOLD COAST,130,127,5707,5518,20034518.06
April 2013,GOONDIWINDI,9,9,139,139,378944.68
April 2013,GYMPIE,18,18,333,333,970223
April 2013,HINCHINBROOK,8,8,93,93,258451.64
April 2013,IPSWICH,41,40,1559,1535,5863731.5
April 2013,ISAAC,17,17,315,278,1100891.69
April 2013,LIVINGSTONE,12,11,293,280,875313.3
April 2013,LOCKYER VALLEY,19,17,292,275,834250.87
April 2013,LOGAN,41,41,2185,2152,10353259.93
April 2013,LONGREACH,5,4,67,57,
April 2013,MACKAY,43,42,1709,1642,5592441.48
April 2013,MARANOA,9,9,134,131,541387.22
April 2013,MAREEBA,7,7,196,186,475510.53
April 2013,MCKINLAY,1,1,10,10,
April 2013,MORETON BAY,66,65,3270,3180,13005296.14
April 2013,MOUNT ISA,7,6,456,435,1882837.56
April 2013,MURWEH,8,5,75,50,
April 2013,NOOSA,16,16,540,530,1740199.93
April 2013,NORTH BURNETT,9,9,94,94,209525.89
April 2013,PAROO,1,1,24,24,
April 2013,QUILPIE,1,1,6,6,
April 2013,REDLAND,29,28,1317,1309,4714706.21
April 2013,RICHMOND,1,1,8,8,
April 2013,ROCKHAMPTON,41,40,1080,1058,3953632.27
April 2013,SCENIC RIM,19,19,257,244,492511.91
April 2013,SOMERSET,12,12,140,131,332816.85
April 2013,SOUTH BURNETT,18,18,343,343,962237.95
April 2013,SOUTHERN DOWNS,18,16,397,375,970911.49
April 2013,SUNSHINE COAST,75,72,3030,2883,9551036.46
April 2013,TABLELANDS,5,5,139,139,
April 2013,TOOWOOMBA,56,55,1571,1542,4768334.72
April 2013,TORRES,4,4,83,83,
April 2013,TOWNSVILLE,44,44,1719,1697,6977118.09
April 2013,WEIPA,3,3,67,59,
April 2013,WESTERN DOWNS,25,24,416,384,1274082.18
April 2013,WHITSUNDAY,19,19,443,443,1400159.16
April 2013,WINTON,4,3,33,13,
May 2013,BALONNE,5,5,86,86,
May 2013,BANANA,10,10,171,171,553379.04
May 2013,BARCALDINE,3,3,28,28,
May 2013,BLACKALL TAMBO,3,3,26,26,
May 2013,BRISBANE,212,207,9127,8816,35933873.01
May 2013,BUNDABERG,39,39,1261,1213,4235137.39
May 2013,BURDEKIN,6,6,163,163,544106.19
May 2013,CAIRNS,44,42,1767,1545,6351498.92
May 2013,CARPENTARIA,3,3,48,48,
May 2013,CASSOWARY COAST,15,15,370,356,1078166.1
May 2013,CENTRAL HIGHLANDS,20,17,454,373,1270578.12
May 2013,CHARTERS TOWERS,9,9,151,151,348197.04
May 2013,CLONCURRY,5,5,72,72,
May 2013,COOK,3,3,36,36,
May 2013,DOUGLAS,9,9,153,153,420823.88
May 2013,FLINDERS,2,2,28,28,
May 2013,FRASER COAST,37,36,1239,1184,4458541.84
May 2013,GLADSTONE,25,25,621,586,3273598.49
May 2013,GOLD COAST,130,127,5707,5532,21716938.76
May 2013,GOONDIWINDI,9,9,139,139,429039.13
May 2013,GYMPIE,18,18,341,333,1041169.3
May 2013,HINCHINBROOK,8,8,99,93,284306.61
May 2013,IPSWICH,41,41,1559,1548,6117336.91
May 2013,ISAAC,17,17,315,278,1173658.31
May 2013,LIVINGSTONE,12,11,293,283,919975.02
May 2013,LOCKYER VALLEY,19,18,292,287,851459.79
May 2013,LOGAN,41,41,2184,2160,11391890.34
May 2013,LONGREACH,5,4,67,57,
May 2013,MACKAY,43,42,1714,1686,6266877.49
May 2013,MARANOA,9,9,134,134,527915.12
May 2013,MAREEBA,7,7,196,186,498299.63
May 2013,MCKINLAY,1,1,10,10,
May 2013,MORETON BAY,66,65,3270,3181,13549925.74
May 2013,MOUNT ISA,7,6,461,435,1992702.35
May 2013,MURWEH,8,6,75,60,154267.33
May 2013,NOOSA,16,16,540,530,1946272.42
May 2013,NORTH BURNETT,9,9,94,97,260941.12
May 2013,PAROO,1,1,24,24,
May 2013,QUILPIE,1,1,6,6,
May 2013,REDLAND,28,28,1317,1314,4867523.09
May 2013,RICHMOND,1,1,8,8,
May 2013,ROCKHAMPTON,41,40,1080,1059,4278700.71
May 2013,SCENIC RIM,19,19,257,244,573729.68
May 2013,SOMERSET,12,12,140,131,338527.61
May 2013,SOUTH BURNETT,18,18,343,343,933378
May 2013,SOUTHERN DOWNS,18,17,397,391,1012202.79
May 2013,SUNSHINE COAST,75,72,3030,2885,10173282.21
May 2013,TABLELANDS,5,5,139,139,
May 2013,TOOWOOMBA,56,55,1580,1546,5129743.5
May 2013,TORRES,4,4,83,83,
May 2013,TOWNSVILLE,44,44,1719,1711,7165266.26
May 2013,WEIPA,3,3,67,59,
May 2013,WESTERN DOWNS,25,25,416,411,1468451.03
May 2013,WHITSUNDAY,19,19,443,443,1515652.28
May 2013,WINTON,4,3,33,13,
June 2013,BALONNE,5,5,86,86,
June 2013,BANANA,10,10,171,171,463119.52
June 2013,BARCALDINE,3,3,28,28,
June 2013,BLACKALL TAMBO,3,3,26,26,
June 2013,BRISBANE,212,207,9118,8798,34786214.14
June 2013,BUNDABERG,39,39,1261,1213,4016221.36
June 2013,BURDEKIN,6,6,163,163,553523.35
June 2013,CAIRNS,44,42,1767,1665,6224153.85
June 2013,CARPENTARIA,3,3,48,48,
June 2013,CASSOWARY COAST,15,15,370,368,971767.05
June 2013,CENTRAL HIGHLANDS,20,17,463,373,1167486.05
June 2013,CHARTERS TOWERS,9,9,151,151,306203.71
June 2013,CLONCURRY,5,5,72,72,
June 2013,COOK,3,3,36,36,
June 2013,DOUGLAS,9,9,153,153,429046.49
June 2013,FLINDERS,2,2,28,28,
June 2013,FRASER COAST,37,36,1239,1184,4126618.04
June 2013,GLADSTONE,25,25,626,586,3017201.66
June 2013,GOLD COAST,131,127,5735,5530,21039465.08
June 2013,GOONDIWINDI,9,9,139,139,429870.75
June 2013,GYMPIE,18,18,341,333,988792.19
June 2013,HINCHINBROOK,8,8,99,93,284173.25
June 2013,IPSWICH,41,41,1559,1548,5931072.5
June 2013,ISAAC,17,17,315,278,1136502.85
June 2013,LIVINGSTONE,12,11,293,283,954526.73
June 2013,LOCKYER VALLEY,19,18,287,287,729759.77
June 2013,LOGAN,41,41,2184,2162,10850462.99
June 2013,LONGREACH,5,4,67,57,
June 2013,MACKAY,43,42,1714,1685,5729756.81
June 2013,MARANOA,9,9,141,134,547826.61
June 2013,MAREEBA,7,7,196,194,546207.42
June 2013,MCKINLAY,1,1,10,10,
June 2013,MORETON BAY,66,65,3271,3180,13273779.47
June 2013,MOUNT ISA,7,6,461,435,1981325.92
June 2013,MURWEH,8,6,67,60,140663.12
June 2013,NOOSA,16,16,540,530,1795774.07
June 2013,NORTH BURNETT,9,9,94,94,254933.09
June 2013,PAROO,1,1,24,24,
June 2013,QUILPIE,1,1,6,6,
June 2013,REDLAND,28,28,1317,1314,4830628.24
June 2013,RICHMOND,1,1,8,8,
June 2013,ROCKHAMPTON,41,40,1094,1058,4048246.34
June 2013,SCENIC RIM,19,19,257,244,527720.65
June 2013,SOMERSET,12,12,140,131,311518.54
June 2013,SOUTH BURNETT,18,18,343,343,937122.37
June 2013,SOUTHERN DOWNS,18,17,397,391,905901.52
June 2013,SUNSHINE COAST,75,72,3030,2900,10065920.99
June 2013,TABLELANDS,5,5,139,139,
June 2013,TOOWOOMBA,56,55,1580,1546,5134026.86
June 2013,TORRES,4,4,83,83,
June 2013,TOWNSVILLE,44,43,1719,1692,6932896.25
June 2013,WEIPA,3,3,67,59,
June 2013,WESTERN DOWNS,25,25,416,411,1316818.39
June 2013,WHITSUNDAY,19,19,453,443,1459682.29
June 2013,WINTON,4,3,33,13,
July 2013,BALONNE,5,5,86,86,
July 2013,BANANA,10,10,171,171,576203.57
July 2013,BARCALDINE,3,3,28,28,
July 2013,BLACKALL TAMBO,3,3,26,26,
July 2013,BRISBANE,212,208,9113,8807,38277229.91
July 2013,BUNDABERG,39,39,1261,1192,4558871.02
July 2013,BURDEKIN,6,6,163,163,636465.93
July 2013,CAIRNS,44,41,1767,1652,7978415.62
July 2013,CARPENTARIA,3,3,48,48,
July 2013,CASSOWARY COAST,15,15,370,368,1375479.48
July 2013,CENTRAL HIGHLANDS,20,17,463,373,1420354.79
July 2013,CHARTERS TOWERS,9,8,151,121,347006.94
July 2013,CLONCURRY,5,5,72,72,
July 2013,COOK,3,3,36,36,
July 2013,DOUGLAS,9,9,153,153,539210.04
July 2013,FLINDERS,2,2,28,28,
July 2013,FRASER COAST,37,35,1239,1159,4845870.35
July 2013,GLADSTONE,25,24,626,581,3335150.33
July 2013,GOLD COAST,132,127,5765,5501,22987784.34
July 2013,GOONDIWINDI,9,9,139,140,519038.02
July 2013,GYMPIE,18,18,341,333,1218667.98
July 2013,HINCHINBROOK,8,8,99,93,337702.12
July 2013,IPSWICH,41,41,1559,1548,7012046.15
July 2013,ISAAC,17,17,315,280,1211895.16
July 2013,LIVINGSTONE,12,11,293,283,1042600.85
July 2013,LOCKYER VALLEY,19,18,287,287,900250.03
July 2013,LOGAN,41,41,2189,2157,12947706.11
July 2013,LONGREACH,5,4,67,57,
July 2013,MACKAY,43,42,1714,1685,6504086.19
July 2013,MARANOA,9,9,141,134,612509.85
July 2013,MAREEBA,7,7,196,194,722235.27
July 2013,MCKINLAY,1,1,10,10,
July 2013,MORETON BAY,66,64,3238,3147,15172470.02
July 2013,MOUNT ISA,6,6,440,435,2243595.14
July 2013,MURWEH,8,5,67,50,
July 2013,NOOSA,16,16,540,530,2101990.57
July 2013,NORTH BURNETT,9,9,94,94,218861.1
July 2013,PAROO,1,1,24,24,
July 2013,QUILPIE,1,1,6,6,
July 2013,REDLAND,28,28,1317,1314,5309248.29
July 2013,RICHMOND,1,1,8,8,
July 2013,ROCKHAMPTON,41,40,1094,1059,4564236.73
July 2013,SCENIC RIM,19,19,257,244,609383.89
July 2013,SOMERSET,12,12,140,131,417427.73
July 2013,SOUTH BURNETT,18,18,343,343,1140095.22
July 2013,SOUTHERN DOWNS,17,16,396,366,1105995.84
July 2013,SUNSHINE COAST,75,72,3030,2895,11102275.07
July 2013,TABLELANDS,5,5,139,139,
July 2013,TOOWOOMBA,56,55,1580,1546,5560097.25
July 2013,TORRES,4,4,83,83,
July 2013,TOWNSVILLE,44,43,1721,1694,8080761.46
July 2013,WEIPA,3,3,67,59,
July 2013,WESTERN DOWNS,25,25,424,411,1479621.58
July 2013,WHITSUNDAY,19,19,453,443,1844335.95
July 2013,WINTON,4,3,33,13,
August 2013,BALONNE,5,5,86,86,
August 2013,BANANA,10,10,171,171,534302.73
August 2013,BARCALDINE,3,3,28,28,
August 2013,BLACKALL TAMBO,3,3,26,26,
August 2013,BRISBANE,212,207,9111,8747,40626026.65
August 2013,BUNDABERG,39,39,1261,1186,4659677.88
August 2013,BURDEKIN,6,6,163,163,613450.48
August 2013,CAIRNS,44,41,1777,1647,8189710.61
August 2013,CARPENTARIA,3,3,48,48,
August 2013,CASSOWARY COAST,15,15,370,368,1321963.69
August 2013,CENTRAL HIGHLANDS,20,17,463,373,1339724.02
August 2013,CHARTERS TOWERS,9,8,151,121,394448.45
August 2013,CLONCURRY,5,5,72,72,
August 2013,COOK,3,3,36,36,
August 2013,DOUGLAS,9,8,153,143,566466.16
August 2013,FLINDERS,2,2,28,28,
August 2013,FRASER COAST,37,35,1244,1159,4811356.48
August 2013,GLADSTONE,25,24,631,610,3778914.01
August 2013,GOLD COAST,132,126,5780,5494,24429070.25
August 2013,GOONDIWINDI,9,9,139,139,456917.89
August 2013,GYMPIE,18,18,346,341,1173386.45
August 2013,HINCHINBROOK,8,8,99,93,352568.11
August 2013,IPSWICH,41,41,1559,1548,7120978.31
August 2013,ISAAC,17,17,321,280,1220265.31
August 2013,LIVINGSTONE,12,11,293,283,1063637.98
August 2013,LOCKYER VALLEY,18,18,287,287,966645.67
August 2013,LOGAN,41,41,2189,2157,12947267.65
August 2013,LONGREACH,5,4,67,57,
August 2013,MACKAY,43,42,1733,1688,6972988.44
August 2013,MARANOA,9,9,141,134,595996.06
August 2013,MAREEBA,7,7,196,194,726548.27
August 2013,MCKINLAY,1,1,10,10,
August 2013,MORETON BAY,65,64,3259,3135,15508004.1
August 2013,MOUNT ISA,6,6,440,435,2302137.42
August 2013,MURWEH,7,5,63,50,
August 2013,NOOSA,16,16,540,530,2071747.73
August 2013,NORTH BURNETT,9,9,94,94,236743.5
August 2013,PAROO,1,1,24,24,
August 2013,QUILPIE,1,1,6,6,
August 2013,REDLAND,29,28,1329,1314,5339527.88
August 2013,RICHMOND,1,1,8,8,
August 2013,ROCKHAMPTON,41,40,1094,1059,4948188.38
August 2013,SCENIC RIM,19,19,257,244,567345.26
August 2013,SOMERSET,12,12,140,131,429959.95
August 2013,SOUTH BURNETT,18,18,343,343,1124145.78
August 2013,SOUTHERN DOWNS,17,16,396,366,1025722.32
August 2013,SUNSHINE COAST,74,72,3030,2906,11490853.25
August 2013,TABLELANDS,5,5,139,139,
August 2013,TOOWOOMBA,56,55,1580,1545,6012542.63
August 2013,TORRES,4,4,83,83,
August 2013,TOWNSVILLE,44,43,1702,1694,8654167.15
August 2013,WEIPA,3,3,67,67,
August 2013,WESTERN DOWNS,25,24,397,384,1556618.48
August 2013,WHITSUNDAY,19,19,453,443,1938825.91
August 2013,WINTON,4,3,13,13,
September 2013,BALONNE,5,5,86,86,
September 2013,BANANA,10,10,171,171,490361.89
September 2013,BARCALDINE,3,3,28,28,
September 2013,BLACKALL TAMBO,3,3,26,26,
September 2013,BRISBANE,211,207,9111,8716,36589683.33
September 2013,BUNDABERG,39,38,1261,1223,4131961.78
September 2013,BURDEKIN,6,6,163,163,552111.42
September 2013,CAIRNS,44,40,1777,1619,6912468.96
September 2013,CARPENTARIA,3,3,48,48,
September 2013,CASSOWARY COAST,15,15,370,368,1139080.52
September 2013,CENTRAL HIGHLANDS,20,18,463,385,1210092.97
September 2013,CHARTERS TOWERS,9,8,151,121,327927.39
September 2013,CLONCURRY,5,5,72,72,
September 2013,COOK,3,3,36,36,
September 2013,DOUGLAS,9,8,143,143,453668.39
September 2013,FLINDERS,2,2,28,28,
September 2013,FRASER COAST,37,35,1266,1159,4248966.49
September 2013,GLADSTONE,25,24,631,611,3356459.86
September 2013,GOLD COAST,132,126,5780,5511,21515742.91
September 2013,GOONDIWINDI,9,9,139,139,447175.77
September 2013,GYMPIE,18,18,346,341,1044630.45
September 2013,HINCHINBROOK,8,8,99,93,303240.77
September 2013,IPSWICH,41,41,1559,1548,6332564.04
September 2013,ISAAC,17,17,321,280,1008741.21
September 2013,LIVINGSTONE,12,11,293,283,908561.1
September 2013,LOCKYER VALLEY,18,18,287,287,894233.7
September 2013,LOGAN,41,40,2189,2161,11158652.54
September 2013,LONGREACH,5,4,67,57,
September 2013,MACKAY,43,43,1733,1699,6313696.47
September 2013,MARANOA,9,9,141,137,611573.73
September 2013,MAREEBA,7,7,196,194,578659.3
September 2013,MCKINLAY,1,1,10,10,
September 2013,MORETON BAY,65,63,3259,3114,13832861.7
September 2013,MOUNT ISA,6,6,451,436,1973174.7
September 2013,MURWEH,7,5,63,50,
September 2013,NOOSA,16,16,540,530,1887826.47
September 2013,NORTH BURNETT,9,9,94,94,220788.63
September 2013,PAROO,1,1,24,24,
September 2013,QUILPIE,1,1,6,6,
September 2013,REDLAND,29,28,1329,1314,4982504.98
September 2013,RICHMOND,1,1,8,8,
September 2013,ROCKHAMPTON,41,40,1094,1059,4095745.11
September 2013,SCENIC RIM,19,19,257,244,556053.07
September 2013,SOMERSET,12,12,140,131,334430.72
September 2013,SOUTH BURNETT,18,18,343,343,975272.37
September 2013,SOUTHERN DOWNS,17,16,396,366,952730.14
September 2013,SUNSHINE COAST,74,72,3030,2917,10407911.41
September 2013,TABLELANDS,5,5,139,139,
September 2013,TOOWOOMBA,56,55,1580,1548,5273141.52
September 2013,TORRES,4,4,83,83,
September 2013,TOWNSVILLE,44,43,1702,1694,7424598.77
September 2013,WEIPA,3,3,67,67,
September 2013,WESTERN DOWNS,24,24,397,384,1277929.89
September 2013,WHITSUNDAY,19,19,453,443,1795621.97
September 2013,WINTON,3,3,13,13,
October 2013,BALONNE,5,5,86,86,
October 2013,BANANA,10,10,171,172,524269.31
October 2013,BARCALDINE,3,3,28,28,
October 2013,BLACKALL TAMBO,3,3,26,26,
October 2013,BRISBANE,211,207,9111,8855,37441006.83
October 2013,BUNDABERG,39,38,1266,1221,4186046.79
October 2013,BURDEKIN,6,6,163,163,610880.09
October 2013,CAIRNS,44,40,1777,1641,7164248.75
October 2013,CARPENTARIA,3,3,48,48,
October 2013,CASSOWARY COAST,15,15,370,370,1195924.29
October 2013,CENTRAL HIGHLANDS,20,18,463,392,1169737.2
October 2013,CHARTERS TOWERS,9,8,151,121,313243.72
October 2013,CLONCURRY,5,5,72,72,
October 2013,COOK,3,3,36,36,
October 2013,DOUGLAS,9,8,143,142,498195.97
October 2013,FLINDERS,2,2,28,28,
October 2013,FRASER COAST,37,35,1266,1159,4499578.84
October 2013,GLADSTONE,25,24,631,619,3385390.55
October 2013,GOLD COAST,132,126,5780,5479,22919361.42
October 2013,GOONDIWINDI,9,9,139,139,393675.36
October 2013,GYMPIE,18,18,346,341,1180917.22
October 2013,HINCHINBROOK,8,8,99,93,272444.04
October 2013,IPSWICH,41,41,1559,1548,6569699.89
October 2013,ISAAC,17,17,321,315,1024857.49
October 2013,LIVINGSTONE,12,11,293,283,994840.3
October 2013,LOCKYER VALLEY,18,18,287,287,915742.22
October 2013,LOGAN,41,40,2189,2151,11594496.61
October 2013,LONGREACH,5,4,67,57,
October 2013,MACKAY,43,43,1733,1697,6235102.3
October 2013,MARANOA,9,9,141,137,583865.27
October 2013,MAREEBA,7,7,196,194,558983.06
October 2013,MCKINLAY,1,1,10,10,
October 2013,MORETON BAY,65,63,3259,3115,14351611.28
October 2013,MOUNT ISA,6,6,451,436,2035249.48
October 2013,MURWEH,6,5,63,50,
October 2013,NOOSA,16,16,540,530,2100781.29
October 2013,NORTH BURNETT,9,9,94,94,210117.76
October 2013,PAROO,1,1,24,24,
October 2013,QUILPIE,1,1,6,6,
October 2013,REDLAND,29,27,1329,1300,5066420.98
October 2013,RICHMOND,1,1,8,8,
October 2013,ROCKHAMPTON,41,40,1094,1061,4261628.7
October 2013,SCENIC RIM,19,19,257,244,544029.73
October 2013,SOMERSET,12,12,140,131,353386.83
October 2013,SOUTH BURNETT,18,18,343,343,1007449.05
October 2013,SOUTHERN DOWNS,17,14,383,344,902725.25
October 2013,SUNSHINE COAST,74,72,3030,2920,10907708.45
October 2013,TABLELANDS,5,5,139,139,
October 2013,TOOWOOMBA,57,55,1620,1545,5406772.95
October 2013,TORRES,4,4,83,83,
October 2013,TOWNSVILLE,44,43,1702,1677,7368217.7
October 2013,WEIPA,3,3,67,67,
October 2013,WESTERN DOWNS,24,24,397,384,1425085.5
October 2013,WHITSUNDAY,19,19,453,443,1900514.29
October 2013,WINTON,3,3,13,13,
November 2013,BALONNE,5,5,86,86,
November 2013,BANANA,10,10,171,171,472412.89
November 2013,BARCALDINE,3,3,28,28,
November 2013,BLACKALL TAMBO,3,3,26,26,
November 2013,BRISBANE,211,206,9082,8861,37031901.21
November 2013,BUNDABERG,39,38,1266,1221,4083637.69
November 2013,BURDEKIN,6,6,163,163,596652.97
November 2013,CAIRNS,44,40,1777,1641,6645263.92
November 2013,CARPENTARIA,3,3,48,48,
November 2013,CASSOWARY COAST,15,15,370,368,1025120.23
November 2013,CENTRAL HIGHLANDS,20,18,463,392,1229874.31
November 2013,CHARTERS TOWERS,9,8,151,121,265685.23
November 2013,CLONCURRY,5,5,72,72,
November 2013,COOK,3,3,36,36,
November 2013,DOUGLAS,9,8,149,142,478153.11
November 2013,FLINDERS,2,2,28,28,
November 2013,FRASER COAST,37,35,1266,1159,4377293.51
November 2013,GLADSTONE,25,24,631,616,3301311.4
November 2013,GOLD COAST,131,126,5780,5428,22481694.56
November 2013,GOONDIWINDI,9,9,139,139,424662.97
November 2013,GYMPIE,18,18,346,341,1033952.41
November 2013,HINCHINBROOK,8,8,99,93,261675.07
November 2013,IPSWICH,41,40,1559,1545,6369993.45
November 2013,ISAAC,17,17,321,315,1064559.64
November 2013,LIVINGSTONE,12,11,293,283,957657.13
November 2013,LOCKYER VALLEY,18,18,287,287,851683.2
November 2013,LOGAN,41,40,2189,2151,11409415.85
November 2013,LONGREACH,5,4,67,57,
November 2013,MACKAY,43,43,1733,1718,6357336.09
November 2013,MARANOA,9,9,141,138,592141.23
November 2013,MAREEBA,7,7,196,194,527805.33
November 2013,MCKINLAY,1,1,10,10,
November 2013,MORETON BAY,65,63,3257,3106,13987485.13
November 2013,MOUNT ISA,6,6,451,440,2099557.82
November 2013,MURWEH,6,5,63,50,
November 2013,NOOSA,16,16,540,530,2041318.6
November 2013,NORTH BURNETT,9,9,94,94,231400.14
November 2013,PAROO,1,1,24,24,
November 2013,QUILPIE,1,1,6,6,
November 2013,REDLAND,29,28,1334,1314,5049198.76
November 2013,RICHMOND,1,1,8,8,
November 2013,ROCKHAMPTON,41,40,1094,1061,4216699.11
November 2013,SCENIC RIM,19,19,257,244,529741.25
November 2013,SOMERSET,12,12,140,131,340275.49
November 2013,SOUTH BURNETT,18,18,343,343,924976.61
November 2013,SOUTHERN DOWNS,16,14,383,353,990324.4
November 2013,SUNSHINE COAST,74,72,3030,2940,10222643.53
November 2013,TABLELANDS,5,5,139,139,
November 2013,TOOWOOMBA,57,56,1638,1586,5311281.63
November 2013,TORRES,4,4,83,83,
November 2013,TOWNSVILLE,43,43,1702,1694,7193755.14
November 2013,WEIPA,3,3,67,67,
November 2013,WESTERN DOWNS,24,24,397,384,1467354.29
November 2013,WHITSUNDAY,19,19,453,442,1544260.71
November 2013,WINTON,3,3,13,13,
December 2013,BALONNE,5,5,86,86,
December 2013,BANANA,10,10,171,171,461758.36
December 2013,BARCALDINE,3,3,28,28,
December 2013,BLACKALL TAMBO,3,3,26,26,
December 2013,BRISBANE,210,207,9087,8890,37728913.93
December 2013,BUNDABERG,39,39,1266,1251,4230354.39
December 2013,BURDEKIN,6,6,163,163,617996.37
December 2013,CAIRNS,44,40,1777,1641,6897897.51
December 2013,CARPENTARIA,3,3,48,48,
December 2013,CASSOWARY COAST,15,15,380,368,1055181.53
December 2013,CENTRAL HIGHLANDS,20,18,463,393,1168416.36
December 2013,CHARTERS TOWERS,9,8,151,126,300617.36
December 2013,CLONCURRY,5,5,72,72,
December 2013,COOK,3,3,36,36,
December 2013,DOUGLAS,9,8,149,143,390716.77
December 2013,FLINDERS,2,2,28,28,
December 2013,FRASER COAST,37,35,1281,1181,4456101.59
December 2013,GLADSTONE,25,24,631,621,3272463.07
December 2013,GOLD COAST,131,126,5780,5549,23101391.41
December 2013,GOONDIWINDI,9,9,139,139,394202.82
December 2013,GYMPIE,18,18,346,341,1080538.95
December 2013,HINCHINBROOK,8,8,99,93,258355.06
December 2013,IPSWICH,41,41,1559,1548,6366408.96
December 2013,ISAAC,17,17,321,315,948818.33
December 2013,LIVINGSTONE,12,11,293,283,980474.29
December 2013,LOCKYER VALLEY,18,18,287,287,955034.02
December 2013,LOGAN,41,40,2189,2157,11813916.41
December 2013,LONGREACH,5,4,67,57,
December 2013,MACKAY,43,43,1733,1718,6205186.68
December 2013,MARANOA,9,9,141,138,469880.41
December 2013,MAREEBA,7,7,196,194,664163.6
December 2013,MCKINLAY,1,1,10,10,
December 2013,MORETON BAY,65,63,3257,3128,14439448.3
December 2013,MOUNT ISA,6,6,451,440,2016619.24
December 2013,MURWEH,5,5,56,50,
December 2013,NOOSA,16,16,540,530,1973003.32
December 2013,NORTH BURNETT,9,9,94,94,216300.87
December 2013,PAROO,1,1,24,24,
December 2013,QUILPIE,1,1,6,6,
December 2013,REDLAND,29,28,1334,1314,5273496.27
December 2013,RICHMOND,1,1,8,8,
December 2013,ROCKHAMPTON,41,38,1094,1043,4379892.46
December 2013,SCENIC RIM,19,19,257,244,547160.02
December 2013,SOMERSET,12,12,143,131,316904.93
December 2013,SOUTH BURNETT,18,18,343,343,992263.85
December 2013,SOUTHERN DOWNS,16,14,383,352,990148.13
December 2013,SUNSHINE COAST,74,72,3030,2947,10685679.96
December 2013,TABLELANDS,5,5,139,139,
December 2013,TOOWOOMBA,57,56,1644,1586,5562110.54
December 2013,TORRES,4,4,83,83,
December 2013,TOWNSVILLE,43,43,1717,1694,7497980.05
December 2013,WEIPA,3,3,67,67,
December 2013,WESTERN DOWNS,24,23,392,380,1303001.27
December 2013,WHITSUNDAY,19,19,453,443,1591750.58
December 2013,WINTON,3,3,13,13,
January 2014,BALONNE,5,5,86,86,
January 2014,BANANA,10,10,171,171,382776.92
January 2014,BARCALDINE,3,3,28,28,
January 2014,BLACKALL TAMBO,3,3,26,26,
January 2014,BRISBANE,209,207,9087,8899,36953620.96
January 2014,BUNDABERG,39,39,1266,1250,4149000.7
January 2014,BURDEKIN,6,6,163,163,532868.42
January 2014,CAIRNS,44,40,1777,1641,6780289.17
January 2014,CARPENTARIA,3,3,48,48,
January 2014,CASSOWARY COAST,15,15,380,368,1023720.26
January 2014,CENTRAL HIGHLANDS,20,18,463,393,1076041.98
January 2014,CHARTERS TOWERS,9,8,151,126,338362.03
January 2014,CLONCURRY,5,5,72,72,
January 2014,COOK,3,3,36,36,
January 2014,DOUGLAS,9,8,149,143,428485.58
January 2014,FLINDERS,2,2,28,28,
January 2014,FRASER COAST,37,35,1281,1181,4458125.33
January 2014,GLADSTONE,25,24,631,621,2931668.46
January 2014,GOLD COAST,131,126,5778,5487,23424165.91
January 2014,GOONDIWINDI,9,9,139,139,359418.75
January 2014,GYMPIE,18,18,346,346,1062448.46
January 2014,HINCHINBROOK,8,8,99,93,270255.98
January 2014,IPSWICH,41,41,1559,1548,6226463.29
January 2014,ISAAC,17,17,321,315,834075.37
January 2014,LIVINGSTONE,13,11,298,283,1069858.7
January 2014,LOCKYER VALLEY,18,18,287,287,903763.38
January 2014,LOGAN,41,39,2189,2148,11224639.6
January 2014,LONGREACH,5,4,67,57,
January 2014,MACKAY,43,43,1742,1717,5806693.46
January 2014,MARANOA,9,9,141,138,469160.97
January 2014,MAREEBA,7,7,196,194,619639.2
January 2014,MCKINLAY,1,1,10,10,
January 2014,MORETON BAY,65,63,3257,3128,14151584.72
January 2014,MOUNT ISA,6,6,451,440,1830643.49
January 2014,MURWEH,5,5,56,50,
January 2014,NOOSA,16,16,540,530,2096132.52
January 2014,NORTH BURNETT,9,9,94,94,193412.13
January 2014,PAROO,1,1,24,24,
January 2014,QUILPIE,1,1,6,6,
January 2014,REDLAND,29,28,1334,1314,5081897.48
January 2014,RICHMOND,1,1,8,8,
January 2014,ROCKHAMPTON,41,38,1094,1040,4055229.37
January 2014,SCENIC RIM,19,19,257,244,546805.54
January 2014,SOMERSET,12,12,143,131,337853.64
January 2014,SOUTH BURNETT,18,18,343,343,1014488.19
January 2014,SOUTHERN DOWNS,16,14,383,352,998912.44
January 2014,SUNSHINE COAST,74,72,3030,2944,10912767.82
January 2014,TABLELANDS,5,5,139,139,
January 2014,TOOWOOMBA,57,56,1649,1585,5416742.81
January 2014,TORRES,4,4,83,83,
January 2014,TOWNSVILLE,43,43,1717,1694,6897346.27
January 2014,WEIPA,3,3,67,67,
January 2014,WESTERN DOWNS,24,22,412,324,1252033.11
January 2014,WHITSUNDAY,19,19,453,443,1389347.62
January 2014,WINTON,3,3,13,13,
February 2014,BALONNE,5,5,86,86,
February 2014,BANANA,10,10,171,171,387512.64
February 2014,BARCALDINE,3,3,28,28,
February 2014,BLACKALL TAMBO,3,3,26,26,
February 2014,BRISBANE,209,206,9093,8894,33801641.84
February 2014,BUNDABERG,39,39,1266,1250,3511679.37
February 2014,BURDEKIN,6,6,163,164,459466.07
February 2014,CAIRNS,44,40,1782,1642,5830020.62
February 2014,CARPENTARIA,3,3,48,48,
February 2014,CASSOWARY COAST,15,15,380,368,938889.52
February 2014,CENTRAL HIGHLANDS,20,18,463,393,1072916.15
February 2014,CHARTERS TOWERS,9,8,151,126,301918.35
February 2014,CLONCURRY,5,5,72,72,
February 2014,COOK,3,3,36,36,
February 2014,DOUGLAS,9,7,145,139,357323.97
February 2014,FLINDERS,2,2,28,28,
February 2014,FRASER COAST,37,35,1281,1176,4041836.79
February 2014,GLADSTONE,25,24,631,621,2771476.08
February 2014,GOLD COAST,131,125,5790,5469,20392875.01
February 2014,GOONDIWINDI,9,9,139,139,359499.52
February 2014,GYMPIE,18,18,346,346,948998.81
February 2014,HINCHINBROOK,8,8,99,93,261256.87
February 2014,IPSWICH,41,41,1559,1553,5595826.11
February 2014,ISAAC,17,17,321,315,851385.71
February 2014,LIVINGSTONE,13,11,298,283,799692.6
February 2014,LOCKYER VALLEY,18,18,287,287,803874.62
February 2014,LOGAN,41,39,2189,2148,10238525.51
February 2014,LONGREACH,5,4,67,57,
February 2014,MACKAY,43,43,1742,1719,5570283.44
February 2014,MARANOA,9,9,141,138,434121.12
February 2014,MAREEBA,7,7,196,194,506527.43
February 2014,MCKINLAY,1,1,10,10,
February 2014,MORETON BAY,65,63,3257,3128,12399886.02
February 2014,MOUNT ISA,6,6,451,440,1797875.55
February 2014,MURWEH,5,5,56,50,
February 2014,NOOSA,16,15,534,524,1791338.29
February 2014,NORTH BURNETT,9,9,94,94,167468.41
February 2014,PAROO,1,1,24,24,
February 2014,QUILPIE,1,1,6,6,
February 2014,REDLAND,29,28,1334,1314,4659227.58
February 2014,RICHMOND,1,1,8,8,
February 2014,ROCKHAMPTON,41,38,1094,1050,3742338.63
February 2014,SCENIC RIM,19,19,257,244,499712.33
February 2014,SOMERSET,12,12,143,130,319471.82
February 2014,SOUTH BURNETT,18,18,343,343,856516.34
February 2014,SOUTHERN DOWNS,16,14,383,352,889402.6
February 2014,SUNSHINE COAST,74,72,3030,2944,9902272.64
February 2014,TABLELANDS,5,5,139,139,
February 2014,TOOWOOMBA,57,56,1649,1586,4805310.81
February 2014,TORRES,4,4,83,83,
February 2014,TOWNSVILLE,43,43,1726,1694,6571854.66
February 2014,WEIPA,3,3,67,67,
February 2014,WESTERN DOWNS,24,22,418,324,1171198.72
February 2014,WHITSUNDAY,19,19,453,443,1122568.72
February 2014,WINTON,3,3,13,13,
March 2014,BALONNE,5,5,86,86,
March 2014,BANANA,10,10,171,171,409699.04
March 2014,BARCALDINE,3,3,28,28,
March 2014,BLACKALL TAMBO,3,3,26,26,
March 2014,BRISBANE,208,206,9091,8887,37593684.15
March 2014,BUNDABERG,39,39,1266,1251,3855643.31
March 2014,BURDEKIN,6,6,159,163,493194.22
March 2014,CAIRNS,44,40,1782,1641,6545024.2
March 2014,CARPENTARIA,3,3,48,48,
March 2014,CASSOWARY COAST,15,15,380,368,960294.57
March 2014,CENTRAL HIGHLANDS,20,18,463,393,1124842.03
March 2014,CHARTERS TOWERS,9,8,151,126,309848.08
March 2014,CLONCURRY,5,5,72,72,
March 2014,COOK,3,3,36,36,
March 2014,DOUGLAS,7,7,145,139,429725.79
March 2014,FLINDERS,2,2,28,28,
March 2014,FRASER COAST,37,35,1281,1176,4272535.29
March 2014,GLADSTONE,25,24,631,621,3288134.71
March 2014,GOLD COAST,131,126,5790,5487,23253628.55
March 2014,GOONDIWINDI,9,9,139,139,383303.77
March 2014,GYMPIE,18,18,346,346,1027387.43
March 2014,HINCHINBROOK,8,7,99,89,261269.03
March 2014,IPSWICH,41,41,1559,1547,6198586.03
March 2014,ISAAC,17,17,321,315,962336.7
March 2014,LIVINGSTONE,13,11,298,283,986884.36
March 2014,LOCKYER VALLEY,18,17,278,278,813422.16
March 2014,LOGAN,41,38,2139,2098,11411399.76
March 2014,LONGREACH,5,4,67,57,
March 2014,MACKAY,43,43,1742,1718,5948731.4
March 2014,MARANOA,9,9,141,138,534741.65
March 2014,MAREEBA,7,7,196,194,516741.73
March 2014,MCKINLAY,1,1,10,10,
March 2014,MORETON BAY,65,63,3257,3131,13831383.07
March 2014,MOUNT ISA,6,6,451,440,2000961.32
March 2014,MURWEH,5,5,56,50,
March 2014,NOOSA,15,15,534,524,2037990.24
March 2014,NORTH BURNETT,9,9,94,94,201220.16
March 2014,PAROO,1,1,24,24,
March 2014,QUILPIE,1,1,6,6,
March 2014,REDLAND,29,28,1338,1314,4920277.11
March 2014,RICHMOND,1,1,8,8,
March 2014,ROCKHAMPTON,41,38,1082,1057,3857299.5
March 2014,SCENIC RIM,19,19,257,244,556483.43
March 2014,SOMERSET,12,12,143,130,330645.75
March 2014,SOUTH BURNETT,18,17,335,335,909874.12
March 2014,SOUTHERN DOWNS,16,14,381,352,1051498.49
March 2014,SUNSHINE COAST,74,72,3030,2945,10886418.8
March 2014,TABLELANDS,5,5,139,139,
March 2014,TOOWOOMBA,57,56,1649,1585,5294442.67
March 2014,TORRES,4,4,83,83,
March 2014,TOWNSVILLE,43,43,1726,1694,6974017.08
March 2014,WEIPA,3,3,67,67,
March 2014,WESTERN DOWNS,24,22,418,324,1327665.89
March 2014,WHITSUNDAY,19,19,453,443,1292452.24
March 2014,WINTON,3,3,13,13,
April 2014,BALONNE,5,5,86,86,
April 2014,BANANA,10,10,171,171,430564.67
April 2014,BARCALDINE,3,3,28,28,
April 2014,BLACKALL TAMBO,3,3,26,26,
April 2014,BRISBANE,207,204,9071,8848,36682002.6
April 2014,BUNDABERG,39,39,1266,1251,3761808.73
April 2014,BURDEKIN,6,6,159,159,492750.96
April 2014,CAIRNS,44,40,1782,1641,6334177.86
April 2014,CARPENTARIA,3,3,48,48,
April 2014,CASSOWARY COAST,15,15,380,368,857216.47
April 2014,CENTRAL HIGHLANDS,20,18,475,393,1139310.76
April 2014,CHARTERS TOWERS,9,8,151,126,284539.79
April 2014,CLONCURRY,5,5,72,72,
April 2014,COOK,3,3,36,36,
April 2014,DOUGLAS,7,7,145,139,416445.54
April 2014,FLINDERS,2,2,28,28,
April 2014,FRASER COAST,37,35,1281,1176,4197634.12
April 2014,GLADSTONE,25,24,631,621,2828587.35
April 2014,GOLD COAST,131,126,5790,5487,22218789.77
April 2014,GOONDIWINDI,9,9,139,139,386263.67
April 2014,GYMPIE,18,18,346,346,1037483.87
April 2014,HINCHINBROOK,8,7,99,89,266274.68
April 2014,IPSWICH,41,41,1559,1548,6162217.74
April 2014,ISAAC,17,17,321,315,916463.22
April 2014,LIVINGSTONE,13,11,298,283,915415.98
April 2014,LOCKYER VALLEY,18,17,278,278,812932.4
April 2014,LOGAN,40,38,2139,2080,11076885.52
April 2014,LONGREACH,5,4,67,57,
April 2014,MACKAY,43,43,1742,1718,5480755.67
April 2014,MARANOA,9,9,141,138,533912.38
April 2014,MAREEBA,7,7,196,194,555718.09
April 2014,MCKINLAY,1,1,10,10,
April 2014,MORETON BAY,65,63,3257,3128,13766122.23
April 2014,MOUNT ISA,6,6,451,440,1910696.6
April 2014,MURWEH,5,5,56,50,
April 2014,NOOSA,15,15,534,530,1963245.68
April 2014,NORTH BURNETT,9,9,94,94,230880.43
April 2014,PAROO,1,1,24,24,
April 2014,QUILPIE,1,1,6,6,
April 2014,REDLAND,29,28,1338,1294,4902436.18
April 2014,RICHMOND,1,1,8,8,
April 2014,ROCKHAMPTON,41,37,1078,1045,3813678.2
April 2014,SCENIC RIM,19,19,257,244,518861.2
April 2014,SOMERSET,12,12,142,130,328293.5
April 2014,SOUTH BURNETT,18,17,335,335,953905.4
April 2014,SOUTHERN DOWNS,16,14,381,351,1011118.43
April 2014,SUNSHINE COAST,74,72,3030,2944,10580070.32
April 2014,TABLELANDS,5,5,139,139,
April 2014,TOOWOOMBA,57,56,1649,1588,5046326.74
April 2014,TORRES,4,4,83,83,
April 2014,TOWNSVILLE,43,43,1726,1694,7094882.03
April 2014,WEIPA,3,3,67,67,
April 2014,WESTERN DOWNS,24,22,418,324,1152586.27
April 2014,WHITSUNDAY,19,18,467,436,1285155.74
April 2014,WINTON,3,3,13,13,
May 2014,BALONNE,5,5,86,86,
May 2014,BANANA,10,10,171,171,483866.73
May 2014,BARCALDINE,3,3,28,28,
May 2014,BLACKALL TAMBO,3,3,26,26,
May 2014,BRISBANE,207,204,9117,8826,38475167.92
May 2014,BUNDABERG,39,39,1266,1251,4060613.26
May 2014,BURDEKIN,7,6,179,159,561636.17
May 2014,CAIRNS,44,40,1802,1641,7045419.14
May 2014,CARPENTARIA,3,3,48,48,
May 2014,CASSOWARY COAST,15,15,380,368,1011885.22
May 2014,CENTRAL HIGHLANDS,20,18,476,393,1251697.14
May 2014,CHARTERS TOWERS,9,8,151,126,326660.71
May 2014,CLONCURRY,5,5,72,72,
May 2014,COOK,3,3,45,36,
May 2014,DOUGLAS,7,7,145,139,497588.68
May 2014,FLINDERS,2,2,28,28,
May 2014,FRASER COAST,37,35,1281,1181,4355315.28
May 2014,GLADSTONE,25,24,631,621,3209869.71
May 2014,GOLD COAST,131,126,5861,5478,24136078.99
May 2014,GOONDIWINDI,9,9,139,139,409815.84
May 2014,GYMPIE,18,18,355,346,1145021.06
May 2014,HINCHINBROOK,8,7,99,89,271679.74
May 2014,IPSWICH,41,41,1559,1548,6403312.68
May 2014,ISAAC,17,17,321,315,824779.6
May 2014,LIVINGSTONE,13,11,298,283,1024977.9
May 2014,LOCKYER VALLEY,17,17,278,278,910060.62
May 2014,LOGAN,40,38,2139,2080,11708025.56
May 2014,LONGREACH,5,4,77,57,
May 2014,MACKAY,43,43,1742,1712,5946840.03
May 2014,MARANOA,9,9,141,140,579106.28
May 2014,MAREEBA,7,7,196,194,628721.22
May 2014,MCKINLAY,1,1,10,10,
May 2014,MORETON BAY,65,63,3277,3128,14536159.87
May 2014,MOUNT ISA,6,6,451,440,2200683.74
May 2014,MURWEH,5,5,56,50,
May 2014,NOOSA,15,15,534,524,2000828.83
May 2014,NORTH BURNETT,9,9,94,94,210123.64
May 2014,PAROO,1,1,24,24,
May 2014,QUILPIE,1,1,6,6,
May 2014,REDLAND,29,28,1348,1298,5244049.81
May 2014,RICHMOND,1,1,8,8,
May 2014,ROCKHAMPTON,41,38,1078,1054,4161237.31
May 2014,SCENIC RIM,19,19,257,244,558940.04
May 2014,SOMERSET,12,12,142,130,350765.22
May 2014,SOUTH BURNETT,17,17,335,335,928473.49
May 2014,SOUTHERN DOWNS,16,14,381,351,951469.27
May 2014,SUNSHINE COAST,75,72,3070,2944,11125269.64
May 2014,TABLELANDS,5,5,139,139,
May 2014,TOOWOOMBA,57,56,1649,1587,5485870.5
May 2014,TORRES,4,4,83,83,
May 2014,TOWNSVILLE,43,43,1726,1694,7481419.45
May 2014,WEIPA,3,3,67,67,
May 2014,WESTERN DOWNS,25,22,440,324,1272511.12
May 2014,WHITSUNDAY,19,18,467,436,1360135.1
May 2014,WINTON,3,3,17,13,
June 2014,BALONNE,5,5,86,86,
June 2014,BANANA,10,10,171,171,407421.19
June 2014,BARCALDINE,3,3,28,28,
June 2014,BLACKALL TAMBO,3,3,26,26,
June 2014,BRISBANE,205,204,9114,8819,36805730.05
June 2014,BUNDABERG,39,39,1266,1251,4009197.78
June 2014,BURDEKIN,7,6,179,159,518316.74
June 2014,CAIRNS,44,40,1819,1641,6749670.58
June 2014,CARPENTARIA,3,3,48,48,
June 2014,CASSOWARY COAST,15,15,380,368,966121.11
June 2014,CENTRAL HIGHLANDS,20,18,476,392,1235455.4
June 2014,CHARTERS TOWERS,9,8,151,126,316897.49
June 2014,CLONCURRY,5,5,72,72,
June 2014,COOK,3,3,45,36,
June 2014,DOUGLAS,7,7,145,139,505590.45
June 2014,FLINDERS,2,2,28,28,
June 2014,FRASER COAST,37,35,1281,1181,4241708.15
June 2014,GLADSTONE,25,24,631,621,3146663.39
June 2014,GOLD COAST,131,126,5861,5479,22274637.22
June 2014,GOONDIWINDI,9,9,139,139,392121.31
June 2014,GYMPIE,18,18,355,346,1057997.9
June 2014,HINCHINBROOK,8,7,99,89,249152.6
June 2014,IPSWICH,41,41,1554,1548,6316348.2
June 2014,ISAAC,17,17,321,315,796024.27
June 2014,LIVINGSTONE,13,11,298,283,986054.27
June 2014,LOCKYER VALLEY,17,16,278,266,848472.73
June 2014,LOGAN,40,38,2139,2080,11135685.8
June 2014,LONGREACH,5,4,77,57,
June 2014,MACKAY,43,43,1742,1712,5914005.17
June 2014,MARANOA,9,9,141,140,564104.06
June 2014,MAREEBA,7,7,196,194,601034.41
June 2014,MCKINLAY,1,1,10,10,
June 2014,MORETON BAY,65,63,3295,3131,13687637.73
June 2014,MOUNT ISA,6,6,451,440,2159968.61
June 2014,MURWEH,5,5,56,56,
June 2014,NOOSA,15,14,540,508,2053773.4
June 2014,NORTH BURNETT,9,8,94,89,197394.68
June 2014,PAROO,1,1,24,24,
June 2014,QUILPIE,1,1,6,6,
June 2014,REDLAND,29,28,1305,1278,5057897.85
June 2014,RICHMOND,1,1,8,8,
June 2014,ROCKHAMPTON,41,38,1073,1054,3863988.41
June 2014,SCENIC RIM,19,19,257,247,570521.55
June 2014,SOMERSET,12,12,142,130,335000.47
June 2014,SOUTH BURNETT,17,17,335,335,917391.58
June 2014,SOUTHERN DOWNS,16,14,381,352,874717.47
June 2014,SUNSHINE COAST,75,72,3110,2944,10625228.07
June 2014,TABLELANDS,5,5,139,139,
June 2014,TOOWOOMBA,57,56,1649,1589,5208357.92
June 2014,TORRES,4,4,83,83,
June 2014,TOWNSVILLE,43,43,1726,1694,7139905.11
June 2014,WEIPA,3,3,67,67,
June 2014,WESTERN DOWNS,25,22,442,324,1148656.09
June 2014,WHITSUNDAY,19,18,467,436,1459719.59
June 2014,WINTON,3,3,17,13,
July 2014,BALONNE,5,5,86,86,
July 2014,BANANA,10,10,171,171,463289.05
July 2014,BARCALDINE,3,3,28,28,
July 2014,BLACKALL TAMBO,3,3,26,26,
July 2014,BRISBANE,204,203,9044,8754,41372137.78
July 2014,BUNDABERG,39,39,1266,1251,4707579.32
July 2014,BURDEKIN,7,6,179,159,643387.08
July 2014,CAIRNS,44,40,1819,1641,8552417.85
July 2014,CARPENTARIA,3,3,48,48,
July 2014,CASSOWARY COAST,15,15,380,368,1244064.23
July 2014,CENTRAL HIGHLANDS,20,18,471,393,1308626.23
July 2014,CHARTERS TOWERS,9,8,151,126,412108.75
July 2014,CLONCURRY,5,5,72,72,
July 2014,COOK,3,3,45,36,
July 2014,DOUGLAS,7,7,145,139,617680.82
July 2014,FLINDERS,2,2,28,28,
July 2014,FRASER COAST,37,35,1281,1211,4971097.36
July 2014,GLADSTONE,25,24,631,621,3372414.88
July 2014,GOLD COAST,131,125,5837,5386,25276936.75
July 2014,GOONDIWINDI,9,9,139,139,461963.1
July 2014,GYMPIE,18,18,355,346,1291339.22
July 2014,HINCHINBROOK,8,7,99,89,391306.4
July 2014,IPSWICH,41,41,1548,1543,7643266.8
July 2014,ISAAC,17,17,321,315,937305.12
July 2014,LIVINGSTONE,13,11,298,283,1148147.98
July 2014,LOCKYER VALLEY,17,17,278,278,989868.34
July 2014,LOGAN,40,38,2159,2080,13218759.22
July 2014,LONGREACH,5,4,77,57,
July 2014,MACKAY,43,43,1742,1717,6626125.81
July 2014,MARANOA,9,9,141,140,649717.56
July 2014,MAREEBA,7,7,196,194,755101.01
July 2014,MCKINLAY,1,1,10,10,
July 2014,MORETON BAY,64,63,3290,3127,15926746.98
July 2014,MOUNT ISA,6,6,451,440,2393679.13
July 2014,MURWEH,5,5,56,56,
July 2014,NOOSA,15,14,540,506,2146784.24
July 2014,NORTH BURNETT,9,8,94,89,254927.99
July 2014,PAROO,1,1,24,24,
July 2014,QUILPIE,1,1,6,6,
July 2014,REDLAND,29,28,1305,1278,5672655.64
July 2014,RICHMOND,1,1,8,8,
July 2014,ROCKHAMPTON,40,38,1073,1054,4785243.06
July 2014,SCENIC RIM,19,19,257,247,649298.88
July 2014,SOMERSET,12,12,142,130,422974.16
July 2014,SOUTH BURNETT,17,17,335,335,1185759.35
July 2014,SOUTHERN DOWNS,16,14,381,351,987021.25
July 2014,SUNSHINE COAST,74,72,3099,2949,11866688.32
July 2014,TABLELANDS,5,5,139,139,
July 2014,TOOWOOMBA,57,56,1649,1589,6093389.75
July 2014,TORRES,4,4,83,83,
July 2014,TOWNSVILLE,43,43,1726,1694,8642598.59
July 2014,WEIPA,3,3,67,66,
July 2014,WESTERN DOWNS,25,22,442,319,1343999.43
July 2014,WHITSUNDAY,19,18,467,436,1849798.06
July 2014,WINTON,3,3,17,13,
August 2014,BALONNE,5,5,86,86,
August 2014,BANANA,10,10,171,171,541380.29
August 2014,BARCALDINE,3,3,28,28,
August 2014,BLACKALL TAMBO,3,3,26,26,
August 2014,BRISBANE,204,203,9052,8781,43976487.84
August 2014,BUNDABERG,39,39,1266,1251,4732420.43
August 2014,BURDEKIN,7,6,179,159,628199.42
August 2014,CAIRNS,44,40,1819,1638,8424863.62
August 2014,CARPENTARIA,3,3,48,48,
August 2014,CASSOWARY COAST,15,15,380,368,1270165.71
August 2014,CENTRAL HIGHLANDS,20,18,471,393,1396283.22
August 2014,CHARTERS TOWERS,9,8,151,126,393024.85
August 2014,CLONCURRY,5,5,72,72,
August 2014,COOK,3,3,45,36,
August 2014,DOUGLAS,7,7,145,139,681925.28
August 2014,FLINDERS,2,2,28,28,
August 2014,FRASER COAST,36,35,1281,1211,5251049.95
August 2014,GLADSTONE,25,24,631,621,3897740.17
August 2014,GOLD COAST,131,125,5829,5357,27139271.96
August 2014,GOONDIWINDI,9,9,139,139,503848.77
August 2014,GYMPIE,19,18,355,355,1300643.86
August 2014,HINCHINBROOK,8,7,99,89,381708.42
August 2014,IPSWICH,41,41,1548,1543,7662016.39
August 2014,ISAAC,17,17,321,315,1091849.92
August 2014,LIVINGSTONE,13,11,298,283,1168979.9
August 2014,LOCKYER VALLEY,17,17,278,278,1014440
August 2014,LOGAN,40,38,2159,2080,13845243.81
August 2014,LONGREACH,5,4,67,57,
August 2014,MACKAY,43,43,1742,1717,7051404.51
August 2014,MARANOA,9,9,141,140,647509.43
August 2014,MAREEBA,7,7,196,194,693624.37
August 2014,MCKINLAY,1,1,10,10,
August 2014,MORETON BAY,64,63,3290,3142,16978120.28
August 2014,MOUNT ISA,6,6,451,440,2558883.55
August 2014,MURWEH,5,5,60,56,
August 2014,NOOSA,15,14,522,506,2424813.03
August 2014,NORTH BURNETT,9,8,94,89,256017.53
August 2014,PAROO,1,1,24,24,
August 2014,QUILPIE,1,1,6,6,
August 2014,REDLAND,29,28,1305,1278,5882185.94
August 2014,RICHMOND,1,1,8,8,
August 2014,ROCKHAMPTON,40,38,1073,1054,5063245.22
August 2014,SCENIC RIM,19,19,263,247,681942.67
August 2014,SOMERSET,12,12,142,130,425541
August 2014,SOUTH BURNETT,17,17,339,335,1083404.74
August 2014,SOUTHERN DOWNS,16,14,395,351,1122177.26
August 2014,SUNSHINE COAST,73,72,3068,2954,12652131.91
August 2014,TABLELANDS,5,5,139,139,
August 2014,TOOWOOMBA,57,56,1649,1597,6231359.69
August 2014,TORRES,4,4,83,83,
August 2014,TOWNSVILLE,43,43,1726,1704,8886143.43
August 2014,WEIPA,3,3,67,67,
August 2014,WESTERN DOWNS,24,22,382,336,1411965.94
August 2014,WHITSUNDAY,19,18,467,436,1945958.13
August 2014,WINTON,3,3,17,13,
September 2014,BALONNE,5,5,86,86,
September 2014,BANANA,10,10,171,171,468408.87
September 2014,BARCALDINE,3,3,28,28,
September 2014,BLACKALL TAMBO,3,3,26,26,
September 2014,BRISBANE,204,202,9034,8780,39165331.89
September 2014,BUNDABERG,39,39,1266,1252,4372865.49
September 2014,BURDEKIN,8,6,214,159,587050.26
September 2014,CAIRNS,44,40,1855,1638,7405450.52
September 2014,CARPENTARIA,3,3,48,48,
September 2014,CASSOWARY COAST,15,15,380,370,1043600.34
September 2014,CENTRAL HIGHLANDS,20,18,471,394,1304681.61
September 2014,CHARTERS TOWERS,9,9,151,151,347203.67
September 2014,CLONCURRY,5,5,72,72,
September 2014,COOK,3,3,54,36,
September 2014,DOUGLAS,7,7,145,139,492251.05
September 2014,FLINDERS,2,2,28,28,
September 2014,FRASER COAST,36,35,1281,1213,4388356.68
September 2014,GLADSTONE,25,24,631,621,3307825.5
September 2014,GOLD COAST,131,127,5829,5421,24408281.77
September 2014,GOONDIWINDI,9,9,139,139,418933.93
September 2014,GYMPIE,18,18,355,355,1125407.89
September 2014,HINCHINBROOK,8,7,99,90,295722.22
September 2014,IPSWICH,41,41,1548,1539,6741593.41
September 2014,ISAAC,17,16,315,309,911113.52
September 2014,LIVINGSTONE,13,11,298,283,978344.75
September 2014,LOCKYER VALLEY,17,17,278,278,898824.65
September 2014,LOGAN,40,37,2159,2022,11864563.4
September 2014,LONGREACH,5,4,67,57,
September 2014,MACKAY,43,43,1742,1719,5809416.68
September 2014,MARANOA,9,9,141,140,564585.97
September 2014,MAREEBA,7,7,196,194,620713.09
September 2014,MCKINLAY,1,1,10,10,
September 2014,MORETON BAY,64,63,3290,3118,15279206.17
September 2014,MOUNT ISA,6,6,451,440,1999642.42
September 2014,MURWEH,5,5,60,56,
September 2014,NOOSA,14,14,522,506,2066248.32
September 2014,NORTH BURNETT,9,8,94,89,207905.35
September 2014,PAROO,1,1,24,24,
September 2014,QUILPIE,1,1,6,6,
September 2014,REDLAND,29,28,1310,1279,5213622.23
September 2014,RICHMOND,1,1,8,8,
September 2014,ROCKHAMPTON,40,38,1073,1055,4196777.16
September 2014,SCENIC RIM,19,19,263,244,616602.37
September 2014,SOMERSET,12,12,142,130,355988.63
September 2014,SOUTH BURNETT,17,17,339,335,1039257.53
September 2014,SOUTHERN DOWNS,16,14,381,351,975498.89
September 2014,SUNSHINE COAST,74,72,3085,2958,10865623.25
September 2014,TABLELANDS,5,5,147,139,
September 2014,TOOWOOMBA,57,56,1649,1601,5586502.18
September 2014,TORRES,5,4,118,83,
September 2014,TOWNSVILLE,43,43,1725,1698,7636793.93
September 2014,WEIPA,3,3,67,67,
September 2014,WESTERN DOWNS,24,22,382,336,1330153.43
September 2014,WHITSUNDAY,19,18,467,439,1767921.67
September 2014,WINTON,3,3,17,13,
October 2014,BALONNE,5,5,86,86,
October 2014,BANANA,10,10,171,171,472100.96
October 2014,BARCALDINE,3,3,28,28,
October 2014,BLACKALL TAMBO,3,3,26,26,
October 2014,BRISBANE,203,201,9034,8771,41805011.61
October 2014,BUNDABERG,39,38,1266,1243,4380145.98
October 2014,BURDEKIN,8,6,214,159,642079.33
October 2014,CAIRNS,44,40,1855,1638,7829718.9
October 2014,CARPENTARIA,3,3,48,48,
October 2014,CASSOWARY COAST,15,15,380,370,1086134.77
October 2014,CENTRAL HIGHLANDS,20,18,471,394,1403417.68
October 2014,CHARTERS TOWERS,9,9,151,151,344767.25
October 2014,CLONCURRY,5,5,72,72,
October 2014,COOK,3,3,54,36,
October 2014,DOUGLAS,7,7,145,139,514043.01
October 2014,FLINDERS,2,2,28,28,
October 2014,FRASER COAST,36,35,1281,1213,4511486.75
October 2014,GLADSTONE,25,24,638,621,3344190.42
October 2014,GOLD COAST,131,126,5831,5493,25536776.92
October 2014,GOONDIWINDI,9,9,139,139,422387.28
October 2014,GYMPIE,19,18,365,355,1175917.47
October 2014,HINCHINBROOK,8,7,99,89,337898.51
October 2014,IPSWICH,41,41,1553,1537,6978660.97
October 2014,ISAAC,17,16,315,309,911480.63
October 2014,LIVINGSTONE,13,11,302,283,1031804.27
October 2014,LOCKYER VALLEY,17,17,278,278,943732.04
October 2014,LOGAN,39,37,2085,2022,12551611.87
October 2014,LONGREACH,4,4,67,57,
October 2014,MACKAY,43,43,1752,1718,6404590.19
October 2014,MARANOA,10,9,171,140,592261.41
October 2014,MAREEBA,7,7,196,194,613722.33
October 2014,MCKINLAY,1,1,10,10,
October 2014,MORETON BAY,64,63,3289,3163,15895327.94
October 2014,MOUNT ISA,6,6,451,440,2108736.61
October 2014,MURWEH,5,5,60,59,
October 2014,NOOSA,14,14,522,512,2342289.23
October 2014,NORTH BURNETT,9,8,94,89,191959.38
October 2014,PAROO,1,1,24,24,
October 2014,QUILPIE,1,1,6,6,
October 2014,REDLAND,29,28,1310,1278,5418058.96
October 2014,RICHMOND,1,1,8,8,
October 2014,ROCKHAMPTON,40,38,1073,1052,4395002.28
October 2014,SCENIC RIM,19,19,263,244,619579.35
October 2014,SOMERSET,12,12,142,130,362755.63
October 2014,SOUTH BURNETT,17,17,339,335,1072966.43
October 2014,SOUTHERN DOWNS,16,13,377,351,1021754.3
October 2014,SUNSHINE COAST,74,72,3085,2946,11927641.26
October 2014,TABLELANDS,6,6,147,147,448327.21
October 2014,TOOWOOMBA,57,55,1657,1580,5932432.51
October 2014,TORRES,5,4,118,83,
October 2014,TOWNSVILLE,43,43,1725,1701,8353629.96
October 2014,WEIPA,3,3,67,67,
October 2014,WESTERN DOWNS,25,22,393,336,1253690
October 2014,WHITSUNDAY,19,18,467,436,1799769.89
October 2014,WINTON,3,3,17,13,
November 2014,BALONNE,5,5,86,86,
November 2014,BANANA,10,10,171,171,430742.38
November 2014,BARCALDINE,3,3,28,28,
November 2014,BLACKALL TAMBO,3,3,26,26,
November 2014,BRISBANE,203,199,8990,8753,39805573.83
November 2014,BUNDABERG,39,39,1266,1251,4019915.01
November 2014,BURDEKIN,8,6,214,159,634840.03
November 2014,CAIRNS,44,40,1855,1660,7297537.68
November 2014,CARPENTARIA,3,3,48,48,
November 2014,CASSOWARY COAST,15,15,380,372,1024939.19
November 2014,CENTRAL HIGHLANDS,20,18,471,394,1245200.76
November 2014,CHARTERS TOWERS,9,9,151,151,304350.51
November 2014,CLONCURRY,5,5,72,72,
November 2014,COOK,3,3,54,36,
November 2014,DOUGLAS,7,7,145,139,462250.21
November 2014,FLINDERS,2,2,28,28,
November 2014,FRASER COAST,36,35,1296,1211,4411962.67
November 2014,GLADSTONE,25,24,643,621,3366186.06
November 2014,GOLD COAST,132,126,5829,5561,24443296.44
November 2014,GOONDIWINDI,9,9,139,139,410544.81
November 2014,GYMPIE,19,18,365,355,1119581.65
November 2014,HINCHINBROOK,8,7,99,89,256596.74
November 2014,IPSWICH,41,40,1553,1529,6627088.17
November 2014,ISAAC,17,16,315,309,917207.36
November 2014,LIVINGSTONE,13,11,302,283,951146.41
November 2014,LOCKYER VALLEY,17,17,278,278,906106.08
November 2014,LOGAN,39,37,2085,2042,11994650.64
November 2014,LONGREACH,4,4,67,57,
November 2014,MACKAY,43,43,1752,1718,5966723.21
November 2014,MARANOA,10,8,171,130,559264.61
November 2014,MAREEBA,7,7,201,194,550150.54
November 2014,MCKINLAY,1,1,10,10,
November 2014,MORETON BAY,64,63,3289,3163,15090949.76
November 2014,MOUNT ISA,6,6,451,438,2023079.07
November 2014,MURWEH,5,5,60,60,
November 2014,NOOSA,14,14,522,512,1997206.07
November 2014,NORTH BURNETT,9,8,94,89,197969.57
November 2014,PAROO,1,1,24,24,
November 2014,QUILPIE,1,1,6,6,
November 2014,REDLAND,29,28,1310,1278,5324648.7
November 2014,RICHMOND,1,1,8,8,
November 2014,ROCKHAMPTON,40,38,1073,1054,4118913.42
November 2014,SCENIC RIM,19,19,263,247,563967.57
November 2014,SOMERSET,12,12,142,130,362496.47
November 2014,SOUTH BURNETT,17,17,339,339,1000759.95
November 2014,SOUTHERN DOWNS,15,13,377,351,1004460.57
November 2014,SUNSHINE COAST,74,72,3085,2933,11437262.06
November 2014,TABLELANDS,5,5,147,139,
November 2014,TOOWOOMBA,57,55,1657,1591,5537347.06
November 2014,TORRES,5,4,118,83,
November 2014,TOWNSVILLE,43,43,1725,1697,7855332.8
November 2014,WEIPA,3,3,71,67,
November 2014,WESTERN DOWNS,25,22,393,336,1180807.31
November 2014,WHITSUNDAY,19,17,467,419,1578345.36
November 2014,WINTON,3,3,17,13,
December 2014,BALONNE,5,4,86,67,
December 2014,BANANA,10,10,171,171,418355.49
December 2014,BARCALDINE,3,3,28,28,
December 2014,BLACKALL TAMBO,3,3,26,26,
December 2014,BRISBANE,200,198,8939,8717,41567358.58
December 2014,BUNDABERG,39,39,1266,1256,4252336
December 2014,BURDEKIN,8,6,214,159,627185.48
December 2014,CAIRNS,45,40,1919,1678,7621659.31
December 2014,CARPENTARIA,3,3,48,48,
December 2014,CASSOWARY COAST,15,15,380,373,1120746.69
December 2014,CENTRAL HIGHLANDS,19,18,461,406,1259123.24
December 2014,CHARTERS TOWERS,9,9,151,151,343973.01
December 2014,CLONCURRY,5,5,72,72,
December 2014,COOK,3,3,54,36,
December 2014,DOUGLAS,7,7,145,139,481861.25
December 2014,FLINDERS,2,2,28,28,
December 2014,FRASER COAST,36,34,1306,1205,4516913.85
December 2014,GLADSTONE,25,24,643,621,3334277.18
December 2014,GOLD COAST,131,128,5829,5656,25275532.46
December 2014,GOONDIWINDI,9,9,139,139,447640.55
December 2014,GYMPIE,19,19,363,365,1181335.51
December 2014,HINCHINBROOK,8,7,95,89,265024.51
December 2014,IPSWICH,41,40,1553,1529,6819899.87
December 2014,ISAAC,17,16,315,309,825991.44
December 2014,LIVINGSTONE,13,11,302,283,1055848.35
December 2014,LOCKYER VALLEY,17,17,278,278,993764.26
December 2014,LOGAN,39,37,2085,2046,12526901.89
December 2014,LONGREACH,4,4,67,57,
December 2014,MACKAY,45,43,1822,1718,5995112.1
December 2014,MARANOA,10,8,171,130,477666.75
December 2014,MAREEBA,7,7,201,195,718228.87
December 2014,MCKINLAY,1,1,10,10,
December 2014,MORETON BAY,64,63,3307,3183,15623416.43
December 2014,MOUNT ISA,6,6,451,440,2007725.88
December 2014,MURWEH,5,5,60,60,
December 2014,NOOSA,14,14,522,512,2106638.11
December 2014,NORTH BURNETT,9,8,89,89,193878.13
December 2014,PAROO,1,1,24,24,
December 2014,QUILPIE,1,1,6,6,
December 2014,REDLAND,29,28,1310,1278,5514260.36
December 2014,RICHMOND,1,1,8,8,
December 2014,ROCKHAMPTON,40,38,1073,1054,4298196.99
December 2014,SCENIC RIM,19,19,263,247,615729.65
December 2014,SOMERSET,13,12,152,130,369783.52
December 2014,SOUTH BURNETT,17,17,339,339,1043456.8
December 2014,SOUTHERN DOWNS,13,13,356,351,972730.99
December 2014,SUNSHINE COAST,74,72,3085,2961,11892616.11
December 2014,TABLELANDS,5,5,147,139,
December 2014,TOOWOOMBA,57,56,1657,1606,5772986.73
December 2014,TORRES,5,4,136,83,
December 2014,TOWNSVILLE,43,42,1725,1683,7862610.88
December 2014,WEIPA,3,3,71,67,
December 2014,WESTERN DOWNS,25,22,396,336,1014940.15
December 2014,WHITSUNDAY,19,17,467,419,1560477.43
December 2014,WINTON,3,3,17,13,
January 2015,BALONNE,5,4,86,67,
January 2015,BANANA,10,10,171,171,420489.72
January 2015,BARCALDINE,3,3,28,28,
January 2015,BLACKALL TAMBO,3,3,26,26,
January 2015,BRISBANE,200,198,8939,8679,39555385.62
January 2015,BUNDABERG,39,39,1266,1256,4111199.73
January 2015,BURDEKIN,8,6,214,159,567501.31
January 2015,CAIRNS,45,40,1919,1676,7141298.64
January 2015,CARPENTARIA,3,3,48,48,
January 2015,CASSOWARY COAST,15,15,380,373,930223.59
January 2015,CENTRAL HIGHLANDS,19,18,461,406,1100095.46
January 2015,CHARTERS TOWERS,9,9,151,151,337791.11
January 2015,CLONCURRY,5,5,72,72,
January 2015,COOK,3,3,54,36,
January 2015,DOUGLAS,7,7,145,139,452323.58
January 2015,FLINDERS,2,2,28,28,
January 2015,FRASER COAST,36,34,1290,1205,4906419.13
January 2015,GLADSTONE,25,24,643,621,3045780.43
January 2015,GOLD COAST,131,128,5829,5652,25188909.05
January 2015,GOONDIWINDI,9,9,139,139,380730.15
January 2015,GYMPIE,19,19,363,363,1164455.96
January 2015,HINCHINBROOK,8,7,97,89,273502.37
January 2015,IPSWICH,41,40,1553,1529,6696244.59
January 2015,ISAAC,16,16,315,309,791291.28
January 2015,LIVINGSTONE,13,11,302,283,1007668.42
January 2015,LOCKYER VALLEY,17,17,278,278,972555.75
January 2015,LOGAN,38,37,2080,2037,11466779.6
January 2015,LONGREACH,4,4,67,57,
January 2015,MACKAY,45,43,1822,1718,5663856.46
January 2015,MARANOA,10,8,171,130,483656.24
January 2015,MAREEBA,7,7,201,195,677931.01
January 2015,MCKINLAY,1,1,10,10,
January 2015,MORETON BAY,64,63,3382,3183,15251678.56
January 2015,MOUNT ISA,6,6,451,440,1866817.8
January 2015,MURWEH,5,5,60,60,
January 2015,NOOSA,14,14,522,512,2120589.7
January 2015,NORTH BURNETT,9,8,89,89,177383.75
January 2015,PAROO,1,1,24,24,
January 2015,QUILPIE,1,1,6,6,
January 2015,REDLAND,29,28,1305,1272,5259871.8
January 2015,RICHMOND,1,1,8,8,
January 2015,ROCKHAMPTON,40,38,1094,1054,4030131.93
January 2015,SCENIC RIM,19,19,263,247,610270.61
January 2015,SOMERSET,13,12,152,130,332831.5
January 2015,SOUTH BURNETT,17,17,339,339,1063481.69
January 2015,SOUTHERN DOWNS,13,13,356,351,1052555
January 2015,SUNSHINE COAST,74,72,3085,2960,11866932.84
January 2015,TABLELANDS,5,5,147,139,
January 2015,TOOWOOMBA,57,55,1657,1597,5588771.32
January 2015,TORRES,5,4,136,83,
January 2015,TOWNSVILLE,43,42,1725,1682,7553234.92
January 2015,WEIPA,3,3,71,66,
January 2015,WESTERN DOWNS,25,22,396,336,987449.43
January 2015,WHITSUNDAY,19,17,472,419,1399006.94
January 2015,WINTON,3,3,17,13,
February 2015,BALONNE,5,4,86,67,
February 2015,BANANA,10,10,184,171,438049.19
February 2015,BARCALDINE,3,3,28,28,
February 2015,BLACKALL TAMBO,3,3,26,26,
February 2015,BRISBANE,200,198,8949,8679,36831970.87
February 2015,BUNDABERG,39,39,1266,1256,3638478.73
February 2015,BURDEKIN,8,6,214,159,459261.07
February 2015,CAIRNS,45,40,1919,1696,6371205.04
February 2015,CARPENTARIA,3,3,48,48,
February 2015,CASSOWARY COAST,15,15,380,373,862658.8
February 2015,CENTRAL HIGHLANDS,19,18,461,406,1037459.72
February 2015,CHARTERS TOWERS,9,9,151,151,302710.43
February 2015,CLONCURRY,5,5,72,72,
February 2015,COOK,3,3,54,36,
February 2015,DOUGLAS,7,6,145,115,362612.1
February 2015,FLINDERS,2,2,28,28,
February 2015,FRASER COAST,35,34,1308,1205,4115524.28
February 2015,GLADSTONE,25,24,659,621,2902746.2
February 2015,GOLD COAST,131,128,5846,5653,22330845.68
February 2015,GOONDIWINDI,9,9,139,139,346470.77
February 2015,GYMPIE,19,19,363,363,1023832.84
February 2015,HINCHINBROOK,8,7,97,89,264050.32
February 2015,IPSWICH,42,40,1616,1529,5989761.84
February 2015,ISAAC,16,16,315,309,731401.92
February 2015,LIVINGSTONE,13,11,302,283,689962.55
February 2015,LOCKYER VALLEY,17,17,278,278,778489.18
February 2015,LOGAN,38,37,2080,2039,10602192.18
February 2015,LONGREACH,4,4,67,57,
February 2015,MACKAY,45,43,1822,1715,5223212.33
February 2015,MARANOA,10,8,171,130,401734.78
February 2015,MAREEBA,7,7,201,195,591746.99
February 2015,MCKINLAY,1,1,10,10,
February 2015,MORETON BAY,64,63,3382,3183,13820344.4
February 2015,MOUNT ISA,6,6,451,440,1693069.85
February 2015,MURWEH,5,5,60,60,
February 2015,NOOSA,14,14,522,512,1798161.1
February 2015,NORTH BURNETT,9,8,89,89,141751.24
February 2015,PAROO,1,1,24,24,
February 2015,QUILPIE,1,1,6,6,
February 2015,REDLAND,29,28,1305,1273,4858411
February 2015,RICHMOND,1,1,8,8,
February 2015,ROCKHAMPTON,40,37,1112,1039,3235646.43
February 2015,SCENIC RIM,19,19,263,247,476749.25
February 2015,SOMERSET,13,12,152,130,341687.8
February 2015,SOUTH BURNETT,17,17,339,339,932438.53
February 2015,SOUTHERN DOWNS,13,13,356,351,911874.51
February 2015,SUNSHINE COAST,74,71,3053,2928,10118379.37
February 2015,TABLELANDS,5,5,147,139,
February 2015,TOOWOOMBA,57,55,1657,1597,5226745.66
February 2015,TORRES,5,4,136,83,
February 2015,TOWNSVILLE,43,42,1725,1683,6770010.31
February 2015,WEIPA,3,3,71,67,
February 2015,WESTERN DOWNS,25,22,396,336,983946.86
February 2015,WHITSUNDAY,19,18,472,426,1050550.04
February 2015,WINTON,3,3,17,13,
March 2015,BALONNE,5,4,86,67,
March 2015,BANANA,10,10,184,171,496816.42
March 2015,BARCALDINE,3,3,28,28,
March 2015,BLACKALL TAMBO,3,3,26,26,
March 2015,BRISBANE,200,197,8926,8686,40444160.45
March 2015,BUNDABERG,39,39,1266,1256,4015053.63
March 2015,BURDEKIN,8,6,214,159,499780.21
March 2015,CAIRNS,44,40,1889,1695,7224867.1
March 2015,CARPENTARIA,3,3,48,48,
March 2015,CASSOWARY COAST,15,15,380,371,978977.64
March 2015,CENTRAL HIGHLANDS,19,18,461,406,1124155.19
March 2015,CHARTERS TOWERS,9,9,151,151,318364.15
March 2015,CLONCURRY,5,5,72,72,
March 2015,COOK,3,3,54,37,
March 2015,DOUGLAS,7,6,145,115,418307.8
March 2015,FLINDERS,2,2,28,28,
March 2015,FRASER COAST,35,34,1308,1219,4294000.77
March 2015,GLADSTONE,25,24,659,621,3062578.33
March 2015,GOLD COAST,131,127,5846,5633,24650693.72
March 2015,GOONDIWINDI,9,9,147,139,391320.53
March 2015,GYMPIE,19,19,363,363,1102232.97
March 2015,HINCHINBROOK,7,7,97,89,242608.7
March 2015,IPSWICH,42,39,1607,1520,6370863.75
March 2015,ISAAC,16,16,315,309,784575.29
March 2015,LIVINGSTONE,13,9,302,144,813757.05
March 2015,LOCKYER VALLEY,17,17,278,278,865310.97
March 2015,LOGAN,38,37,2080,2044,11537748.74
March 2015,LONGREACH,4,4,67,57,
March 2015,MACKAY,45,43,1822,1717,5584562.45
March 2015,MARANOA,10,8,171,130,456251.19
March 2015,MAREEBA,7,7,204,195,587776.8
March 2015,MCKINLAY,1,,10,,
March 2015,MORETON BAY,64,63,3382,3175,14814162.93
March 2015,MOUNT ISA,6,6,451,440,1851536.99
March 2015,MURWEH,5,5,60,60,
March 2015,NOOSA,14,14,522,512,2022630.48
March 2015,NORTH BURNETT,8,8,89,89,201839.99
March 2015,PAROO,1,1,24,24,
March 2015,QUILPIE,1,1,6,6,
March 2015,REDLAND,29,28,1245,1273,5280673.88
March 2015,RICHMOND,1,1,8,8,
March 2015,ROCKHAMPTON,39,36,1112,1031,4776364.63
March 2015,SCENIC RIM,19,19,263,247,557257.1
March 2015,SOMERSET,13,12,152,130,318178.89
March 2015,SOUTH BURNETT,17,17,339,339,1013795.09
March 2015,SOUTHERN DOWNS,13,13,356,351,966766.9
March 2015,SUNSHINE COAST,73,72,3073,2962,11423278.83
March 2015,TABLELANDS,5,5,147,139,
March 2015,TOOWOOMBA,57,55,1655,1595,5460830.99
March 2015,TORRES,5,4,136,83,
March 2015,TOWNSVILLE,44,42,1808,1680,7440029.79
March 2015,WEIPA,3,3,71,67,
March 2015,WESTERN DOWNS,25,22,396,336,1045311.1
March 2015,WHITSUNDAY,20,18,517,426,1321094.11
March 2015,WINTON,3,3,17,13,
April 2015,BALONNE,5,4,86,67,
April 2015,BANANA,10,10,184,171,437465.36
April 2015,BARCALDINE,3,3,28,28,
April 2015,BLACKALL TAMBO,3,2,26,18,
April 2015,BRISBANE,200,197,8912,8655,39282580.7
April 2015,BUNDABERG,39,39,1266,1256,4019819.11
April 2015,BURDEKIN,8,6,214,159,478087.37
April 2015,CAIRNS,44,40,1889,1705,6902071.32
April 2015,CARPENTARIA,3,3,48,48,
April 2015,CASSOWARY COAST,15,15,380,371,946080.9
April 2015,CENTRAL HIGHLANDS,19,18,461,406,1049115.15
April 2015,CHARTERS TOWERS,9,9,151,151,300189.92
April 2015,CLONCURRY,5,5,72,72,
April 2015,COOK,3,3,54,37,
April 2015,DOUGLAS,7,6,145,115,439627.7
April 2015,FLINDERS,2,2,28,28,
April 2015,FRASER COAST,35,34,1308,1219,4452706.54
April 2015,GLADSTONE,25,24,659,621,2950982.02
April 2015,GOLD COAST,131,127,5846,5589,24209627.31
April 2015,GOONDIWINDI,9,9,147,139,365367.57
April 2015,GYMPIE,19,19,363,363,1108856.69
April 2015,HINCHINBROOK,7,7,97,89,287607.19
April 2015,IPSWICH,41,37,1581,1497,6219231.07
April 2015,ISAAC,16,16,315,308,796743.1
April 2015,LIVINGSTONE,13,11,302,283,779157.23
April 2015,LOCKYER VALLEY,17,17,278,278,853025.18
April 2015,LOGAN,38,37,2080,2002,11617656.44
April 2015,LONGREACH,4,4,67,57,
April 2015,MACKAY,45,43,1822,1720,5370185.47
April 2015,MARANOA,10,8,171,130,486953.87
April 2015,MAREEBA,7,7,204,196,644451.02
April 2015,MCKINLAY,1,,10,,
April 2015,MORETON BAY,64,63,3356,3235,14994771.08
April 2015,MOUNT ISA,6,6,451,436,1937490.7
April 2015,MURWEH,5,5,60,60,
April 2015,NOOSA,14,14,516,502,2050018.39
April 2015,NORTH BURNETT,8,8,89,89,177107.56
April 2015,PAROO,1,1,24,24,
April 2015,QUILPIE,1,1,6,6,
April 2015,REDLAND,29,28,1245,1283,5274931.39
April 2015,RICHMOND,1,1,8,8,
April 2015,ROCKHAMPTON,39,36,1112,1038,4444060.58
April 2015,SCENIC RIM,19,19,263,247,546183.33
April 2015,SOMERSET,13,12,152,130,313069.48
April 2015,SOUTH BURNETT,17,17,339,339,942774.67
April 2015,SOUTHERN DOWNS,13,13,356,351,1009289.39
April 2015,SUNSHINE COAST,73,72,3063,2963,11037592.35
April 2015,TABLELANDS,5,5,147,139,
April 2015,TOOWOOMBA,57,55,1655,1596,5336540.42
April 2015,TORRES,5,4,136,83,
April 2015,TOWNSVILLE,44,41,1788,1662,7418400.99
April 2015,WEIPA,3,3,71,67,
April 2015,WESTERN DOWNS,25,22,396,336,1002664.54
April 2015,WHITSUNDAY,20,18,517,425,1257063.74
April 2015,WINTON,3,3,17,13,
May 2015,BALONNE,5,4,86,67,
May 2015,BANANA,10,10,187,171,474807.95
May 2015,BARCALDINE,3,3,28,28,
May 2015,BLACKALL TAMBO,3,2,26,18,
May 2015,BRISBANE,200,196,8910,8640,40819576.77
May 2015,BUNDABERG,39,39,1306,1256,4310658.56
May 2015,BURDEKIN,8,6,214,159,540227.32
May 2015,CAIRNS,44,40,1889,1708,7291646.05
May 2015,CARPENTARIA,3,3,48,48,
May 2015,CASSOWARY COAST,15,15,380,373,1074288.83
May 2015,CENTRAL HIGHLANDS,19,18,461,406,1195799.3
May 2015,CHARTERS TOWERS,9,9,151,151,358256.74
May 2015,CLONCURRY,5,5,72,72,
May 2015,COOK,3,3,54,37,
May 2015,DOUGLAS,7,7,157,144,424280.63
May 2015,FLINDERS,2,2,28,28,
May 2015,FRASER COAST,35,34,1308,1216,4524724.05
May 2015,GLADSTONE,25,24,659,619,3173404.24
May 2015,GOLD COAST,131,127,5846,5635,25242608.18
May 2015,GOONDIWINDI,9,9,147,139,322788.21
May 2015,GYMPIE,19,19,372,363,1179839.56
May 2015,HINCHINBROOK,7,7,97,89,276564.18
May 2015,IPSWICH,39,37,1581,1493,6926449.99
May 2015,ISAAC,16,16,315,308,895906.52
May 2015,LIVINGSTONE,13,11,302,283,1119078.59
May 2015,LOCKYER VALLEY,17,17,278,278,972706.78
May 2015,LOGAN,38,37,2098,2004,12436675.38
May 2015,LONGREACH,4,4,67,57,
May 2015,MACKAY,46,43,1867,1725,5664238.65
May 2015,MARANOA,10,8,171,130,539499.29
May 2015,MAREEBA,7,6,204,191,616412.71
May 2015,MCKINLAY,1,,10,,
May 2015,MORETON BAY,64,64,3362,3258,15456857.82
May 2015,MOUNT ISA,6,6,451,440,2071438.67
May 2015,MURWEH,5,5,60,60,
May 2015,NOOSA,14,14,516,506,2093272.17
May 2015,NORTH BURNETT,8,8,89,89,227840.44
May 2015,PAROO,1,1,24,24,
May 2015,QUILPIE,1,1,6,6,
May 2015,REDLAND,28,27,1245,1220,5312827.79
May 2015,RICHMOND,1,1,8,8,
May 2015,ROCKHAMPTON,39,36,1112,1038,4338747.81
May 2015,SCENIC RIM,19,19,263,253,612144.68
May 2015,SOMERSET,13,12,152,130,330773.28
May 2015,SOUTH BURNETT,17,17,339,339,1015690.75
May 2015,SOUTHERN DOWNS,13,13,356,351,952059.17
May 2015,SUNSHINE COAST,73,72,3049,2958,11804327.49
May 2015,TABLELANDS,5,5,147,139,
May 2015,TOOWOOMBA,57,55,1615,1594,5326374.4
May 2015,TORRES,5,4,140,85,
May 2015,TOWNSVILLE,43,40,1807,1641,7756419.02
May 2015,WEIPA,3,3,76,67,
May 2015,WESTERN DOWNS,25,22,396,336,1137970.21
May 2015,WHITSUNDAY,20,18,500,425,1450573.03
May 2015,WINTON,3,3,17,13,
June 2015,BALONNE,5,4,86,67,
June 2015,BANANA,10,10,187,171,415436.95
June 2015,BARCALDINE,3,3,28,28,
June 2015,BLACKALL TAMBO,3,2,26,18,
June 2015,BRISBANE,200,195,8882,8624,39714708.65
June 2015,BUNDABERG,39,39,1306,1256,3962215.85
June 2015,BURDEKIN,8,6,214,159,564104.28
June 2015,CAIRNS,44,41,1889,1727,7274033.03
June 2015,CARPENTARIA,3,3,48,48,
June 2015,CASSOWARY COAST,15,15,380,373,996323.22
June 2015,CENTRAL HIGHLANDS,19,18,461,406,1210127.6
June 2015,CHARTERS TOWERS,9,9,151,151,352883.89
June 2015,CLONCURRY,5,5,72,72,
June 2015,COOK,3,3,54,39,
June 2015,DOUGLAS,7,7,157,145,438407.12
June 2015,FLINDERS,2,2,28,28,
June 2015,FRASER COAST,35,34,1308,1220,4487154.33
June 2015,GLADSTONE,25,24,659,621,3024419.21
June 2015,GOLD COAST,131,127,5846,5635,25219071.79
June 2015,GOONDIWINDI,9,9,147,139,372881.51
June 2015,GYMPIE,19,19,372,363,1058413.5
June 2015,HINCHINBROOK,7,7,97,89,262612.21
June 2015,IPSWICH,39,37,1581,1503,6545172.36
June 2015,ISAAC,16,16,315,309,803593.38
June 2015,LIVINGSTONE,13,11,302,283,1189524.88
June 2015,LOCKYER VALLEY,17,17,278,278,934096.65
June 2015,LOGAN,38,37,2098,2048,12059520.2
June 2015,LONGREACH,4,4,67,57,
June 2015,MACKAY,46,43,1867,1726,5487605.82
June 2015,MARANOA,10,8,171,130,400537.72
June 2015,MAREEBA,7,6,204,191,613042.71
June 2015,MCKINLAY,1,,10,,
June 2015,MORETON BAY,64,64,3362,3238,15135169.41
June 2015,MOUNT ISA,6,6,451,440,2065727.58
June 2015,MURWEH,5,5,60,60,
June 2015,NOOSA,14,14,516,506,2064956.02
June 2015,NORTH BURNETT,8,8,89,89,213621.23
June 2015,PAROO,1,1,24,24,
June 2015,QUILPIE,1,1,6,6,
June 2015,REDLAND,28,27,1245,1222,5197004.42
June 2015,RICHMOND,1,1,8,8,
June 2015,ROCKHAMPTON,39,36,1107,1038,4363235.44
June 2015,SCENIC RIM,19,19,263,253,599807.77
June 2015,SOMERSET,13,12,152,130,315506.16
June 2015,SOUTH BURNETT,17,17,339,339,920607.21
June 2015,SOUTHERN DOWNS,13,13,356,351,984576.14
June 2015,SUNSHINE COAST,72,72,3049,2960,11327732.12
June 2015,TABLELANDS,5,5,147,139,
June 2015,TOOWOOMBA,56,54,1615,1569,5408017.64
June 2015,TORRES,5,4,140,83,
June 2015,TOWNSVILLE,42,40,1793,1646,7337505.18
June 2015,WEIPA,3,3,76,75,
June 2015,WESTERN DOWNS,25,22,396,339,1001832.7
June 2015,WHITSUNDAY,20,18,500,436,1552676.67
June 2015,WINTON,3,3,17,13,
July 2015,BALONNE,5,4,86,67,
July 2015,BANANA,10,10,187,171,554318.63
July 2015,BARCALDINE,3,3,28,28,
July 2015,BLACKALL TAMBO,3,2,26,18,
July 2015,BRISBANE,199,194,8860,8572,45611209.98
July 2015,BUNDABERG,39,39,1291,1242,4754304.86
July 2015,BURDEKIN,8,6,214,159,620854
July 2015,CAIRNS,44,41,1889,1733,9740685.32
July 2015,CARPENTARIA,3,3,48,48,
July 2015,CASSOWARY COAST,15,15,380,374,1218579.16
July 2015,CENTRAL HIGHLANDS,19,18,461,406,1401694.69
July 2015,CHARTERS TOWERS,9,9,151,151,500345.52
July 2015,CLONCURRY,5,5,72,72,
July 2015,COOK,3,2,54,28,
July 2015,DOUGLAS,7,7,157,145,599482.61
July 2015,FLINDERS,2,2,28,28,
July 2015,FRASER COAST,35,34,1308,1222,5252824.92
July 2015,GLADSTONE,25,24,659,621,3308150.12
July 2015,GOLD COAST,132,126,5956,5610,28492069.32
July 2015,GOONDIWINDI,9,9,147,139,469074.85
July 2015,GYMPIE,19,19,372,363,1314116.73
July 2015,HINCHINBROOK,7,7,97,89,341185.81
July 2015,IPSWICH,39,37,1581,1503,7982503.55
July 2015,ISAAC,16,16,315,309,916370.92
July 2015,LIVINGSTONE,13,11,302,283,1323379.17
July 2015,LOCKYER VALLEY,17,16,278,266,1076483.6
July 2015,LOGAN,38,37,2098,2031,14643456.79
July 2015,LONGREACH,4,4,67,57,
July 2015,MACKAY,46,43,1867,1725,6328414.95
July 2015,MARANOA,10,8,171,130,531679.2
July 2015,MAREEBA,7,6,204,191,814280.59
July 2015,MCKINLAY,1,,10,,
July 2015,MORETON BAY,64,64,3379,3237,17511132.25
July 2015,MOUNT ISA,6,6,451,440,2547123.1
July 2015,MURWEH,5,5,60,60,
July 2015,NOOSA,14,14,516,506,2299783.13
July 2015,NORTH BURNETT,8,8,89,89,281777.94
July 2015,PAROO,1,1,24,24,
July 2015,QUILPIE,1,1,6,6,
July 2015,REDLAND,28,27,1245,1222,6011590.31
July 2015,RICHMOND,1,1,8,8,
July 2015,ROCKHAMPTON,39,35,1107,1003,4965913.93
July 2015,SCENIC RIM,19,19,263,253,698071
July 2015,SOMERSET,13,12,152,130,363651.41
July 2015,SOUTH BURNETT,17,17,339,339,1245012.4
July 2015,SOUTHERN DOWNS,13,13,356,351,1139344.98
July 2015,SUNSHINE COAST,72,72,3043,2954,12691401.29
July 2015,TABLELANDS,5,5,147,139,
July 2015,TOOWOOMBA,56,54,1697,1556,6397769.93
July 2015,TORRES,5,4,140,83,
July 2015,TOWNSVILLE,43,40,1830,1652,9254510.9
July 2015,WEIPA,3,3,76,71,
July 2015,WESTERN DOWNS,25,22,396,339,1118694.14
July 2015,WHITSUNDAY,19,18,500,426,1891668.25
July 2015,WINTON,3,3,17,13,
August 2015,BALONNE,5,4,86,67,
August 2015,BANANA,10,10,187,171,610236.8
August 2015,BARCALDINE,3,3,28,28,
August 2015,BLACKALL TAMBO,3,2,26,18,
August 2015,BRISBANE,197,194,8850,8549,45235921.12
August 2015,BUNDABERG,39,39,1291,1240,4577540.69
August 2015,BURDEKIN,8,6,214,159,597963.7
August 2015,CAIRNS,44,42,1889,1747,9359608.67
August 2015,CARPENTARIA,3,3,48,48,
August 2015,CASSOWARY COAST,15,15,380,373,1079333.09
August 2015,CENTRAL HIGHLANDS,19,18,461,406,1375556.83
August 2015,CHARTERS TOWERS,9,9,150,150,445151.33
August 2015,CLONCURRY,5,5,72,72,
August 2015,COOK,3,3,54,43,
August 2015,DOUGLAS,7,7,157,145,618285.17
August 2015,FLINDERS,2,2,28,28,
August 2015,FRASER COAST,35,34,1307,1221,5344974.03
August 2015,GLADSTONE,25,24,659,621,3371430.89
August 2015,GOLD COAST,131,124,5926,5547,28771166.13
August 2015,GOONDIWINDI,9,9,147,139,496367.03
August 2015,GYMPIE,19,19,372,363,1272129.66
August 2015,HINCHINBROOK,7,7,97,89,328176.25
August 2015,IPSWICH,39,37,1581,1504,8032810.62
August 2015,ISAAC,16,16,315,309,940573.28
August 2015,LIVINGSTONE,13,11,302,283,1522255.58
August 2015,LOCKYER VALLEY,17,16,276,266,1013715.2
August 2015,LOGAN,38,37,2098,2031,14535285.71
August 2015,LONGREACH,4,4,67,57,
August 2015,MACKAY,46,43,1852,1720,6627160.09
August 2015,MARANOA,10,8,171,130,550764.09
August 2015,MAREEBA,7,6,204,191,779764.99
August 2015,MCKINLAY,1,,10,,
August 2015,MORETON BAY,64,64,3379,3244,17713726.91
August 2015,MOUNT ISA,6,6,451,440,2486334.49
August 2015,MURWEH,5,5,60,60,
August 2015,NOOSA,14,14,516,506,2250817.62
August 2015,NORTH BURNETT,8,8,89,89,222930.41
August 2015,PAROO,1,1,24,24,
August 2015,QUILPIE,1,1,6,6,
August 2015,REDLAND,28,27,1245,1222,5894869.93
August 2015,RICHMOND,1,1,8,8,
August 2015,ROCKHAMPTON,39,35,1102,1003,4856553.53
August 2015,SCENIC RIM,19,19,263,253,679098.95
August 2015,SOMERSET,13,12,152,130,357605.8
August 2015,SOUTH BURNETT,17,17,339,339,1152656
August 2015,SOUTHERN DOWNS,13,13,356,351,990346.58
August 2015,SUNSHINE COAST,72,71,3043,2899,13086572.04
August 2015,TABLELANDS,5,5,147,139,
August 2015,TOOWOOMBA,56,54,1697,1555,6309728.74
August 2015,TORRES,5,4,140,83,
August 2015,TOWNSVILLE,43,40,1830,1647,9068063.86
August 2015,WEIPA,3,3,76,71,
August 2015,WESTERN DOWNS,25,22,396,339,1116744.86
August 2015,WHITSUNDAY,19,18,500,426,1867453.43
August 2015,WINTON,3,3,17,13,
September 2015,BALONNE,5,5,86,86,
September 2015,BANANA,10,10,187,171,557919.2
September 2015,BARCALDINE,3,3,28,28,
September 2015,BLACKALL TAMBO,3,2,26,18,
September 2015,BRISBANE,196,194,8835,8550,42905245.08
September 2015,BUNDABERG,39,39,1370,1244,4374156.4
September 2015,BURDEKIN,8,6,214,159,544241.1
September 2015,CAIRNS,44,42,1889,1747,8163982.48
September 2015,CARPENTARIA,3,3,48,48,
September 2015,CASSOWARY COAST,15,15,380,373,1177087.99
September 2015,CENTRAL HIGHLANDS,19,18,461,406,1259638.03
September 2015,CHARTERS TOWERS,9,9,150,150,322738.35
September 2015,CLONCURRY,5,5,72,72,
September 2015,COOK,3,3,54,43,
September 2015,DOUGLAS,7,7,157,145,599882.65
September 2015,FLINDERS,2,2,28,28,
September 2015,FRASER COAST,35,34,1307,1221,4791011.21
September 2015,GLADSTONE,25,24,659,608,2945149.06
September 2015,GOLD COAST,131,125,5926,5557,26505908.99
September 2015,GOONDIWINDI,9,9,147,139,394927.5
September 2015,GYMPIE,19,18,372,353,1208329.97
September 2015,HINCHINBROOK,7,7,97,89,346094.35
September 2015,IPSWICH,39,36,1574,1502,6946859.16
September 2015,ISAAC,16,16,315,309,897543.57
September 2015,LIVINGSTONE,13,11,302,283,1195942.79
September 2015,LOCKYER VALLEY,17,16,276,266,1036604.22
September 2015,LOGAN,38,37,2098,2031,13217566.07
September 2015,LONGREACH,4,4,67,62,
September 2015,MACKAY,46,44,1852,1719,5983761.26
September 2015,MARANOA,10,8,171,130,478071.84
September 2015,MAREEBA,7,6,204,191,674657.22
September 2015,MCKINLAY,1,,10,,
September 2015,MORETON BAY,64,64,3379,3244,16244338.25
September 2015,MOUNT ISA,6,6,451,441,2114873.62
September 2015,MURWEH,5,5,60,60,
September 2015,NOOSA,14,14,516,506,2136045.17
September 2015,NORTH BURNETT,8,8,89,89,234046.57
September 2015,PAROO,1,1,24,24,
September 2015,QUILPIE,1,1,6,6,
September 2015,REDLAND,28,27,1245,1225,5787886.51
September 2015,RICHMOND,1,1,8,8,
September 2015,ROCKHAMPTON,39,35,1102,1003,4343325.47
September 2015,SCENIC RIM,19,19,263,253,603006.35
September 2015,SOMERSET,13,12,152,130,295235.17
September 2015,SOUTH BURNETT,17,17,339,339,1090000.32
September 2015,SOUTHERN DOWNS,13,13,356,351,979131.37
September 2015,SUNSHINE COAST,72,71,3043,2899,11898165.23
September 2015,TABLELANDS,5,5,147,139,
September 2015,TOOWOOMBA,56,54,1697,1555,5762194.25
September 2015,TORRES,5,4,140,83,
September 2015,TOWNSVILLE,45,40,1900,1647,7988258.31
September 2015,WEIPA,3,3,76,70,
September 2015,WESTERN DOWNS,24,22,390,339,964921.14
September 2015,WHITSUNDAY,19,18,500,430,1748229.61
September 2015,WINTON,3,3,17,13,
October 2015,BALONNE,5,5,86,86,
October 2015,BANANA,10,10,187,171,564233.15
October 2015,BARCALDINE,3,3,28,28,
October 2015,BLACKALL TAMBO,3,2,26,18,
October 2015,BRISBANE,196,194,8835,8584,43861555.84
October 2015,BUNDABERG,39,39,1416,1233,4314652.18
October 2015,BURDEKIN,8,6,214,159,598847.98
October 2015,CAIRNS,44,42,1889,1747,8578388.11
October 2015,CARPENTARIA,3,3,48,48,
October 2015,CASSOWARY COAST,15,15,380,373,1134734.63
October 2015,CENTRAL HIGHLANDS,19,18,461,406,1202108.34
October 2015,CHARTERS TOWERS,9,9,150,150,318493.77
October 2015,CLONCURRY,5,5,72,72,
October 2015,COOK,3,3,54,43,
October 2015,DOUGLAS,7,7,157,145,579382.55
October 2015,FLINDERS,2,2,28,28,
October 2015,FRASER COAST,35,34,1307,1220,4989812.88
October 2015,GLADSTONE,25,24,659,594,3021967.7
October 2015,GOLD COAST,131,126,5926,5671,28300675.31
October 2015,GOONDIWINDI,9,9,147,139,465911.79
October 2015,GYMPIE,19,19,372,363,1281834.52
October 2015,HINCHINBROOK,7,7,97,89,290998.83
October 2015,IPSWICH,39,36,1574,1499,7333344.37
October 2015,ISAAC,16,16,315,309,865485.76
October 2015,LIVINGSTONE,13,11,302,283,1318852.05
October 2015,LOCKYER VALLEY,17,16,267,257,991184.97
October 2015,LOGAN,38,37,2098,2031,13175401.22
October 2015,LONGREACH,4,4,67,62,
October 2015,MACKAY,46,43,1852,1733,6215980.98
October 2015,MARANOA,10,8,171,130,457078
October 2015,MAREEBA,7,6,204,191,636082.51
October 2015,MCKINLAY,1,,10,,
October 2015,MORETON BAY,64,64,3379,3244,16884014.78
October 2015,MOUNT ISA,6,6,451,440,2138789.16
October 2015,MURWEH,5,5,60,60,
October 2015,NOOSA,14,14,516,506,2311448.29
October 2015,NORTH BURNETT,8,8,89,89,214633.83
October 2015,PAROO,1,1,24,24,
October 2015,QUILPIE,1,1,6,6,
October 2015,REDLAND,28,27,1245,1225,5965360.4
October 2015,RICHMOND,1,1,8,8,
October 2015,ROCKHAMPTON,39,34,1102,983,4565080.64
October 2015,SCENIC RIM,19,19,263,253,674799.55
October 2015,SOMERSET,13,12,152,130,347547.39
October 2015,SOUTH BURNETT,17,17,339,339,1133900.59
October 2015,SOUTHERN DOWNS,13,13,356,351,970265.16
October 2015,SUNSHINE COAST,72,71,3047,2899,12720274.99
October 2015,TABLELANDS,5,5,155,139,
October 2015,TOOWOOMBA,56,54,1687,1568,5948853.7
October 2015,TORRES,5,4,140,83,
October 2015,TOWNSVILLE,45,40,1900,1668,8260495.24
October 2015,WEIPA,3,3,76,71,
October 2015,WESTERN DOWNS,24,22,390,339,937900.1
October 2015,WHITSUNDAY,19,18,500,426,1786536.21
October 2015,WINTON,3,3,17,13,
November 2015,BALONNE,5,5,86,86,
November 2015,BANANA,10,10,187,171,475002.71
November 2015,BARCALDINE,3,3,28,28,
November 2015,BLACKALL TAMBO,3,2,26,18,
November 2015,BRISBANE,196,193,8797,8588,40628697.88
November 2015,BUNDABERG,39,39,1416,1233,3946436.07
November 2015,BURDEKIN,8,6,214,159,494573.71
November 2015,CAIRNS,44,41,1896,1739,7699632.01
November 2015,CARPENTARIA,3,3,48,48,
November 2015,CASSOWARY COAST,15,15,380,373,1031910.14
November 2015,CENTRAL HIGHLANDS,19,18,461,406,1220331.78
November 2015,CHARTERS TOWERS,9,9,150,150,358690.58
November 2015,CLONCURRY,5,5,72,72,
November 2015,COOK,3,3,54,43,
November 2015,DOUGLAS,7,7,157,145,508628.26
November 2015,FLINDERS,2,2,28,28,
November 2015,FRASER COAST,35,34,1307,1227,4440459.25
November 2015,GLADSTONE,25,24,659,595,2773493.45
November 2015,GOLD COAST,131,126,5926,5677,25677781.3
November 2015,GOONDIWINDI,9,9,147,139,393477.46
November 2015,GYMPIE,19,19,372,363,1107388.57
November 2015,HINCHINBROOK,7,7,97,89,286423.9
November 2015,IPSWICH,39,37,1574,1519,6721691.37
November 2015,ISAAC,16,16,315,309,778358.06
November 2015,LIVINGSTONE,13,11,302,282,1142953.81
November 2015,LOCKYER VALLEY,17,16,267,257,937211.03
November 2015,LOGAN,38,37,2098,2031,12303426.66
November 2015,LONGREACH,4,4,67,62,
November 2015,MACKAY,46,43,1849,1734,5586197.17
November 2015,MARANOA,10,8,171,130,384540.5
November 2015,MAREEBA,7,6,204,191,677880.02
November 2015,MCKINLAY,1,,10,,
November 2015,MORETON BAY,64,63,3381,3190,15450109.45
November 2015,MOUNT ISA,6,6,451,440,2110963.02
November 2015,MURWEH,5,5,60,60,
November 2015,NOOSA,14,14,516,506,2044950.43
November 2015,NORTH BURNETT,8,8,83,83,193352.42
November 2015,PAROO,1,1,24,24,
November 2015,QUILPIE,1,1,6,6,
November 2015,REDLAND,28,27,1240,1225,5465199.43
November 2015,RICHMOND,1,1,8,8,
November 2015,ROCKHAMPTON,38,34,1067,983,4096660.86
November 2015,SCENIC RIM,19,19,263,253,547492.32
November 2015,SOMERSET,13,12,149,130,310675.21
November 2015,SOUTH BURNETT,17,17,339,339,979518.85
November 2015,SOUTHERN DOWNS,13,13,356,351,857975.49
November 2015,SUNSHINE COAST,72,70,3047,2900,11597453.57
November 2015,TABLELANDS,5,5,155,139,
November 2015,TOOWOOMBA,56,54,1687,1568,5295094.85
November 2015,TORRES,5,4,140,83,
November 2015,TOWNSVILLE,45,40,1900,1677,7871320.2
November 2015,WEIPA,3,3,76,71,
November 2015,WESTERN DOWNS,24,21,390,325,934849.1
November 2015,WHITSUNDAY,19,18,500,426,1593607.47
November 2015,WINTON,3,3,17,13,
December 2015,BALONNE,5,5,86,86,
December 2015,BANANA,10,10,187,171,445973.92
December 2015,BARCALDINE,3,3,28,28,
December 2015,BLACKALL TAMBO,3,2,26,18,
December 2015,BRISBANE,195,192,8821,8594,43816668.37
December 2015,BUNDABERG,39,39,1416,1233,4334569.29
December 2015,BURDEKIN,8,7,214,169,633448.83
December 2015,CAIRNS,44,41,1896,1747,8430314.76
December 2015,CARPENTARIA,3,3,48,48,
December 2015,CASSOWARY COAST,15,15,380,373,1127429.84
December 2015,CENTRAL HIGHLANDS,19,18,461,406,1185445.6
December 2015,CHARTERS TOWERS,9,9,150,150,366431.83
December 2015,CLONCURRY,5,5,72,72,
December 2015,COOK,3,3,54,43,
December 2015,DOUGLAS,7,7,157,145,519849.25
December 2015,FLINDERS,2,2,28,28,
December 2015,FRASER COAST,35,34,1362,1228,4874609.36
December 2015,GLADSTONE,25,24,659,626,2876781.44
December 2015,GOLD COAST,131,126,5926,5675,27483256.14
December 2015,GOONDIWINDI,9,9,147,139,453235.25
December 2015,GYMPIE,19,19,372,372,1225151.22
December 2015,HINCHINBROOK,7,7,97,89,356013.44
December 2015,IPSWICH,39,37,1574,1519,7644878.36
December 2015,ISAAC,16,16,315,308,779282.53
December 2015,LIVINGSTONE,13,11,302,287,1265952.27
December 2015,LOCKYER VALLEY,17,16,267,257,1007970.44
December 2015,LOGAN,38,37,2098,2047,13744534.24
December 2015,LONGREACH,4,4,67,62,
December 2015,MACKAY,45,43,1849,1725,6000691.45
December 2015,MARANOA,10,8,171,130,412000.31
December 2015,MAREEBA,7,6,204,191,740766.95
December 2015,MCKINLAY,1,,10,,
December 2015,MORETON BAY,65,63,3519,3192,17204782.23
December 2015,MOUNT ISA,6,6,451,440,2157769.54
December 2015,MURWEH,5,5,60,60,
December 2015,NOOSA,14,14,516,506,2238358.25
December 2015,NORTH BURNETT,8,8,83,83,205842.52
December 2015,PAROO,1,1,24,24,
December 2015,QUILPIE,1,1,6,6,
December 2015,REDLAND,28,27,1240,1226,5841576.34
December 2015,RICHMOND,1,1,8,8,
December 2015,ROCKHAMPTON,38,34,1072,983,4292428.52
December 2015,SCENIC RIM,19,19,269,253,710030.82
December 2015,SOMERSET,13,12,149,127,379408.37
December 2015,SOUTH BURNETT,17,17,339,339,1096886.32
December 2015,SOUTHERN DOWNS,13,13,356,351,1037057.6
December 2015,SUNSHINE COAST,72,71,3047,2915,12766366.43
December 2015,TABLELANDS,5,5,155,147,
December 2015,TOOWOOMBA,56,54,1687,1558,5893951.98
December 2015,TORRES,5,4,140,83,
December 2015,TOWNSVILLE,45,40,1900,1683,8266395.23
December 2015,WEIPA,3,3,76,71,
December 2015,WESTERN DOWNS,24,21,390,325,932115.54
December 2015,WHITSUNDAY,19,18,500,426,1517389.03
December 2015,WINTON,3,3,17,13,
January 2016,BALONNE,5,5,86,86,
January 2016,BANANA,10,10,187,171,363484.28
January 2016,BARCALDINE,3,3,28,28,
January 2016,BLACKALL TAMBO,3,2,26,18,
January 2016,BRISBANE,195,191,8812,8518,41346038.1
January 2016,BUNDABERG,39,39,1416,1233,4147363.46
January 2016,BURDEKIN,8,7,214,169,534853.21
January 2016,CAIRNS,44,40,1920,1739,7541377.16
January 2016,CARPENTARIA,3,3,48,48,
January 2016,CASSOWARY COAST,15,15,380,373,1050875.73
January 2016,CENTRAL HIGHLANDS,19,18,461,406,1099763.84
January 2016,CHARTERS TOWERS,9,9,150,150,342757.29
January 2016,CLONCURRY,5,5,72,72,
January 2016,COOK,3,3,54,43,
January 2016,DOUGLAS,7,7,157,145,444220.2
January 2016,FLINDERS,2,2,28,28,
January 2016,FRASER COAST,35,34,1362,1228,4889620.39
January 2016,GLADSTONE,25,24,659,626,2511834.18
January 2016,GOLD COAST,131,126,5926,5672,26135779.43
January 2016,GOONDIWINDI,9,9,147,139,367140.18
January 2016,GYMPIE,19,19,372,372,1215541.2
January 2016,HINCHINBROOK,7,7,97,89,277047.07
January 2016,IPSWICH,39,37,1574,1518,7275976.43
January 2016,ISAAC,16,16,315,309,656394.26
January 2016,LIVINGSTONE,13,11,302,287,1107962.79
January 2016,LOCKYER VALLEY,17,16,267,257,1015493.47
January 2016,LOGAN,39,37,2143,1910,12499457.81
January 2016,LONGREACH,4,4,67,62,
January 2016,MACKAY,45,43,1849,1725,5214583.36
January 2016,MARANOA,10,8,171,130,372576.21
January 2016,MAREEBA,7,6,204,191,669519.14
January 2016,MCKINLAY,1,,10,,
January 2016,MORETON BAY,64,63,3502,3189,16166460.96
January 2016,MOUNT ISA,6,6,451,440,2167719.72
January 2016,MURWEH,5,5,60,58,
January 2016,NOOSA,14,14,516,506,2153971.35
January 2016,NORTH BURNETT,8,8,83,83,196371.03
January 2016,PAROO,1,1,24,24,
January 2016,QUILPIE,1,1,6,6,
January 2016,REDLAND,28,27,1240,1225,5565971.94
January 2016,RICHMOND,1,1,8,8,
January 2016,ROCKHAMPTON,38,34,1067,983,3997253.09
January 2016,SCENIC RIM,19,19,269,253,667396.5
January 2016,SOMERSET,13,12,149,127,344758.02
January 2016,SOUTH BURNETT,17,17,339,339,1063103.65
January 2016,SOUTHERN DOWNS,13,13,356,351,833927.07
January 2016,SUNSHINE COAST,72,71,3047,2717,12053811.69
January 2016,TABLELANDS,5,5,155,147,
January 2016,TOOWOOMBA,56,54,1687,1559,5622140.96
January 2016,TORRES,5,4,140,83,
January 2016,TOWNSVILLE,45,40,1900,1684,7586855.15
January 2016,WEIPA,3,3,76,74,
January 2016,WESTERN DOWNS,24,21,381,316,935540.92
January 2016,WHITSUNDAY,19,18,500,426,1544323.15
January 2016,WINTON,3,3,17,13,
February 2016,BALONNE,5,5,86,86,
February 2016,BANANA,10,10,187,171,355440.94
February 2016,BARCALDINE,3,3,28,28,
February 2016,BLACKALL TAMBO,3,2,26,18,
February 2016,BRISBANE,194,189,8805,8575,38610365.7
February 2016,BUNDABERG,39,37,1386,1189,3649076.92
February 2016,BURDEKIN,8,7,214,169,500257.58
February 2016,CAIRNS,43,39,1913,1700,6994272.08
February 2016,CARPENTARIA,3,3,48,48,
February 2016,CASSOWARY COAST,15,14,380,367,910814.03
February 2016,CENTRAL HIGHLANDS,19,18,461,406,859425.02
February 2016,CHARTERS TOWERS,9,9,150,150,334424.65
February 2016,CLONCURRY,5,5,72,72,
February 2016,COOK,3,3,54,43,
February 2016,DOUGLAS,7,7,157,145,408317.74
February 2016,FLINDERS,2,2,28,28,
February 2016,FRASER COAST,34,34,1322,1228,4346150.91
February 2016,GLADSTONE,25,24,659,626,2307109.51
February 2016,GOLD COAST,131,126,5950,5674,24182575.99
February 2016,GOONDIWINDI,9,9,147,139,368758.03
February 2016,GYMPIE,19,19,372,372,1013200.26
February 2016,HINCHINBROOK,7,7,97,89,261325.28
February 2016,IPSWICH,39,37,1587,1519,6736209.58
February 2016,ISAAC,16,16,315,309,694750.16
February 2016,LIVINGSTONE,13,11,302,287,1040275.45
February 2016,LOCKYER VALLEY,17,16,267,257,899083.18
February 2016,LOGAN,39,37,2143,1900,11478368.65
February 2016,LONGREACH,4,4,67,62,
February 2016,MACKAY,45,43,1849,1725,5242132.13
February 2016,MARANOA,10,8,171,130,326662.46
February 2016,MAREEBA,7,7,204,196,640995.23
February 2016,MCKINLAY,1,,10,,
February 2016,MORETON BAY,64,63,3503,3189,14945990.64
February 2016,MOUNT ISA,6,6,443,441,1689994.89
February 2016,MURWEH,5,5,60,60,
February 2016,NOOSA,14,14,516,506,2016029.73
February 2016,NORTH BURNETT,8,8,83,83,154747.9
February 2016,PAROO,1,1,24,24,
February 2016,QUILPIE,1,1,6,6,
February 2016,REDLAND,28,27,1240,1225,4914021.43
February 2016,RICHMOND,1,1,8,8,
February 2016,ROCKHAMPTON,38,33,1067,979,3791165.46
February 2016,SCENIC RIM,19,19,269,253,596331.47
February 2016,SOMERSET,13,12,149,127,357132.98
February 2016,SOUTH BURNETT,17,17,339,339,1022416.35
February 2016,SOUTHERN DOWNS,13,13,356,351,895762.48
February 2016,SUNSHINE COAST,72,71,3047,2922,11037882.74
February 2016,TABLELANDS,5,5,155,147,
February 2016,TOOWOOMBA,56,54,1687,1559,5301790.41
February 2016,TORRES,5,4,140,83,
February 2016,TOWNSVILLE,45,40,1900,1684,7309499.21
February 2016,WEIPA,3,3,76,74,
February 2016,WESTERN DOWNS,24,21,381,316,815950.93
February 2016,WHITSUNDAY,19,18,500,426,1340453.01
February 2016,WINTON,3,3,17,13,
March 2016,BALONNE,5,5,86,86,
March 2016,BANANA,10,10,187,172,360132.82
March 2016,BARCALDINE,3,3,28,28,
March 2016,BLACKALL TAMBO,3,2,18,18,
March 2016,BRISBANE,193,188,8779,8563,40903475.69
March 2016,BUNDABERG,39,37,1372,1189,3863917.72
March 2016,BURDEKIN,8,7,214,169,502107.64
March 2016,CAIRNS,42,39,1918,1699,7713541.03
March 2016,CARPENTARIA,3,3,48,48,
March 2016,CASSOWARY COAST,15,14,374,371,1107284
March 2016,CENTRAL HIGHLANDS,19,18,446,406,983817.82
March 2016,CHARTERS TOWERS,9,9,150,150,347031.61
March 2016,CLONCURRY,5,5,72,72,
March 2016,COOK,3,3,54,48,
March 2016,DOUGLAS,7,7,157,145,434822.99
March 2016,FLINDERS,2,2,28,28,
March 2016,FRASER COAST,34,34,1322,1236,4707034.09
March 2016,GLADSTONE,25,24,659,625,2360262.32
March 2016,GOLD COAST,131,125,5940,5675,25450478.64
March 2016,GOONDIWINDI,9,9,147,139,407476.98
March 2016,GYMPIE,19,19,370,370,1159886.26
March 2016,HINCHINBROOK,7,7,97,89,228128.4
March 2016,IPSWICH,38,37,1604,1520,7133232.56
March 2016,ISAAC,16,16,314,309,759308.46
March 2016,LIVINGSTONE,13,11,302,287,1143996.33
March 2016,LOCKYER VALLEY,17,16,262,257,872816.04
March 2016,LOGAN,39,37,2143,1900,12078245.53
March 2016,LONGREACH,4,4,67,62,
March 2016,MACKAY,45,43,1849,1723,5566708.72
March 2016,MARANOA,10,8,171,130,416527.67
March 2016,MAREEBA,7,7,204,199,635034.4
March 2016,MCKINLAY,1,,10,,
March 2016,MORETON BAY,64,63,3503,3181,15379502.24
March 2016,MOUNT ISA,6,6,443,433,1913537.79
March 2016,MURWEH,5,5,60,60,
March 2016,NOOSA,14,14,516,506,2018316.15
March 2016,NORTH BURNETT,8,8,83,83,191810.76
March 2016,PAROO,1,1,24,24,
March 2016,QUILPIE,1,1,6,6,
March 2016,REDLAND,28,27,1240,1225,5445460.13
March 2016,RICHMOND,1,1,8,8,
March 2016,ROCKHAMPTON,38,33,1067,979,4138328.78
March 2016,SCENIC RIM,19,19,269,253,606895.03
March 2016,SOMERSET,13,12,149,127,308472.51
March 2016,SOUTH BURNETT,17,17,339,339,1096307.8
March 2016,SOUTHERN DOWNS,13,13,356,351,946619.03
March 2016,SUNSHINE COAST,72,71,3047,2900,11183345.86
March 2016,TABLELANDS,5,5,155,147,
March 2016,TOOWOOMBA,56,53,1700,1573,5538261.25
March 2016,TORRES,5,4,140,83,
March 2016,TOWNSVILLE,45,39,1894,1681,7688550.13
March 2016,WEIPA,3,3,76,74,
March 2016,WESTERN DOWNS,24,22,381,335,855130.8
March 2016,WHITSUNDAY,19,18,509,426,1344756.09
March 2016,WINTON,3,3,17,13,
April 2016,BALONNE,5,5,86,86,
April 2016,BANANA,10,10,181,149,408553.43
April 2016,BARCALDINE,3,3,28,28,
April 2016,BLACKALL TAMBO,2,2,18,18,
April 2016,BRISBANE,191,188,8779,8566,41649703.82
April 2016,BUNDABERG,37,37,1372,1189,3947293.87
April 2016,BURDEKIN,8,7,214,169,538280.16
April 2016,CAIRNS,42,40,1918,1743,7543184.63
April 2016,CARPENTARIA,3,3,48,48,
April 2016,CASSOWARY COAST,14,14,374,367,1045064.88
April 2016,CENTRAL HIGHLANDS,19,18,446,391,1021678.95
April 2016,CHARTERS TOWERS,9,9,150,150,401225.85
April 2016,CLONCURRY,5,5,72,72,
April 2016,COOK,3,3,54,48,
April 2016,DOUGLAS,7,7,157,145,471810.65
April 2016,FLINDERS,2,2,28,28,
April 2016,FRASER COAST,34,34,1322,1258,4781931.43
April 2016,GLADSTONE,25,24,659,626,2340177.02
April 2016,GOLD COAST,130,125,5940,5677,25550060.46
April 2016,GOONDIWINDI,9,9,147,139,372164.13
April 2016,GYMPIE,19,19,370,370,1236456.47
April 2016,HINCHINBROOK,7,7,97,89,296823.51
April 2016,IPSWICH,38,37,1604,1519,7024849.79
April 2016,ISAAC,16,16,313,307,739611.76
April 2016,LIVINGSTONE,13,11,302,287,1135821.09
April 2016,LOCKYER VALLEY,17,16,262,257,863488.35
April 2016,LOGAN,39,37,2143,1900,12419304.65
April 2016,LONGREACH,4,4,67,62,
April 2016,MACKAY,45,43,1849,1723,5622660.44
April 2016,MARANOA,10,8,171,130,401496.38
April 2016,MAREEBA,7,7,204,199,611629.39
April 2016,MCKINLAY,1,,10,,
April 2016,MORETON BAY,64,63,3503,3181,15742998.04
April 2016,MOUNT ISA,6,6,443,433,2000165.04
April 2016,MURWEH,5,5,60,60,
April 2016,NOOSA,14,14,516,506,2178106.37
April 2016,NORTH BURNETT,8,8,83,83,221713.74
April 2016,PAROO,1,1,24,23,
April 2016,QUILPIE,1,1,6,6,
April 2016,REDLAND,28,27,1240,1225,5653733.48
April 2016,RICHMOND,1,1,8,8,
April 2016,ROCKHAMPTON,38,32,1067,975,3855960.95
April 2016,SCENIC RIM,19,19,269,253,708541.78
April 2016,SOMERSET,13,12,149,127,326995.71
April 2016,SOUTH BURNETT,17,17,339,338,1059268.96
April 2016,SOUTHERN DOWNS,13,13,356,351,957170.91
April 2016,SUNSHINE COAST,72,70,3043,2883,11444015.46
April 2016,TABLELANDS,5,5,155,147,
April 2016,TOOWOOMBA,55,53,1700,1571,5618748.24
April 2016,TORRES,5,4,140,83,
April 2016,TOWNSVILLE,44,39,1894,1679,7685865.93
April 2016,WEIPA,3,3,76,74,
April 2016,WESTERN DOWNS,24,22,381,335,1023716.07
April 2016,WHITSUNDAY,19,17,501,418,1480787.55
April 2016,WINTON,3,3,17,13,
May 2016,BALONNE,5,5,86,86,
May 2016,BANANA,10,10,181,149,366714.07
May 2016,BARCALDINE,3,3,28,28,
May 2016,BLACKALL TAMBO,2,2,18,18,
May 2016,BRISBANE,191,188,8779,8569,40687720.85
May 2016,BUNDABERG,37,37,1369,1185,4153777.77
May 2016,BURDEKIN,8,7,214,169,522320.54
May 2016,CAIRNS,42,40,1918,1812,8004996.47
May 2016,CARPENTARIA,3,3,48,48,
May 2016,CASSOWARY COAST,14,14,374,367,1036632.66
May 2016,CENTRAL HIGHLANDS,19,18,446,391,911626.1
May 2016,CHARTERS TOWERS,9,9,150,151,381945.85
May 2016,CLONCURRY,5,5,72,72,
May 2016,COOK,3,3,54,48,
May 2016,DOUGLAS,7,7,157,145,556227.38
May 2016,FLINDERS,2,2,28,28,
May 2016,FRASER COAST,34,34,1322,1258,4503437.09
May 2016,GLADSTONE,25,24,659,629,2371101.28
May 2016,GOLD COAST,130,125,5940,5680,26009441.83
May 2016,GOONDIWINDI,9,9,147,144,369374.89
May 2016,GYMPIE,19,19,370,370,1176055.13
May 2016,HINCHINBROOK,7,7,97,89,278204.83
May 2016,IPSWICH,38,37,1714,1519,6992161.55
May 2016,ISAAC,16,16,313,307,684938.85
May 2016,LIVINGSTONE,13,11,302,287,1122485.13
May 2016,LOCKYER VALLEY,17,16,262,257,868391.57
May 2016,LOGAN,39,37,2143,1915,12116655.82
May 2016,LONGREACH,4,4,67,62,
May 2016,MACKAY,45,43,1849,1724,5313820.57
May 2016,MARANOA,10,8,171,130,370363.17
May 2016,MAREEBA,7,7,204,199,657394.05
May 2016,MCKINLAY,1,,10,,
May 2016,MORETON BAY,64,63,3503,3209,15389838.13
May 2016,MOUNT ISA,6,6,443,433,1839842.75
May 2016,MURWEH,5,5,60,60,
May 2016,NOOSA,14,14,516,506,1941299.95
May 2016,NORTH BURNETT,8,8,83,83,243882.12
May 2016,PAROO,1,1,24,24,
May 2016,QUILPIE,1,1,6,6,
May 2016,REDLAND,28,27,1240,1225,5455735.6
May 2016,RICHMOND,1,1,8,8,
May 2016,ROCKHAMPTON,37,32,1067,979,4039417.09
May 2016,SCENIC RIM,19,19,269,253,633553.78
May 2016,SOMERSET,13,12,149,127,372136.9
May 2016,SOUTH BURNETT,17,17,339,338,1020501.79
May 2016,SOUTHERN DOWNS,13,13,356,351,927771.4
May 2016,SUNSHINE COAST,72,70,3043,2934,11689238.61
May 2016,TABLELANDS,5,5,155,147,
May 2016,TOOWOOMBA,55,53,1700,1582,5376846.92
May 2016,TORRES,5,4,140,83,
May 2016,TOWNSVILLE,44,39,1894,1680,7728488.06
May 2016,WEIPA,3,3,76,74,
May 2016,WESTERN DOWNS,24,22,381,335,961454.55
May 2016,WHITSUNDAY,18,17,501,418,1540151.3
May 2016,WINTON,3,3,17,13,
June 2016,BALONNE,5,5,86,86,
June 2016,BANANA,10,10,181,149,445668.06
June 2016,BARCALDINE,3,3,28,28,
June 2016,BLACKALL TAMBO,2,2,18,18,
June 2016,BRISBANE,191,188,8810,8572,41396030.4
June 2016,BUNDABERG,37,37,1369,1185,4158043.86
June 2016,BURDEKIN,8,7,214,169,591434.83
June 2016,CAIRNS,42,40,1918,1815,8088703.98
June 2016,CARPENTARIA,3,3,48,48,
June 2016,CASSOWARY COAST,14,14,374,372,1054328.17
June 2016,CENTRAL HIGHLANDS,19,18,446,391,1054088.11
June 2016,CHARTERS TOWERS,9,9,150,150,372574.29
June 2016,CLONCURRY,5,5,72,72,
June 2016,COOK,3,3,54,48,
June 2016,DOUGLAS,7,7,157,145,551035.41
June 2016,FLINDERS,2,2,28,28,
June 2016,FRASER COAST,34,34,1322,1260,4534365.45
June 2016,GLADSTONE,25,24,659,626,2338994.4
June 2016,GOLD COAST,130,125,5945,5682,26319194.89
June 2016,GOONDIWINDI,9,9,147,144,423608.24
June 2016,GYMPIE,19,19,370,370,1133346.12
June 2016,HINCHINBROOK,7,7,97,89,288889.22
June 2016,IPSWICH,38,37,1719,1519,7005755.29
June 2016,ISAAC,16,16,313,307,700625.8
June 2016,LIVINGSTONE,13,11,302,287,1111404.82
June 2016,LOCKYER VALLEY,17,16,257,266,945303.78
June 2016,LOGAN,39,37,2148,1917,11880679.46
June 2016,LONGREACH,4,4,67,62,
June 2016,MACKAY,45,43,1849,1725,5462163.37
June 2016,MARANOA,10,8,171,130,379776.95
June 2016,MAREEBA,7,7,213,199,739370.85
June 2016,MCKINLAY,1,,10,,
June 2016,MORETON BAY,64,63,3511,3206,15589463.97
June 2016,MOUNT ISA,6,6,443,433,1862195.02
June 2016,MURWEH,5,5,60,60,
June 2016,NOOSA,14,14,516,506,2082279.67
June 2016,NORTH BURNETT,8,8,83,83,230151.83
June 2016,PAROO,1,1,24,24,
June 2016,QUILPIE,1,1,6,6,
June 2016,REDLAND,28,27,1245,1225,5350217.02
June 2016,RICHMOND,1,1,8,8,
June 2016,ROCKHAMPTON,37,32,1067,979,4109412.12
June 2016,SCENIC RIM,19,19,269,253,616154.21
June 2016,SOMERSET,13,12,149,127,378074.46
June 2016,SOUTH BURNETT,17,17,339,338,1047957.99
June 2016,SOUTHERN DOWNS,13,13,356,351,941087.17
June 2016,SUNSHINE COAST,70,70,3008,2936,11579769.5
June 2016,TABLELANDS,5,5,155,147,
June 2016,TOOWOOMBA,55,53,1700,1582,5289533.63
June 2016,TORRES,5,4,140,83,
June 2016,TOWNSVILLE,44,39,1894,1690,7489370.18
June 2016,WEIPA,3,3,76,74,
June 2016,WESTERN DOWNS,24,22,381,334,903457.58
June 2016,WHITSUNDAY,18,17,501,418,1606914.94
June 2016,WINTON,3,3,17,13,
July 2016,BALONNE,5,5,86,86,
July 2016,BANANA,10,10,155,152,514786.47
July 2016,BARCALDINE,3,3,28,28,
July 2016,BLACKALL TAMBO,2,2,18,18,
July 2016,BRISBANE,192,188,8820,8560,46274228.69
July 2016,BUNDABERG,37,36,1362,1179,4831213.63
July 2016,BURDEKIN,8,7,214,169,629541.24
July 2016,CAIRNS,42,41,1948,1826,10283270.11
July 2016,CARPENTARIA,3,3,48,48,
July 2016,CASSOWARY COAST,14,14,374,372,1321508.08
July 2016,CENTRAL HIGHLANDS,19,18,446,391,1224479.04
July 2016,CHARTERS TOWERS,9,9,150,150,439061.51
July 2016,CLONCURRY,5,5,72,72,
July 2016,COOK,3,3,54,48,
July 2016,DOUGLAS,7,7,157,145,557622.81
July 2016,FLINDERS,2,2,28,28,
July 2016,FRASER COAST,34,34,1322,1260,5510405.28
July 2016,GLADSTONE,25,24,659,626,2694446.05
July 2016,GOLD COAST,130,125,5945,5677,29494408.62
July 2016,GOONDIWINDI,9,9,147,144,513653.86
July 2016,GYMPIE,19,19,370,370,1404164.44
July 2016,HINCHINBROOK,7,7,97,89,361176.7
July 2016,IPSWICH,38,37,1719,1521,8650444.29
July 2016,ISAAC,16,16,313,307,826897
July 2016,LIVINGSTONE,13,11,302,287,1285119.09
July 2016,LOCKYER VALLEY,17,16,257,257,1123258.93
July 2016,LOGAN,39,36,2148,2009,14901068.34
July 2016,LONGREACH,4,4,67,62,
July 2016,MACKAY,45,43,1849,1725,6269878.84
July 2016,MARANOA,10,9,171,140,453111.85
July 2016,MAREEBA,7,7,213,199,968029.49
July 2016,MCKINLAY,1,,10,,
July 2016,MORETON BAY,64,63,3516,3220,18430117.92
July 2016,MOUNT ISA,6,6,443,433,2288909.2
July 2016,MURWEH,5,5,60,60,
July 2016,NOOSA,14,14,516,506,2366131.89
July 2016,NORTH BURNETT,8,8,83,83,258099.04
July 2016,PAROO,1,1,24,24,
July 2016,QUILPIE,1,1,6,6,
July 2016,REDLAND,28,27,1245,1225,6306344.03
July 2016,RICHMOND,1,1,8,8,
July 2016,ROCKHAMPTON,37,32,1067,979,4759923.51
July 2016,SCENIC RIM,19,19,269,253,737919.19
July 2016,SOMERSET,13,12,149,127,475448.2
July 2016,SOUTH BURNETT,17,17,339,338,1209855.9
July 2016,SOUTHERN DOWNS,13,13,356,351,1062628.63
July 2016,SUNSHINE COAST,70,70,3008,2942,13333797.92
July 2016,TABLELANDS,5,5,155,147,
July 2016,TOOWOOMBA,55,53,1700,1582,6147745.22
July 2016,TORRES,5,4,140,83,
July 2016,TOWNSVILLE,44,39,1894,1686,9409378.65
July 2016,WEIPA,3,3,76,74,
July 2016,WESTERN DOWNS,24,22,381,335,1037263.56
July 2016,WHITSUNDAY,18,17,501,418,1964551.71
July 2016,WINTON,3,3,17,13,
August 2016,BALONNE,5,5,86,86,
August 2016,BANANA,10,10,155,152,489126.58
August 2016,BARCALDINE,3,3,28,28,
August 2016,BLACKALL TAMBO,2,2,18,18,
August 2016,BRISBANE,192,187,8898,8456,44988989.38
August 2016,BUNDABERG,37,36,1362,1179,4590146.04
August 2016,BURDEKIN,8,7,214,169,634493.37
August 2016,CAIRNS,42,41,1948,1830,9803721.76
August 2016,CARPENTARIA,3,3,48,48,
August 2016,CASSOWARY COAST,14,14,374,366,1188077.76
August 2016,CENTRAL HIGHLANDS,18,16,412,375,1155637.22
August 2016,CHARTERS TOWERS,9,9,150,150,445961.89
August 2016,CLONCURRY,5,5,72,72,
August 2016,COOK,3,3,54,48,
August 2016,DOUGLAS,7,7,157,145,699267.86
August 2016,FLINDERS,2,2,28,28,
August 2016,FRASER COAST,34,34,1322,1260,5316145.61
August 2016,GLADSTONE,25,24,659,620,2635719.44
August 2016,GOLD COAST,130,125,5930,5657,29372047.57
August 2016,GOONDIWINDI,9,9,147,144,509429.36
August 2016,GYMPIE,19,19,370,372,1315420.65
August 2016,HINCHINBROOK,7,7,97,89,377525.43
August 2016,IPSWICH,37,37,1704,1514,8087495.27
August 2016,ISAAC,16,15,306,302,759482.91
August 2016,LIVINGSTONE,13,11,302,287,1179222.19
August 2016,LOCKYER VALLEY,16,16,257,257,1088283.12
August 2016,LOGAN,39,36,2138,2018,14640103.36
August 2016,LONGREACH,4,4,67,62,
August 2016,MACKAY,45,43,1871,1725,6130172.46
August 2016,MARANOA,10,9,179,140,476501.19
August 2016,MAREEBA,7,7,213,199,774858.04
August 2016,MCKINLAY,1,,10,,
August 2016,MORETON BAY,64,63,3516,3223,17867550.43
August 2016,MOUNT ISA,6,6,443,433,2458907.71
August 2016,MURWEH,5,5,60,60,
August 2016,NOOSA,14,14,531,506,2282276.49
August 2016,NORTH BURNETT,8,8,83,83,252765.96
August 2016,PAROO,1,1,24,24,
August 2016,QUILPIE,1,1,6,6,
August 2016,REDLAND,28,27,1245,1225,6114245.4
August 2016,RICHMOND,1,1,8,8,
August 2016,ROCKHAMPTON,36,32,1060,979,4391542.58
August 2016,SCENIC RIM,19,19,269,253,678144.33
August 2016,SOMERSET,13,12,149,127,408005.44
August 2016,SOUTH BURNETT,17,17,339,338,1310735.07
August 2016,SOUTHERN DOWNS,13,13,356,351,974095.76
August 2016,SUNSHINE COAST,70,70,3008,2943,12972229.56
August 2016,TABLELANDS,5,5,155,147,
August 2016,TOOWOOMBA,55,53,1699,1584,6122285.39
August 2016,TORRES,5,4,140,87,
August 2016,TOWNSVILLE,44,39,1894,1686,8813547.28
August 2016,WEIPA,3,3,76,74,
August 2016,WESTERN DOWNS,24,22,381,335,928055.75
August 2016,WHITSUNDAY,18,17,501,418,1924497.45
August 2016,WINTON,3,3,17,13,
September 2016,BALONNE,5,5,86,86,
September 2016,BANANA,10,10,155,152,444269.21
September 2016,BARCALDINE,3,3,28,28,
September 2016,BLACKALL TAMBO,2,2,18,18,
September 2016,BRISBANE,192,186,8971,8524,42981129.86
September 2016,BUNDABERG,36,36,1362,1179,4325549.06
September 2016,BURDEKIN,8,7,214,169,550450.25
September 2016,CAIRNS,42,41,1948,1840,9096216.12
September 2016,CARPENTARIA,3,3,48,48,
September 2016,CASSOWARY COAST,14,14,374,372,1122687.58
September 2016,CENTRAL HIGHLANDS,17,17,412,387,1088322.47
September 2016,CHARTERS TOWERS,9,9,150,150,425673.6
September 2016,CLONCURRY,5,5,72,72,
September 2016,COOK,3,3,54,48,
September 2016,DOUGLAS,7,7,157,145,642326.57
September 2016,FLINDERS,2,2,28,28,
September 2016,FRASER COAST,34,34,1322,1260,5011562.6
September 2016,GLADSTONE,25,24,659,620,2486696.87
September 2016,GOLD COAST,130,125,5930,5659,28353864.67
September 2016,GOONDIWINDI,9,9,147,144,448862.05
September 2016,GYMPIE,19,18,370,362,1355161.51
September 2016,HINCHINBROOK,7,7,97,89,324914.06
September 2016,IPSWICH,37,37,1769,1506,7677336.65
September 2016,ISAAC,16,15,306,300,720979.5
September 2016,LIVINGSTONE,13,11,302,287,1213010.37
September 2016,LOCKYER VALLEY,16,16,247,247,1065079.26
September 2016,LOGAN,38,36,2138,2028,13612432.54
September 2016,LONGREACH,5,4,87,62,
September 2016,MACKAY,45,42,1868,1716,5849686.82
September 2016,MARANOA,10,9,179,140,392010.15
September 2016,MAREEBA,7,7,213,199,713594.4
September 2016,MCKINLAY,1,,10,,
September 2016,MORETON BAY,64,62,3516,3175,17125272.95
September 2016,MOUNT ISA,6,6,443,433,2159219.33
September 2016,MURWEH,5,5,60,60,
September 2016,NOOSA,14,14,531,506,2172875.8
September 2016,NORTH BURNETT,8,8,83,83,212266.98
September 2016,PAROO,1,1,24,24,
September 2016,QUILPIE,1,1,6,6,
September 2016,REDLAND,28,27,1245,1230,5668728.39
September 2016,RICHMOND,1,1,8,8,
September 2016,ROCKHAMPTON,36,32,1057,979,4183191.06
September 2016,SCENIC RIM,19,19,269,253,671230.68
September 2016,SOMERSET,13,12,149,127,342183.92
September 2016,SOUTH BURNETT,17,17,339,338,1187566.91
September 2016,SOUTHERN DOWNS,13,13,356,351,912363.76
September 2016,SUNSHINE COAST,70,70,3003,2942,12559589.8
September 2016,TABLELANDS,5,5,155,147,
September 2016,TOOWOOMBA,55,53,1699,1584,5944404.4
September 2016,TORRES,5,4,140,87,
September 2016,TOWNSVILLE,44,39,1894,1686,8122534.72
September 2016,WEIPA,3,3,76,74,
September 2016,WESTERN DOWNS,24,22,381,335,963794.18
September 2016,WHITSUNDAY,18,17,501,418,1769450.04
September 2016,WINTON,3,3,17,13,
October 2016,BALONNE,5,5,86,86,
October 2016,BANANA,10,10,155,152,453745.3
October 2016,BARCALDINE,3,3,28,28,
October 2016,BLACKALL TAMBO,2,2,18,18,
October 2016,BRISBANE,191,186,8966,8522,43484967.4
October 2016,BUNDABERG,36,36,1362,1179,4426818.82
October 2016,BURDEKIN,8,7,214,169,595001.03
October 2016,CAIRNS,42,41,1948,1841,8373464.34
October 2016,CARPENTARIA,3,3,48,48,
October 2016,CASSOWARY COAST,14,14,374,372,1124064.31
October 2016,CENTRAL HIGHLANDS,17,17,412,387,1192253.95
October 2016,CHARTERS TOWERS,9,9,150,150,444740.51
October 2016,CLONCURRY,5,5,72,72,
October 2016,COOK,3,3,54,48,
October 2016,DOUGLAS,7,7,161,145,594529.84
October 2016,FLINDERS,2,2,28,28,
October 2016,FRASER COAST,34,34,1322,1260,5082142.6
October 2016,GLADSTONE,25,24,666,620,2279636.06
October 2016,GOLD COAST,130,125,5935,5657,28721516.86
October 2016,GOONDIWINDI,9,9,147,144,424405.57
October 2016,GYMPIE,19,19,370,370,1303381.31
October 2016,HINCHINBROOK,7,7,97,89,325856.91
October 2016,IPSWICH,38,37,1866,1624,7521353.01
October 2016,ISAAC,15,15,306,300,764966.91
October 2016,LIVINGSTONE,13,11,302,287,1152011.03
October 2016,LOCKYER VALLEY,16,16,247,247,939478.79
October 2016,LOGAN,38,36,2138,2018,13338921.66
October 2016,LONGREACH,5,4,87,62,
October 2016,MACKAY,45,42,1858,1671,5651011.64
October 2016,MARANOA,10,9,179,140,459626.86
October 2016,MAREEBA,7,7,213,199,679797.73
October 2016,MCKINLAY,1,1,10,10,
October 2016,MORETON BAY,63,62,3468,3187,16840024.27
October 2016,MOUNT ISA,6,6,443,433,2089636.32
October 2016,MURWEH,5,5,60,60,
October 2016,NOOSA,14,14,531,506,2220789.12
October 2016,NORTH BURNETT,8,8,83,83,217183.41
October 2016,PAROO,1,1,24,24,
October 2016,QUILPIE,1,1,6,6,
October 2016,REDLAND,28,27,1249,1164,5867348.3
October 2016,RICHMOND,1,1,8,8,
October 2016,ROCKHAMPTON,36,32,1065,979,4292173.41
October 2016,SCENIC RIM,19,18,269,249,651880.8
October 2016,SOMERSET,13,12,149,127,362830.22
October 2016,SOUTH BURNETT,17,17,339,338,1076299.76
October 2016,SOUTHERN DOWNS,13,13,356,351,873519.45
October 2016,SUNSHINE COAST,70,70,3003,2942,12704929.33
October 2016,TABLELANDS,5,5,155,147,
October 2016,TOOWOOMBA,55,53,1699,1584,5843559.8
October 2016,TORRES,5,4,140,87,
October 2016,TOWNSVILLE,44,39,1894,1686,7913253.54
October 2016,WEIPA,3,3,76,74,
October 2016,WESTERN DOWNS,24,22,389,335,933991.43
October 2016,WHITSUNDAY,18,17,501,418,1730590.35
October 2016,WINTON,3,3,17,13,
November 2016,BALONNE,5,5,63,86,
November 2016,BANANA,10,10,155,152,389208.89
November 2016,BARCALDINE,3,3,28,28,
November 2016,BLACKALL TAMBO,2,2,18,18,
November 2016,BRISBANE,190,186,8981,8541,41815651.07
November 2016,BUNDABERG,36,36,1362,1179,4207256.26
November 2016,BURDEKIN,8,7,214,169,585206.83
November 2016,CAIRNS,42,41,1948,1843,8053792.38
November 2016,CARPENTARIA,3,3,48,48,
November 2016,CASSOWARY COAST,14,14,374,372,1003756.8
November 2016,CENTRAL HIGHLANDS,17,17,412,387,1179863.86
November 2016,CHARTERS TOWERS,9,9,150,150,411438.53
November 2016,CLONCURRY,5,5,72,72,
November 2016,COOK,3,3,54,48,
November 2016,DOUGLAS,8,7,186,145,458997.41
November 2016,FLINDERS,2,2,28,28,
November 2016,FRASER COAST,34,34,1338,1263,4754844.55
November 2016,GLADSTONE,25,24,666,624,2191493.36
November 2016,GOLD COAST,130,125,5935,5669,26823001.81
November 2016,GOONDIWINDI,9,9,147,149,395938.16
November 2016,GYMPIE,19,19,388,374,1242564.88
November 2016,HINCHINBROOK,7,7,97,89,302282.97
November 2016,IPSWICH,38,37,1866,1635,7131267.88
November 2016,ISAAC,15,15,306,300,734968.19
November 2016,LIVINGSTONE,13,11,302,287,1111561.21
November 2016,LOCKYER VALLEY,16,16,247,247,942432.87
November 2016,LOGAN,38,36,2138,2024,12518682.83
November 2016,LONGREACH,5,4,87,62,
November 2016,MACKAY,45,41,1858,1660,5748837.81
November 2016,MARANOA,10,9,179,140,421925.47
November 2016,MAREEBA,7,7,213,199,661856.37
November 2016,MCKINLAY,1,1,10,10,
November 2016,MORETON BAY,63,62,3468,3193,15826271.94
November 2016,MOUNT ISA,6,6,443,427,1959624.11
November 2016,MURWEH,5,5,60,60,
November 2016,NOOSA,14,14,531,506,2021473.52
November 2016,NORTH BURNETT,8,8,83,83,208533.09
November 2016,PAROO,1,1,24,23,
November 2016,QUILPIE,1,1,6,6,
November 2016,REDLAND,28,27,1249,1230,5630396.47
November 2016,RICHMOND,1,1,8,8,
November 2016,ROCKHAMPTON,36,32,1065,979,3962612.72
November 2016,SCENIC RIM,19,18,269,249,633522.66
November 2016,SOMERSET,13,11,137,115,298437.89
November 2016,SOUTH BURNETT,17,17,339,338,1073889.5
November 2016,SOUTHERN DOWNS,13,13,356,351,905104.95
November 2016,SUNSHINE COAST,70,70,3003,2942,12091025.39
November 2016,TABLELANDS,5,5,155,147,
November 2016,TOOWOOMBA,55,53,1699,1584,5570049.09
November 2016,TORRES,5,4,140,87,
November 2016,TOWNSVILLE,44,39,1910,1690,7732952.74
November 2016,WEIPA,3,3,76,74,
November 2016,WESTERN DOWNS,24,22,389,335,996582.04
November 2016,WHITSUNDAY,18,17,506,423,1576286.18
November 2016,WINTON,3,3,17,13,
December 2016,BALONNE,5,4,63,63,
December 2016,BANANA,10,10,155,152,392503.58
December 2016,BARCALDINE,3,3,28,28,
December 2016,BLACKALL TAMBO,2,2,18,18,
December 2016,BRISBANE,192,185,9033,8541,43407957.8
December 2016,BUNDABERG,36,36,1358,1175,4335126.95
December 2016,BURDEKIN,8,7,214,169,577218.29
December 2016,CAIRNS,42,41,1948,1841,8457750.43
December 2016,CARPENTARIA,3,3,48,48,
December 2016,CASSOWARY COAST,14,14,374,372,1068669.24
December 2016,CENTRAL HIGHLANDS,17,16,412,344,1090882.06
December 2016,CHARTERS TOWERS,9,9,150,150,358074.68
December 2016,CLONCURRY,5,5,72,72,
December 2016,COOK,3,3,54,48,
December 2016,DOUGLAS,8,7,186,145,568062.99
December 2016,FLINDERS,2,2,28,28,
December 2016,FRASER COAST,34,34,1338,1295,5014836.26
December 2016,GLADSTONE,25,24,666,620,2214899.48
December 2016,GOLD COAST,129,125,5905,5667,27370663.56
December 2016,GOONDIWINDI,9,9,147,145,457509.14
December 2016,GYMPIE,19,19,388,370,1213371.34
December 2016,HINCHINBROOK,7,7,97,89,352287.6
December 2016,IPSWICH,38,37,1866,1641,7697216.04
December 2016,ISAAC,15,15,306,306,693605.06
December 2016,LIVINGSTONE,13,11,302,287,1240683.34
December 2016,LOCKYER VALLEY,16,16,247,247,979069.7
December 2016,LOGAN,38,36,2138,2018,13373084.3
December 2016,LONGREACH,5,4,87,62,
December 2016,MACKAY,45,41,1858,1657,5968929.94
December 2016,MARANOA,10,9,179,140,436489.18
December 2016,MAREEBA,7,7,200,207,733238.95
December 2016,MCKINLAY,1,1,10,10,
December 2016,MORETON BAY,63,62,3468,3187,16975183.78
December 2016,MOUNT ISA,6,6,443,433,2078894.28
December 2016,MURWEH,5,5,60,60,
December 2016,NOOSA,14,14,531,506,2236692.57
December 2016,NORTH BURNETT,8,8,83,83,232221.98
December 2016,PAROO,1,1,24,24,
December 2016,QUILPIE,1,1,6,6,
December 2016,REDLAND,28,27,1249,1230,5879285.13
December 2016,RICHMOND,1,1,8,8,
December 2016,ROCKHAMPTON,36,32,1063,979,4314872.14
December 2016,SCENIC RIM,19,18,264,244,593349.93
December 2016,SOMERSET,12,11,137,115,376891.37
December 2016,SOUTH BURNETT,17,17,346,338,1083243.23
December 2016,SOUTHERN DOWNS,13,13,356,351,991858.36
December 2016,SUNSHINE COAST,70,70,3003,2942,12585857.18
December 2016,TABLELANDS,5,5,155,147,
December 2016,TOOWOOMBA,55,53,1699,1586,5938621.78
December 2016,TORRES,5,4,140,87,
December 2016,TOWNSVILLE,44,39,1906,1682,8291676.8
December 2016,WEIPA,3,3,76,74,
December 2016,WESTERN DOWNS,24,22,389,335,959954.74
December 2016,WHITSUNDAY,18,17,506,418,1679001.95
December 2016,WINTON,3,3,17,13,
January 2017,BALONNE,4,4,63,63,
January 2017,BANANA,10,10,155,152,373009.47
January 2017,BARCALDINE,3,3,28,28,
January 2017,BLACKALL TAMBO,2,2,18,18,
January 2017,BRISBANE,192,185,9033,8557,40397757.26
January 2017,BUNDABERG,36,36,1358,1175,3916408.23
January 2017,BURDEKIN,8,7,214,169,513916.32
January 2017,CAIRNS,42,41,1948,1841,7570944.3
January 2017,CARPENTARIA,3,3,48,48,
January 2017,CASSOWARY COAST,14,14,374,372,975839.68
January 2017,CENTRAL HIGHLANDS,17,16,369,344,887108.29
January 2017,CHARTERS TOWERS,9,9,150,150,390226.43
January 2017,CLONCURRY,5,5,72,72,
January 2017,COOK,3,3,54,48,
January 2017,DOUGLAS,8,7,186,145,494857.84
January 2017,FLINDERS,2,2,28,28,
January 2017,FRASER COAST,34,34,1338,1295,4753591.87
January 2017,GLADSTONE,25,24,666,620,2055466.5
January 2017,GOLD COAST,129,125,5905,5667,26742164.35
January 2017,GOONDIWINDI,9,9,147,145,406779.67
January 2017,GYMPIE,19,19,388,370,1155603.31
January 2017,HINCHINBROOK,7,7,97,89,322042.23
January 2017,IPSWICH,38,37,1866,1641,6923012.45
January 2017,ISAAC,15,15,306,306,636755.11
January 2017,LIVINGSTONE,13,11,302,287,1147745.61
January 2017,LOCKYER VALLEY,16,16,247,247,942945.25
January 2017,LOGAN,38,36,2138,2018,11988207.25
January 2017,LONGREACH,5,4,87,62,
January 2017,MACKAY,45,41,1858,1657,5361024.76
January 2017,MARANOA,10,9,179,140,419016.57
January 2017,MAREEBA,7,6,200,195,676722.32
January 2017,MCKINLAY,1,1,10,10,
January 2017,MORETON BAY,63,62,3468,3186,15301401.95
January 2017,MOUNT ISA,6,6,443,433,1998622.53
January 2017,MURWEH,5,5,60,60,
January 2017,NOOSA,14,14,531,506,2037136.84
January 2017,NORTH BURNETT,8,8,83,83,163742.27
January 2017,PAROO,1,1,24,24,
January 2017,QUILPIE,1,1,6,6,
January 2017,REDLAND,28,27,1249,1228,5507892.57
January 2017,RICHMOND,1,1,8,8,
January 2017,ROCKHAMPTON,36,32,1063,974,3619492.44
January 2017,SCENIC RIM,19,19,264,248,595989.52
January 2017,SOMERSET,12,11,137,115,390455.39
January 2017,SOUTH BURNETT,17,17,346,338,1006537.89
January 2017,SOUTHERN DOWNS,13,13,356,351,943536.44
January 2017,SUNSHINE COAST,70,70,2998,2942,12118548.09
January 2017,TABLELANDS,5,5,155,147,
January 2017,TOOWOOMBA,55,53,1699,1588,5119915.1
January 2017,TORRES,5,4,140,87,
January 2017,TOWNSVILLE,44,39,1924,1683,7600586.42
January 2017,WEIPA,3,3,76,74,
January 2017,WESTERN DOWNS,24,22,389,335,893913.28
January 2017,WHITSUNDAY,18,17,506,418,1459763.55
January 2017,WINTON,3,3,17,13,
February 2017,BALONNE,4,4,63,63,
February 2017,BANANA,10,10,154,152,393070.34
February 2017,BARCALDINE,3,3,28,28,
February 2017,BLACKALL TAMBO,2,2,18,18,
February 2017,BRISBANE,192,184,9076,8501,37742535.5
February 2017,BUNDABERG,36,36,1358,1175,3542564.08
February 2017,BURDEKIN,8,7,214,169,418404.41
February 2017,CAIRNS,42,41,1948,1841,7001879.54
February 2017,CARPENTARIA,3,3,48,47,
February 2017,CASSOWARY COAST,14,14,374,372,843075.06
February 2017,CENTRAL HIGHLANDS,17,16,384,344,935482.31
February 2017,CHARTERS TOWERS,9,9,150,150,327704.63
February 2017,CLONCURRY,5,5,72,72,
February 2017,COOK,3,3,54,48,
February 2017,DOUGLAS,8,7,186,145,428859.89
February 2017,FLINDERS,2,2,28,28,
February 2017,FRASER COAST,34,34,1347,1297,4348694.05
February 2017,GLADSTONE,25,24,666,620,1716215.15
February 2017,GOLD COAST,129,125,5914,5669,24648736.97
February 2017,GOONDIWINDI,9,9,147,145,417260.13
February 2017,GYMPIE,19,19,388,370,1077069.44
February 2017,HINCHINBROOK,7,7,97,89,317309.67
February 2017,IPSWICH,38,37,1866,1641,6335477.39
February 2017,ISAAC,15,15,306,306,730130.78
February 2017,LIVINGSTONE,13,11,302,287,1114934.8
February 2017,LOCKYER VALLEY,16,16,247,247,857033.34
February 2017,LOGAN,38,36,2138,2016,11318063.13
February 2017,LONGREACH,5,4,87,62,
February 2017,MACKAY,45,41,1833,1657,5126448.8
February 2017,MARANOA,10,9,179,140,356052.48
February 2017,MAREEBA,6,6,206,195,608996.5
February 2017,MCKINLAY,1,1,17,10,
February 2017,MORETON BAY,63,62,3470,3180,13907513.8
February 2017,MOUNT ISA,6,6,443,433,1764012.09
February 2017,MURWEH,5,5,60,60,
February 2017,NOOSA,14,14,531,506,1887552.23
February 2017,NORTH BURNETT,8,8,83,83,167863.38
February 2017,PAROO,1,1,24,24,
February 2017,QUILPIE,1,1,6,6,
February 2017,REDLAND,28,27,1249,1230,4941233.34
February 2017,RICHMOND,1,1,8,8,
February 2017,ROCKHAMPTON,36,32,1058,974,3338134.31
February 2017,SCENIC RIM,19,19,264,248,567929.27
February 2017,SOMERSET,12,11,137,115,329808.28
February 2017,SOUTH BURNETT,17,17,346,338,950383.76
February 2017,SOUTHERN DOWNS,13,13,356,351,884090.26
February 2017,SUNSHINE COAST,70,70,2992,2932,10777535.84
February 2017,TABLELANDS,5,5,155,147,
February 2017,TOOWOOMBA,55,53,1699,1588,5167010.42
February 2017,TORRES,5,4,140,87,
February 2017,TOWNSVILLE,44,39,1924,1695,6781341.51
February 2017,WEIPA,3,3,76,74,
February 2017,WESTERN DOWNS,24,22,377,323,793782.37
February 2017,WHITSUNDAY,18,17,506,418,1312737
February 2017,WINTON,3,3,17,13,
March 2017,BALONNE,4,4,63,63,
March 2017,BANANA,10,10,154,152,425628.18
March 2017,BARCALDINE,3,3,28,28,
March 2017,BLACKALL TAMBO,2,2,18,18,
March 2017,BRISBANE,192,184,9154,8497,43158389.93
March 2017,BUNDABERG,36,36,1358,1175,4068824.03
March 2017,BURDEKIN,8,7,214,169,493036.49
March 2017,CAIRNS,42,41,1948,1844,8249294.84
March 2017,CARPENTARIA,3,3,48,48,
March 2017,CASSOWARY COAST,14,14,374,372,1012515.93
March 2017,CENTRAL HIGHLANDS,17,16,384,344,1106880.69
March 2017,CHARTERS TOWERS,9,9,150,150,337749.64
March 2017,CLONCURRY,5,5,72,72,
March 2017,COOK,3,3,54,48,
March 2017,DOUGLAS,8,7,186,145,487431.32
March 2017,FLINDERS,2,2,28,28,
March 2017,FRASER COAST,34,34,1347,1283,4776962.38
March 2017,GLADSTONE,25,24,666,620,2096823.67
March 2017,GOLD COAST,129,125,5914,5669,27005207.17
March 2017,GOONDIWINDI,9,9,147,145,367327.1
March 2017,GYMPIE,19,19,388,370,1192845.08
March 2017,HINCHINBROOK,7,7,97,89,302268.23
March 2017,IPSWICH,38,36,1866,1622,7306333.58
March 2017,ISAAC,15,15,306,306,815724.19
March 2017,LIVINGSTONE,12,11,297,287,1082991.77
March 2017,LOCKYER VALLEY,16,16,247,247,844893.7
March 2017,LOGAN,38,36,2138,2016,12987883.3
March 2017,LONGREACH,5,4,87,62,
March 2017,MACKAY,44,40,1833,1632,5535670.72
March 2017,MARANOA,10,9,179,140,414540.54
March 2017,MAREEBA,6,6,206,195,696982.66
March 2017,MCKINLAY,1,1,17,10,
March 2017,MORETON BAY,63,62,3465,3151,15683403.96
March 2017,MOUNT ISA,6,6,443,433,1945962.98
March 2017,MURWEH,5,5,60,60,
March 2017,NOOSA,14,14,531,506,2028383.99
March 2017,NORTH BURNETT,8,7,83,79,196334.74
March 2017,PAROO,1,1,24,24,
March 2017,QUILPIE,1,1,6,6,
March 2017,REDLAND,28,27,1249,1230,5743912.55
March 2017,RICHMOND,1,1,8,8,
March 2017,ROCKHAMPTON,36,32,1058,974,3566629.02
March 2017,SCENIC RIM,19,19,259,248,633065.71
March 2017,SOMERSET,12,11,137,115,366387.15
March 2017,SOUTH BURNETT,17,17,346,338,1139674.63
March 2017,SOUTHERN DOWNS,13,13,356,351,1028039.05
March 2017,SUNSHINE COAST,70,70,2992,2932,11762200.89
March 2017,TABLELANDS,5,5,155,147,
March 2017,TOOWOOMBA,55,51,1673,1563,5861217.51
March 2017,TORRES,5,4,140,87,
March 2017,TOWNSVILLE,44,38,1920,1692,7497947.57
March 2017,WEIPA,3,3,76,74,
March 2017,WESTERN DOWNS,24,22,377,323,983654.13
March 2017,WHITSUNDAY,18,17,516,418,1224504.95
March 2017,WINTON,3,3,17,13,
April 2017,BALONNE,4,4,63,63,
April 2017,BANANA,10,10,154,152,407945.77
April 2017,BARCALDINE,3,3,25,25,
April 2017,BLACKALL TAMBO,2,2,18,18,
April 2017,BRISBANE,191,184,9135,8474,41327387.49
April 2017,BUNDABERG,36,36,1358,1175,3958837.28
April 2017,BURDEKIN,8,6,206,161,495306.51
April 2017,CAIRNS,42,41,1948,1841,7486401.78
April 2017,CARPENTARIA,3,3,48,48,
April 2017,CASSOWARY COAST,14,14,374,372,938918.69
April 2017,CENTRAL HIGHLANDS,17,16,384,344,1008460.69
April 2017,CHARTERS TOWERS,9,9,130,150,385491.72
April 2017,CLONCURRY,5,5,72,72,
April 2017,COOK,3,3,54,48,
April 2017,DOUGLAS,8,7,186,145,485700.99
April 2017,FLINDERS,2,2,28,28,
April 2017,FRASER COAST,34,34,1347,1295,4799410.64
April 2017,GLADSTONE,25,24,662,616,1984235.25
April 2017,GOLD COAST,129,125,5909,5662,26290077.38
April 2017,GOONDIWINDI,9,9,147,145,447440.5
April 2017,GYMPIE,19,19,388,370,1215661.09
April 2017,HINCHINBROOK,7,7,97,89,296489.38
April 2017,IPSWICH,38,37,1840,1645,7166403.88
April 2017,ISAAC,15,15,306,306,718974.39
April 2017,LIVINGSTONE,12,11,297,287,999622.79
April 2017,LOCKYER VALLEY,16,16,227,227,823375.06
April 2017,LOGAN,38,36,2138,2016,12803745.06
April 2017,LONGREACH,5,4,87,62,
April 2017,MACKAY,44,40,1826,1630,6006740.09
April 2017,MARANOA,10,9,179,140,460067.07
April 2017,MAREEBA,6,6,206,195,570079.89
April 2017,MCKINLAY,1,1,17,10,
April 2017,MORETON BAY,63,63,3465,3312,15626527.66
April 2017,MOUNT ISA,6,6,443,433,1782877.1
April 2017,MURWEH,5,5,60,60,
April 2017,NOOSA,14,14,531,506,2013437.78
April 2017,NORTH BURNETT,8,8,83,83,189282.67
April 2017,PAROO,1,1,24,24,
April 2017,QUILPIE,1,1,6,6,
April 2017,REDLAND,28,27,1249,1230,5566717.53
April 2017,RICHMOND,1,1,8,8,
April 2017,ROCKHAMPTON,36,31,1040,882,3492508.32
April 2017,SCENIC RIM,19,19,259,248,613635.61
April 2017,SOMERSET,12,11,137,115,302366.37
April 2017,SOUTH BURNETT,17,17,346,337,1054012.57
April 2017,SOUTHERN DOWNS,13,13,356,351,1009775.7
April 2017,SUNSHINE COAST,70,70,2992,2932,11504176.95
April 2017,TABLELANDS,5,5,155,147,
April 2017,TOOWOOMBA,54,49,1673,1508,5436198.38
April 2017,TORRES,5,4,140,87,
April 2017,TOWNSVILLE,44,38,1920,1691,7265563.02
April 2017,WEIPA,3,3,76,74,
April 2017,WESTERN DOWNS,24,22,377,323,880423.6
April 2017,WHITSUNDAY,18,17,514,418,1614847.85
April 2017,WINTON,3,3,17,13,
May 2017,BALONNE,4,4,63,63,
May 2017,BANANA,10,10,154,152,410107.49
May 2017,BARCALDINE,3,3,25,25,
May 2017,BLACKALL TAMBO,2,2,18,18,
May 2017,BRISBANE,191,184,9127,8416,42917150.68
May 2017,BUNDABERG,36,36,1376,1175,4099725.17
May 2017,BURDEKIN,7,6,206,161,500582.13
May 2017,CAIRNS,42,41,1948,1841,8259851.79
May 2017,CARPENTARIA,3,3,48,48,
May 2017,CASSOWARY COAST,14,14,374,372,1008480.8
May 2017,CENTRAL HIGHLANDS,16,16,384,362,1103574.63
May 2017,CHARTERS TOWERS,9,9,130,150,367996.46
May 2017,CLONCURRY,5,5,72,72,
May 2017,COOK,3,3,54,48,
May 2017,DOUGLAS,8,7,186,145,552974.39
May 2017,FLINDERS,2,2,28,28,
May 2017,FRASER COAST,34,34,1347,1300,4848279.79
May 2017,GLADSTONE,25,24,656,616,1877916.92
May 2017,GOLD COAST,129,124,5909,5666,26828604.22
May 2017,GOONDIWINDI,9,9,147,145,431935.45
May 2017,GYMPIE,19,19,388,370,1247968.83
May 2017,HINCHINBROOK,7,7,97,89,311086.98
May 2017,IPSWICH,38,37,1840,1645,7548349.64
May 2017,ISAAC,15,15,306,306,854000.58
May 2017,LIVINGSTONE,12,11,297,287,1020684.11
May 2017,LOCKYER VALLEY,16,16,227,227,935025.62
May 2017,LOGAN,38,36,2138,2018,12794150.22
May 2017,LONGREACH,5,5,87,65,
May 2017,MACKAY,44,40,1826,1633,6204906.98
May 2017,MARANOA,10,9,179,140,415640.05
May 2017,MAREEBA,6,6,206,195,657507.44
May 2017,MCKINLAY,1,1,17,10,
May 2017,MORETON BAY,63,63,3465,3310,15989368.47
May 2017,MOUNT ISA,6,6,443,433,1949468.77
May 2017,MURWEH,5,5,60,60,
May 2017,NOOSA,14,14,531,506,1962395.43
May 2017,NORTH BURNETT,8,8,83,83,188833.25
May 2017,PAROO,1,1,24,24,
May 2017,QUILPIE,1,1,6,6,
May 2017,REDLAND,28,27,1249,1230,5455029.31
May 2017,RICHMOND,1,1,8,8,
May 2017,ROCKHAMPTON,36,32,1033,888,3643451.32
May 2017,SCENIC RIM,19,19,259,243,586519.27
May 2017,SOMERSET,12,10,132,110,389862.49
May 2017,SOUTH BURNETT,17,17,346,338,1039800.36
May 2017,SOUTHERN DOWNS,13,13,356,351,912315.22
May 2017,SUNSHINE COAST,70,69,2969,2908,11836696.8
May 2017,TABLELANDS,5,5,155,147,
May 2017,TOOWOOMBA,54,49,1673,1508,5276281.9
May 2017,TORRES,5,4,140,87,
May 2017,TOWNSVILLE,44,38,1920,1696,7602918.64
May 2017,WEIPA,3,3,76,74,
May 2017,WESTERN DOWNS,24,22,377,323,1015729.83
May 2017,WHITSUNDAY,18,17,514,418,1818882.58
May 2017,WINTON,3,3,17,13,
June 2017,BALONNE,4,4,63,63,
June 2017,BANANA,10,10,154,152,454109.72
June 2017,BARCALDINE,3,3,25,25,
June 2017,BLACKALL TAMBO,2,2,18,18,
June 2017,BRISBANE,191,183,9095,8493,42570242.69
June 2017,BUNDABERG,36,36,1376,1178,4201692.67
June 2017,BURDEKIN,7,6,206,161,525841.64
June 2017,CAIRNS,42,40,1928,1807,8201322.53
June 2017,CARPENTARIA,3,3,48,48,
June 2017,CASSOWARY COAST,14,14,374,372,1032510.66
June 2017,CENTRAL HIGHLANDS,16,16,384,362,1115532.88
June 2017,CHARTERS TOWERS,9,8,130,130,445191.51
June 2017,CLONCURRY,5,5,72,72,
June 2017,COOK,3,3,54,48,
June 2017,DOUGLAS,8,7,186,145,619912.07
June 2017,FLINDERS,2,2,28,28,
June 2017,FRASER COAST,34,34,1347,1300,4792467.63
June 2017,GLADSTONE,25,24,656,616,2085809.67
June 2017,GOLD COAST,129,124,5904,5655,27390410.35
June 2017,GOONDIWINDI,9,9,147,145,514832.93
June 2017,GYMPIE,19,19,388,370,1245477.07
June 2017,HINCHINBROOK,7,7,97,89,309883.41
June 2017,IPSWICH,38,37,1840,1645,7216016.8
June 2017,ISAAC,15,15,306,306,752676.39
June 2017,LIVINGSTONE,12,11,297,287,1059464.39
June 2017,LOCKYER VALLEY,16,16,227,227,901817.85
June 2017,LOGAN,38,36,2138,2021,13041116
June 2017,LONGREACH,5,5,87,65,
June 2017,MACKAY,44,39,1818,1620,5909626.55
June 2017,MARANOA,10,9,179,140,472073.89
June 2017,MAREEBA,6,6,206,195,678707.2
June 2017,MCKINLAY,1,1,17,10,
June 2017,MORETON BAY,63,63,3465,3379,16087833.93
June 2017,MOUNT ISA,6,6,443,433,2032491.12
June 2017,MURWEH,5,5,60,60,
June 2017,NOOSA,14,14,531,506,2153738.07
June 2017,NORTH BURNETT,8,8,83,83,243386.41
June 2017,PAROO,1,1,24,24,
June 2017,QUILPIE,1,1,6,6,
June 2017,REDLAND,28,27,1243,1180,5502605.73
June 2017,RICHMOND,1,1,8,8,
June 2017,ROCKHAMPTON,36,32,1033,896,3820434.38
June 2017,SCENIC RIM,19,19,259,243,628648.03
June 2017,SOMERSET,11,10,132,110,379576.52
June 2017,SOUTH BURNETT,17,17,346,340,1073526.67
June 2017,SOUTHERN DOWNS,13,13,356,351,933729.92
June 2017,SUNSHINE COAST,69,69,2969,2918,11718250.93
June 2017,TABLELANDS,5,5,155,147,
June 2017,TOOWOOMBA,54,48,1654,1483,5753373.43
June 2017,TORRES,5,5,140,92,
June 2017,TOWNSVILLE,44,38,1920,1693,8033740.63
June 2017,WEIPA,3,3,76,74,
June 2017,WESTERN DOWNS,24,22,377,324,951474.99
June 2017,WHITSUNDAY,18,17,514,421,1878437.68
June 2017,WINTON,3,3,17,13,
July 2017,BALONNE,4,4,63,63,
July 2017,BANANA,10,10,154,152,547600.5
July 2017,BARCALDINE,3,3,25,25,
July 2017,BLACKALL TAMBO,2,2,18,18,
July 2017,BRISBANE,190,183,9065,8499,47092687.38
July 2017,BUNDABERG,36,35,1376,1159,4943545.4
July 2017,BURDEKIN,7,6,206,161,608265.41
July 2017,CAIRNS,41,40,1928,1809,10452344.14
July 2017,CARPENTARIA,3,3,48,48,
July 2017,CASSOWARY COAST,14,14,374,372,1235145.79
July 2017,CENTRAL HIGHLANDS,16,16,384,362,1343914.75
July 2017,CHARTERS TOWERS,8,8,130,130,454986.65
July 2017,CLONCURRY,5,5,72,72,
July 2017,COOK,3,3,54,48,
July 2017,DOUGLAS,8,8,186,158,653433.28
July 2017,FLINDERS,2,2,28,28,
July 2017,FRASER COAST,34,34,1347,1300,5351526.91
July 2017,GLADSTONE,25,24,650,611,2328413.84
July 2017,GOLD COAST,128,124,5918,5659,30492950.98
July 2017,GOONDIWINDI,9,9,147,145,556742.98
July 2017,GYMPIE,19,19,388,370,1384481.46
July 2017,HINCHINBROOK,7,7,97,89,416492.21
July 2017,IPSWICH,38,36,1819,1639,8551294.95
July 2017,ISAAC,15,15,305,305,851063.47
July 2017,LIVINGSTONE,12,11,297,287,1179726
July 2017,LOCKYER VALLEY,16,15,217,217,1034279.16
July 2017,LOGAN,38,36,2138,2020,14835782.61
July 2017,LONGREACH,5,5,87,65,
July 2017,MACKAY,44,39,1812,1619,6754306.71
July 2017,MARANOA,10,9,179,140,525166.59
July 2017,MAREEBA,6,6,215,195,905151.5
July 2017,MCKINLAY,1,1,17,10,
July 2017,MORETON BAY,63,63,3465,3361,18434511.34
July 2017,MOUNT ISA,6,6,443,433,2331428.44
July 2017,MURWEH,5,5,60,60,
July 2017,NOOSA,14,14,531,506,2179677.14
July 2017,NORTH BURNETT,8,8,83,83,250497.14
July 2017,PAROO,1,1,24,24,
July 2017,QUILPIE,1,1,6,6,
July 2017,REDLAND,28,26,1253,1165,6000010.55
July 2017,RICHMOND,1,1,8,8,
July 2017,ROCKHAMPTON,35,32,1033,901,4459077.76
July 2017,SCENIC RIM,19,19,259,243,678677.77
July 2017,SOMERSET,11,10,132,110,390847.88
July 2017,SOUTH BURNETT,17,17,346,341,1309828.66
July 2017,SOUTHERN DOWNS,13,13,356,351,1087520.23
July 2017,SUNSHINE COAST,69,69,2964,2906,13526392.78
July 2017,TABLELANDS,5,5,155,147,
July 2017,TOOWOOMBA,54,47,1654,1481,6410026.16
July 2017,TORRES,5,5,140,92,
July 2017,TOWNSVILLE,44,38,1920,1691,9123216.32
July 2017,WEIPA,3,3,76,74,
July 2017,WESTERN DOWNS,24,22,377,323,1235763.99
July 2017,WHITSUNDAY,18,16,514,411,2185924.37
July 2017,WINTON,3,3,17,13,
August 2017,BALONNE,4,4,63,63,
August 2017,BANANA,10,10,154,152,545045.62
August 2017,BARCALDINE,3,3,25,25,
August 2017,BLACKALL TAMBO,2,2,18,18,
August 2017,BRISBANE,188,182,9055,8474,47128339.01
August 2017,BUNDABERG,36,34,1376,1152,4704195.34
August 2017,BURDEKIN,7,6,206,128,667098.79
August 2017,CAIRNS,41,40,1928,1807,10024230.66
August 2017,CARPENTARIA,3,3,48,48,
August 2017,CASSOWARY COAST,14,14,374,372,1184395
August 2017,CENTRAL HIGHLANDS,16,16,384,346,1472229.79
August 2017,CHARTERS TOWERS,8,8,130,133,470404.53
August 2017,CLONCURRY,5,5,72,72,
August 2017,COOK,3,3,54,48,
August 2017,DOUGLAS,8,8,186,169,751936.85
August 2017,FLINDERS,2,2,28,28,
August 2017,FRASER COAST,34,34,1347,1301,5409611.28
August 2017,GLADSTONE,25,24,650,612,2414054.39
August 2017,GOLD COAST,128,124,5918,5659,30690299.21
August 2017,GOONDIWINDI,9,9,147,145,518598.43
August 2017,GYMPIE,19,19,392,370,1423566.59
August 2017,HINCHINBROOK,7,7,97,89,438651.29
August 2017,IPSWICH,36,35,1819,1547,8666098.49
August 2017,ISAAC,15,15,305,305,950561.92
August 2017,LIVINGSTONE,12,11,297,266,1207693.31
August 2017,LOCKYER VALLEY,15,15,217,217,1134144.56
August 2017,LOGAN,38,35,2118,2009,15165116.75
August 2017,LONGREACH,5,5,87,65,
August 2017,MACKAY,44,38,1747,1602,6934810.16
August 2017,MARANOA,10,9,179,140,513513.22
August 2017,MAREEBA,6,6,215,198,772757.36
August 2017,MCKINLAY,1,1,17,10,
August 2017,MORETON BAY,63,63,3465,3371,18699589.93
August 2017,MOUNT ISA,6,6,443,433,2545905.96
August 2017,MURWEH,5,5,60,60,
August 2017,NOOSA,14,14,531,506,2259713.8
August 2017,NORTH BURNETT,8,8,83,83,225969.45
August 2017,PAROO,1,1,24,24,
August 2017,QUILPIE,1,1,6,6,
August 2017,REDLAND,28,27,1218,1186,6297907.87
August 2017,RICHMOND,1,1,8,8,
August 2017,ROCKHAMPTON,34,32,1033,901,4362154.88
August 2017,SCENIC RIM,19,19,259,243,752356.08
August 2017,SOMERSET,11,10,132,110,437702.69
August 2017,SOUTH BURNETT,17,17,346,339,1321329.48
August 2017,SOUTHERN DOWNS,13,12,356,339,1067031.34
August 2017,SUNSHINE COAST,69,69,2964,2930,13606362.98
August 2017,TABLELANDS,5,5,155,147,
August 2017,TOOWOOMBA,53,47,1654,1486,6206643.57
August 2017,TORRES,5,5,140,92,
August 2017,TOWNSVILLE,43,38,2006,1694,9153036.55
August 2017,WEIPA,3,3,76,74,
August 2017,WESTERN DOWNS,24,22,377,323,1203140.98
August 2017,WHITSUNDAY,18,16,514,411,2314500.55
August 2017,WINTON,3,3,17,13,
September 2017,BALONNE,4,4,63,63,
September 2017,BANANA,10,10,154,152,464606.84
September 2017,BARCALDINE,3,3,25,25,
September 2017,BLACKALL TAMBO,2,2,18,18,
September 2017,BRISBANE,187,182,9055,8414,44986596.75
September 2017,BUNDABERG,36,34,1376,1152,4570034.19
September 2017,BURDEKIN,7,7,206,137,573596.79
September 2017,CAIRNS,41,40,1928,1806,8762767.4
September 2017,CARPENTARIA,3,3,48,48,
September 2017,CASSOWARY COAST,14,14,374,372,1165017.79
September 2017,CENTRAL HIGHLANDS,16,16,384,346,1253407.58
September 2017,CHARTERS TOWERS,8,8,130,130,402528.69
September 2017,CLONCURRY,5,5,72,72,
September 2017,COOK,3,3,54,48,
September 2017,DOUGLAS,8,8,186,168,697974.48
September 2017,FLINDERS,2,2,28,28,
September 2017,FRASER COAST,34,34,1347,1300,5224804.99
September 2017,GLADSTONE,25,24,650,610,2235500.18
September 2017,GOLD COAST,128,124,5918,5662,28457027.83
September 2017,GOONDIWINDI,9,9,147,145,535930.68
September 2017,GYMPIE,19,19,392,370,1273930.56
September 2017,HINCHINBROOK,7,7,97,89,362725.97
September 2017,IPSWICH,35,35,1819,1545,7992729.39
September 2017,ISAAC,15,15,305,305,829998.71
September 2017,LIVINGSTONE,12,11,297,287,1159790.37
September 2017,LOCKYER VALLEY,15,15,217,217,976049.36
September 2017,LOGAN,38,35,2118,2008,14088238.01
September 2017,LONGREACH,5,5,87,65,
September 2017,MACKAY,42,38,1747,1602,6414146.39
September 2017,MARANOA,10,8,179,125,417469.28
September 2017,MAREEBA,6,6,215,198,715802.7
September 2017,MCKINLAY,1,1,17,10,
September 2017,MORETON BAY,63,63,3465,3363,17327779.75
September 2017,MOUNT ISA,6,6,443,433,2418304.6
September 2017,MURWEH,5,5,60,60,
September 2017,NOOSA,14,14,531,506,2239186.54
September 2017,NORTH BURNETT,8,8,83,83,230294.08
September 2017,PAROO,1,1,25,24,
September 2017,QUILPIE,1,1,6,6,
September 2017,REDLAND,28,27,1318,1190,5882664.07
September 2017,RICHMOND,1,1,8,8,
September 2017,ROCKHAMPTON,34,32,1033,898,3882414.4
September 2017,SCENIC RIM,19,19,259,243,675210.36
September 2017,SOMERSET,11,10,132,110,386556.45
September 2017,SOUTH BURNETT,17,17,346,343,1090615.83
September 2017,SOUTHERN DOWNS,13,13,356,351,980223.58
September 2017,SUNSHINE COAST,69,69,2964,2909,12710551.64
September 2017,TABLELANDS,5,5,155,147,
September 2017,TOOWOOMBA,53,46,1654,1475,5997468.49
September 2017,TORRES,5,5,140,92,
September 2017,TOWNSVILLE,43,38,2006,1697,8525973.1
September 2017,WEIPA,3,3,76,74,
September 2017,WESTERN DOWNS,24,22,377,323,1012945.01
September 2017,WHITSUNDAY,18,16,514,411,2143674.92
September 2017,WINTON,3,3,17,13,
October 2017,BALONNE,4,4,63,63,
October 2017,BANANA,10,10,154,152,438998.71
October 2017,BARCALDINE,3,3,25,25,
October 2017,BLACKALL TAMBO,2,2,18,18,
October 2017,BRISBANE,187,181,9032,8440,45409122.05
October 2017,BUNDABERG,36,34,1369,1152,4490961.35
October 2017,BURDEKIN,7,7,206,137,566543.17
October 2017,CAIRNS,41,40,1928,1798,8735521.96
October 2017,CARPENTARIA,3,3,48,48,
October 2017,CASSOWARY COAST,14,14,374,372,1038818.96
October 2017,CENTRAL HIGHLANDS,16,16,384,346,1436678.62
October 2017,CHARTERS TOWERS,8,8,130,130,316611.05
October 2017,CLONCURRY,5,5,72,72,
October 2017,COOK,3,3,54,48,
October 2017,DOUGLAS,8,8,186,168,703759.14
October 2017,FLINDERS,2,2,28,28,
October 2017,FRASER COAST,34,34,1347,1300,5077406.61
October 2017,GLADSTONE,25,24,650,610,2191660.08
October 2017,GOLD COAST,128,124,5918,5674,29254622.83
October 2017,GOONDIWINDI,9,9,147,145,443547.95
October 2017,GYMPIE,19,19,392,370,1308527.34
October 2017,HINCHINBROOK,7,7,97,89,320108.38
October 2017,IPSWICH,35,35,1817,1545,8010911.14
October 2017,ISAAC,15,15,305,305,949473.81
October 2017,LIVINGSTONE,12,11,297,287,1238950.35
October 2017,LOCKYER VALLEY,15,15,217,217,1053825.45
October 2017,LOGAN,38,35,2118,2000,14346105.46
October 2017,LONGREACH,5,5,87,65,
October 2017,MACKAY,42,38,1739,1610,6460894.71
October 2017,MARANOA,10,8,179,125,502850.06
October 2017,MAREEBA,6,6,215,198,661043.79
October 2017,MCKINLAY,1,1,17,10,
October 2017,MORETON BAY,63,63,3459,3357,17719122.34
October 2017,MOUNT ISA,6,6,443,433,2172049.08
October 2017,MURWEH,5,5,60,60,
October 2017,NOOSA,14,14,524,500,2364748.64
October 2017,NORTH BURNETT,8,8,83,83,214348.01
October 2017,PAROO,1,1,25,24,
October 2017,QUILPIE,1,1,6,6,
October 2017,REDLAND,28,27,1318,1190,5864186.92
October 2017,RICHMOND,1,1,8,8,
October 2017,ROCKHAMPTON,34,32,1029,899,3911486.47
October 2017,SCENIC RIM,19,19,259,243,737951.22
October 2017,SOMERSET,11,10,132,113,425020.68
October 2017,SOUTH BURNETT,17,17,344,343,1183115.02
October 2017,SOUTHERN DOWNS,13,13,356,351,972689.7
October 2017,SUNSHINE COAST,69,69,2964,2909,13187492.58
October 2017,TABLELANDS,5,5,155,147,
October 2017,TOOWOOMBA,53,46,1648,1475,5923090.3
October 2017,TORRES,5,5,140,92,
October 2017,TOWNSVILLE,43,38,2006,1683,8263365.82
October 2017,WEIPA,3,3,76,74,
October 2017,WESTERN DOWNS,24,22,377,325,962824.72
October 2017,WHITSUNDAY,18,16,519,411,2289881.54
October 2017,WINTON,3,3,17,13,
November 2017,BALONNE,4,4,63,63,
November 2017,BANANA,10,10,154,152,428839.57
November 2017,BARCALDINE,3,3,25,25,
November 2017,BLACKALL TAMBO,2,2,18,18,
November 2017,BRISBANE,187,181,9032,8434,44917834.93
November 2017,BUNDABERG,35,34,1369,1158,4288857.51
November 2017,BURDEKIN,7,7,206,170,549104.99
November 2017,CAIRNS,41,40,1928,1795,8717634.16
November 2017,CARPENTARIA,3,3,48,48,
November 2017,CASSOWARY COAST,14,14,374,372,1041634.18
November 2017,CENTRAL HIGHLANDS,16,16,384,341,1275171.46
November 2017,CHARTERS TOWERS,8,8,130,130,431090.85
November 2017,CLONCURRY,5,5,72,72,
November 2017,COOK,3,3,54,48,
November 2017,DOUGLAS,8,8,186,168,686294.69
November 2017,FLINDERS,2,2,28,28,
November 2017,FRASER COAST,34,34,1347,1301,4951292.88
November 2017,GLADSTONE,25,24,650,610,2035270.91
November 2017,GOLD COAST,128,124,5928,5685,28247786.46
November 2017,GOONDIWINDI,9,9,155,147,472369.36
November 2017,GYMPIE,19,19,392,370,1320989.14
November 2017,HINCHINBROOK,7,7,97,89,348583.73
November 2017,IPSWICH,35,35,1817,1545,8461713.11
November 2017,ISAAC,15,15,305,305,1019290.41
November 2017,LIVINGSTONE,12,11,297,287,1139664.02
November 2017,LOCKYER VALLEY,15,15,217,217,1013166.52
November 2017,LOGAN,38,35,2128,2008,14092840.47
November 2017,LONGREACH,5,5,96,65,
November 2017,MACKAY,42,38,1739,1615,6318554.1
November 2017,MARANOA,10,9,179,140,471942.93
November 2017,MAREEBA,6,6,215,198,705020.3
November 2017,MCKINLAY,1,1,17,10,
November 2017,MORETON BAY,63,63,3459,3363,17499938.31
November 2017,MOUNT ISA,6,6,443,435,2247494.23
November 2017,MURWEH,5,5,60,60,
November 2017,NOOSA,14,14,524,499,2225893.8
November 2017,NORTH BURNETT,8,8,83,83,167124.79
November 2017,PAROO,1,1,25,24,
November 2017,QUILPIE,1,1,6,6,
November 2017,REDLAND,28,27,1318,1190,5875407.52
November 2017,RICHMOND,1,1,8,8,
November 2017,ROCKHAMPTON,34,32,1029,899,3899573.8
November 2017,SCENIC RIM,19,19,259,243,709678.38
November 2017,SOMERSET,11,10,132,113,412839
November 2017,SOUTH BURNETT,17,17,344,343,1145371.36
November 2017,SOUTHERN DOWNS,13,13,356,351,1045677.85
November 2017,SUNSHINE COAST,70,69,3009,2908,12662757.17
November 2017,TABLELANDS,5,5,155,147,
November 2017,TOOWOOMBA,53,46,1648,1475,5848800.05
November 2017,TORRES,5,5,140,92,
November 2017,TOWNSVILLE,43,38,2023,1686,8450595.88
November 2017,WEIPA,3,3,76,74,
November 2017,WESTERN DOWNS,24,22,377,327,1055882.07
November 2017,WHITSUNDAY,18,16,519,414,2121125.47
November 2017,WINTON,3,3,17,13,
December 2017,BALONNE,4,4,63,63,
December 2017,BANANA,10,10,154,152,460966.69
December 2017,BARCALDINE,3,3,25,25,
December 2017,BLACKALL TAMBO,2,2,18,18,
December 2017,BRISBANE,186,180,9021,8459,45611948.84
December 2017,BUNDABERG,35,34,1369,1159,4340370.6
December 2017,BURDEKIN,7,7,206,170,686513.25
December 2017,CAIRNS,41,40,1943,1791,8898706.62
December 2017,CARPENTARIA,3,3,48,48,
December 2017,CASSOWARY COAST,14,14,374,372,1146374.89
December 2017,CENTRAL HIGHLANDS,16,16,384,362,1274296.37
December 2017,CHARTERS TOWERS,8,8,130,130,321142.41
December 2017,CLONCURRY,5,5,72,72,
December 2017,COOK,3,3,54,48,
December 2017,DOUGLAS,8,8,186,168,543289.19
December 2017,FLINDERS,2,2,28,28,
December 2017,FRASER COAST,34,34,1347,1310,5097679.6
December 2017,GLADSTONE,25,24,650,610,2118807.51
December 2017,GOLD COAST,128,124,5928,5664,28959886.58
December 2017,GOONDIWINDI,9,9,155,147,481960.73
December 2017,GYMPIE,19,19,392,370,1336493.14
December 2017,HINCHINBROOK,7,7,97,89,348538.65
December 2017,IPSWICH,35,35,1817,1569,8095981.03
December 2017,ISAAC,15,14,305,291,908942.6
December 2017,LIVINGSTONE,12,11,297,287,1228471.66
December 2017,LOCKYER VALLEY,15,15,226,217,881487.72
December 2017,LOGAN,37,35,2128,2008,14205561.28
December 2017,LONGREACH,5,5,96,71,
December 2017,MACKAY,42,38,1736,1605,6302148.68
December 2017,MARANOA,9,9,174,140,530479.7
December 2017,MAREEBA,6,6,215,201,794532.68
December 2017,MCKINLAY,1,1,17,10,
December 2017,MORETON BAY,63,63,3447,3361,18228956.56
December 2017,MOUNT ISA,6,6,443,433,2196137.92
December 2017,MURWEH,5,5,60,60,
December 2017,NOOSA,14,14,524,499,2255921.02
December 2017,NORTH BURNETT,8,8,83,83,234088.22
December 2017,PAROO,1,1,25,24,
December 2017,QUILPIE,1,1,6,6,
December 2017,REDLAND,28,27,1318,1190,6218195.94
December 2017,RICHMOND,1,1,8,8,
December 2017,ROCKHAMPTON,34,32,1029,901,4107972.83
December 2017,SCENIC RIM,19,19,259,243,653537.83
December 2017,SOMERSET,11,10,132,113,388483.88
December 2017,SOUTH BURNETT,17,17,344,343,1133655.8
December 2017,SOUTHERN DOWNS,13,13,356,351,922438.62
December 2017,SUNSHINE COAST,70,69,3009,2917,13017848.62
December 2017,TABLELANDS,5,5,155,147,
December 2017,TOOWOOMBA,52,46,1652,1473,6115466.08
December 2017,TORRES,5,5,140,92,
December 2017,TOWNSVILLE,43,38,2023,1681,8897255.84
December 2017,WEIPA,3,3,76,74,
December 2017,WESTERN DOWNS,24,22,377,327,1102896.21
December 2017,WHITSUNDAY,18,16,519,416,1985802.63
December 2017,WINTON,3,3,17,13,
January 2018,BALONNE,4,4,63,63,
January 2018,BANANA,10,10,154,152,385579.15
January 2018,BARCALDINE,3,3,25,25,
January 2018,BLACKALL TAMBO,2,2,18,18,
January 2018,BRISBANE,185,179,8998,8385,41816548.38
January 2018,BUNDABERG,35,34,1369,1159,4231649.83
January 2018,BURDEKIN,7,7,206,170,521654.47
January 2018,CAIRNS,41,40,1943,1791,8403810.48
January 2018,CARPENTARIA,3,3,48,48,
January 2018,CASSOWARY COAST,14,14,374,372,923715.29
January 2018,CENTRAL HIGHLANDS,16,16,392,362,1120820.46
January 2018,CHARTERS TOWERS,8,8,130,130,401110.72
January 2018,CLONCURRY,5,5,72,72,
January 2018,COOK,3,3,54,48,
January 2018,DOUGLAS,8,8,186,168,704500.44
January 2018,FLINDERS,2,2,28,28,
January 2018,FRASER COAST,34,34,1347,1310,5039195.34
January 2018,GLADSTONE,25,24,650,610,1929786.23
January 2018,GOLD COAST,128,124,5928,5667,27111071.6
January 2018,GOONDIWINDI,9,9,155,147,395332.43
January 2018,GYMPIE,19,19,392,370,1186666.08
January 2018,HINCHINBROOK,7,7,97,89,293647.18
January 2018,IPSWICH,35,35,1817,1571,7426801.29
January 2018,ISAAC,15,14,305,291,784895.85
January 2018,LIVINGSTONE,12,11,297,287,1218326.06
January 2018,LOCKYER VALLEY,15,15,226,217,825731.36
January 2018,LOGAN,37,35,2128,2008,12551443.98
January 2018,LONGREACH,5,5,96,71,
January 2018,MACKAY,42,38,1736,1605,5889522.89
January 2018,MARANOA,9,9,174,140,438846.7
January 2018,MAREEBA,6,6,215,205,705128.44
January 2018,MCKINLAY,1,1,17,10,
January 2018,MORETON BAY,63,62,3447,3349,16442541.85
January 2018,MOUNT ISA,6,6,443,433,2043121.7
January 2018,MURWEH,5,4,56,56,
January 2018,NOOSA,14,14,524,485,2309896.05
January 2018,NORTH BURNETT,8,8,83,83,192841.16
January 2018,PAROO,1,1,25,24,
January 2018,QUILPIE,1,1,6,6,
January 2018,REDLAND,28,27,1318,1190,5744623.11
January 2018,RICHMOND,1,1,8,8,
January 2018,ROCKHAMPTON,34,30,1029,867,3586393.97
January 2018,SCENIC RIM,19,19,259,250,609474.3
January 2018,SOMERSET,11,10,132,113,373709.82
January 2018,SOUTH BURNETT,17,17,344,343,972435.92
January 2018,SOUTHERN DOWNS,13,13,356,351,1020401.94
January 2018,SUNSHINE COAST,70,69,3009,2918,12346202.6
January 2018,TABLELANDS,5,5,155,147,
January 2018,TOOWOOMBA,52,46,1652,1471,5416945.26
January 2018,TORRES,5,5,140,92,
January 2018,TOWNSVILLE,43,38,2023,1639,7962781.47
January 2018,WEIPA,3,3,76,76,
January 2018,WESTERN DOWNS,24,22,377,327,824982.7
January 2018,WHITSUNDAY,18,16,519,416,1872329.6
January 2018,WINTON,3,3,17,14,
February 2018,BALONNE,4,4,63,63,
February 2018,BANANA,10,10,154,152,438694.57
February 2018,BARCALDINE,3,3,25,25,
February 2018,BLACKALL TAMBO,2,2,18,18,
February 2018,BRISBANE,184,179,8993,8386,39397582.75
February 2018,BUNDABERG,35,34,1369,1159,3650019.28
February 2018,BURDEKIN,7,7,206,170,495328.39
February 2018,CAIRNS,41,40,1943,1790,7574166.23
February 2018,CARPENTARIA,3,3,48,48,
February 2018,CASSOWARY COAST,14,14,374,372,918557.99
February 2018,CENTRAL HIGHLANDS,16,16,392,362,1052074.85
February 2018,CHARTERS TOWERS,8,8,130,130,383830.35
February 2018,CLONCURRY,5,5,72,72,
February 2018,COOK,3,3,54,48,
February 2018,DOUGLAS,8,8,186,168,521129.36
February 2018,FLINDERS,2,2,28,28,
February 2018,FRASER COAST,34,34,1347,1310,4245454.39
February 2018,GLADSTONE,25,24,617,593,1955319.22
February 2018,GOLD COAST,128,124,5928,5651,25610943.73
February 2018,GOONDIWINDI,9,9,155,147,414682.47
February 2018,GYMPIE,19,19,392,370,1114373.36
February 2018,HINCHINBROOK,7,7,97,93,273321.46
February 2018,IPSWICH,35,35,1817,1571,6779298.82
February 2018,ISAAC,15,13,299,285,756290.1
February 2018,LIVINGSTONE,12,11,297,287,1055663.69
February 2018,LOCKYER VALLEY,15,14,221,212,709739.36
February 2018,LOGAN,37,35,2128,2010,11974824.27
February 2018,LONGREACH,5,5,96,71,
February 2018,MACKAY,42,38,1727,1606,5720122.73
February 2018,MARANOA,9,9,174,140,351976.79
February 2018,MAREEBA,6,6,215,205,661288.47
February 2018,MCKINLAY,1,1,17,10,
February 2018,MORETON BAY,62,61,3447,3338,15235769.82
February 2018,MOUNT ISA,6,6,443,433,1728810.42
February 2018,MURWEH,5,4,56,56,
February 2018,NOOSA,14,14,524,485,1944864.53
February 2018,NORTH BURNETT,8,8,83,83,210733.29
February 2018,PAROO,1,1,25,24,
February 2018,QUILPIE,1,1,6,6,
February 2018,REDLAND,28,27,1318,1190,5330237.88
February 2018,RICHMOND,1,1,8,8,
February 2018,ROCKHAMPTON,34,30,1029,866,3349626.39
February 2018,SCENIC RIM,19,19,259,250,560430.27
February 2018,SOMERSET,11,10,132,113,343659.16
February 2018,SOUTH BURNETT,17,17,344,343,917940.99
February 2018,SOUTHERN DOWNS,13,13,356,351,1048911.69
February 2018,SUNSHINE COAST,70,69,3009,2918,11013113.7
February 2018,TABLELANDS,5,5,155,147,
February 2018,TOOWOOMBA,52,46,1632,1467,5132060.13
February 2018,TORRES,5,5,140,92,
February 2018,TOWNSVILLE,43,38,2023,1655,6860092.4
February 2018,WEIPA,3,3,76,76,
February 2018,WESTERN DOWNS,24,22,377,327,827162.27
February 2018,WHITSUNDAY,18,16,519,416,1738788.4
February 2018,WINTON,3,3,17,14,
March 2018,BALONNE,4,4,63,63,
March 2018,BANANA,10,10,154,152,509158.6
March 2018,BARCALDINE,3,3,25,25,
March 2018,BLACKALL TAMBO,2,2,18,18,
March 2018,BRISBANE,184,178,8911,8304,43808752.67
March 2018,BUNDABERG,35,34,1364,1154,3952361.49
March 2018,BURDEKIN,7,7,206,170,533985.22
March 2018,CAIRNS,41,40,1943,1790,8345132.53
March 2018,CARPENTARIA,3,3,48,48,
March 2018,CASSOWARY COAST,14,14,374,372,975565.26
March 2018,CENTRAL HIGHLANDS,16,16,392,362,1217240.74
March 2018,CHARTERS TOWERS,8,8,130,130,390673.36
March 2018,CLONCURRY,5,5,72,72,
March 2018,COOK,3,3,54,49,
March 2018,DOUGLAS,8,8,186,168,463853.08
March 2018,FLINDERS,2,2,28,28,
March 2018,FRASER COAST,34,33,1336,1299,4981891.41
March 2018,GLADSTONE,25,24,617,593,2007423.12
March 2018,GOLD COAST,128,123,5895,5589,27332402.67
March 2018,GOONDIWINDI,9,9,155,147,494299.12
March 2018,GYMPIE,19,19,392,370,1208274.06
March 2018,HINCHINBROOK,7,7,97,89,305125.89
March 2018,IPSWICH,34,34,1807,1641,7461340.2
March 2018,ISAAC,14,14,299,299,860074.98
March 2018,LIVINGSTONE,12,11,297,287,1178049.86
March 2018,LOCKYER VALLEY,14,14,221,212,907432.93
March 2018,LOGAN,37,35,2128,2008,13399241.51
March 2018,LONGREACH,5,5,96,71,
March 2018,MACKAY,41,38,1732,1605,6185288.37
March 2018,MARANOA,9,9,174,140,486136.53
March 2018,MAREEBA,6,6,215,201,731202.09
March 2018,MCKINLAY,1,1,17,10,
March 2018,MORETON BAY,61,61,3451,3352,17161145.95
March 2018,MOUNT ISA,6,6,443,433,2017036.13
March 2018,MURWEH,5,4,56,56,
March 2018,NOOSA,14,14,524,514,2065142
March 2018,NORTH BURNETT,8,8,83,83,221388.9
March 2018,PAROO,1,1,25,21,
March 2018,QUILPIE,1,1,6,6,
March 2018,REDLAND,28,27,1318,1190,5761947.89
March 2018,RICHMOND,1,1,8,8,
March 2018,ROCKHAMPTON,34,32,1025,935,3727730.15
March 2018,SCENIC RIM,19,19,259,250,623145.16
March 2018,SOMERSET,11,10,132,113,438071.98
March 2018,SOUTH BURNETT,17,17,344,343,1018866.49
March 2018,SOUTHERN DOWNS,14,13,395,345,1165606.33
March 2018,SUNSHINE COAST,70,69,3009,2918,12074882.79
March 2018,TABLELANDS,5,5,155,147,
March 2018,TOOWOOMBA,52,46,1632,1467,5565666.27
March 2018,TORRES,5,5,140,92,
March 2018,TOWNSVILLE,44,38,2043,1665,7859413.49
March 2018,WEIPA,3,3,76,76,
March 2018,WESTERN DOWNS,24,22,377,327,1038057.32
March 2018,WHITSUNDAY,18,16,519,416,1936589.23
March 2018,WINTON,3,3,17,14,
April 2018,BALONNE,4,4,63,63,
April 2018,BANANA,10,10,154,152,469771.56
April 2018,BARCALDINE,3,3,25,25,
April 2018,BLACKALL TAMBO,2,2,18,18,
April 2018,BRISBANE,183,176,8905,8246,42179969.62
April 2018,BUNDABERG,35,34,1364,1154,3886779.28
April 2018,BURDEKIN,7,7,206,173,564641.21
April 2018,CAIRNS,41,40,1943,1806,8122259.44
April 2018,CARPENTARIA,3,3,48,48,
April 2018,CASSOWARY COAST,14,14,374,372,960124.99
April 2018,CENTRAL HIGHLANDS,16,16,392,367,1189719.75
April 2018,CHARTERS TOWERS,8,8,130,130,342308.92
April 2018,CLONCURRY,5,5,72,72,
April 2018,COOK,3,3,54,48,
April 2018,DOUGLAS,8,8,186,168,582514.69
April 2018,FLINDERS,2,2,28,28,
April 2018,FRASER COAST,34,33,1336,1299,4752555.89
April 2018,GLADSTONE,25,23,617,587,2028039.01
April 2018,GOLD COAST,129,124,5940,5644,25872198.68
April 2018,GOONDIWINDI,9,9,155,147,417009.08
April 2018,GYMPIE,19,19,392,370,1167505.8
April 2018,HINCHINBROOK,7,7,97,89,287761.53
April 2018,IPSWICH,34,33,1807,1629,7561494.56
April 2018,ISAAC,14,14,299,299,834432.61
April 2018,LIVINGSTONE,12,11,297,287,1095241.06
April 2018,LOCKYER VALLEY,14,14,221,212,872016.42
April 2018,LOGAN,37,35,2128,2011,12765754.52
April 2018,LONGREACH,5,5,96,71,
April 2018,MACKAY,41,38,1732,1605,5914471.13
April 2018,MARANOA,9,9,174,148,443887.06
April 2018,MAREEBA,6,6,215,201,595837.21
April 2018,MCKINLAY,1,1,17,10,
April 2018,MORETON BAY,61,60,3451,3302,16726338.4
April 2018,MOUNT ISA,6,6,443,433,2057297.35
April 2018,MURWEH,5,4,56,56,
April 2018,NOOSA,14,14,524,514,2125438.15
April 2018,NORTH BURNETT,8,8,83,83,199532.67
April 2018,PAROO,1,1,25,21,
April 2018,QUILPIE,1,1,6,6,
April 2018,REDLAND,28,27,1328,1193,5401191.01
April 2018,RICHMOND,1,1,8,8,
April 2018,ROCKHAMPTON,34,32,1025,939,3698395.29
April 2018,SCENIC RIM,19,19,259,250,643179.61
April 2018,SOMERSET,11,10,132,113,322293.84
April 2018,SOUTH BURNETT,17,17,344,343,924793.39
April 2018,SOUTHERN DOWNS,14,13,395,345,985636.14
April 2018,SUNSHINE COAST,70,69,3004,2918,11692750.26
April 2018,TABLELANDS,5,5,155,147,
April 2018,TOOWOOMBA,52,47,1632,1503,5201539.66
April 2018,TORRES,5,5,140,92,
April 2018,TOWNSVILLE,44,38,2043,1675,7716761.26
April 2018,WEIPA,3,3,76,76,
April 2018,WESTERN DOWNS,24,22,377,327,929663.44
April 2018,WHITSUNDAY,18,16,519,416,1960329.3
April 2018,WINTON,3,3,17,15,
May 2018,BALONNE,4,4,63,63,
May 2018,BANANA,10,10,154,152,417455.74
May 2018,BARCALDINE,3,3,25,25,
May 2018,BLACKALL TAMBO,2,2,18,18,
May 2018,BRISBANE,183,177,8927,8241,42872692.14
May 2018,BUNDABERG,35,34,1364,1154,4313245.49
May 2018,BURDEKIN,7,7,206,172,614131.05
May 2018,CAIRNS,41,39,1902,1816,9019157.39
May 2018,CARPENTARIA,3,3,48,48,
May 2018,CASSOWARY COAST,14,14,374,372,1042672.2
May 2018,CENTRAL HIGHLANDS,16,16,392,370,1189743.45
May 2018,CHARTERS TOWERS,8,8,130,130,431971.77
May 2018,CLONCURRY,5,4,72,63,
May 2018,COOK,3,3,54,48,
May 2018,DOUGLAS,8,8,186,174,630719.57
May 2018,FLINDERS,2,2,28,28,
May 2018,FRASER COAST,33,33,1336,1299,4878477.81
May 2018,GLADSTONE,25,23,617,590,2172312
May 2018,GOLD COAST,129,123,5941,5625,27344823.32
May 2018,GOONDIWINDI,9,9,155,147,552650.52
May 2018,GYMPIE,19,19,392,370,1418685.55
May 2018,HINCHINBROOK,7,7,97,89,294812.36
May 2018,IPSWICH,34,34,1807,1619,7740214.87
May 2018,ISAAC,14,14,299,299,886519.08
May 2018,LIVINGSTONE,12,11,297,287,1222985.06
May 2018,LOCKYER VALLEY,14,14,221,212,970457.98
May 2018,LOGAN,37,35,2142,2009,13367710.07
May 2018,LONGREACH,5,5,96,71,
May 2018,MACKAY,41,38,1732,1592,5991211.5
May 2018,MARANOA,9,9,174,148,452430.06
May 2018,MAREEBA,6,6,215,201,709378.74
May 2018,MCKINLAY,1,1,17,10,
May 2018,MORETON BAY,61,60,3431,3302,16912971.61
May 2018,MOUNT ISA,6,6,443,433,2018373.27
May 2018,MURWEH,5,4,56,56,
May 2018,NOOSA,14,14,524,514,2276148.2
May 2018,NORTH BURNETT,8,8,83,83,260188.16
May 2018,PAROO,1,1,25,25,
May 2018,QUILPIE,1,1,6,6,
May 2018,REDLAND,28,27,1328,1193,5337131.81
May 2018,RICHMOND,1,1,8,8,
May 2018,ROCKHAMPTON,34,30,1022,928,3862304.95
May 2018,SCENIC RIM,19,18,229,225,628317.51
May 2018,SOMERSET,11,10,132,112,383736.2
May 2018,SOUTH BURNETT,17,17,338,333,1095313.59
May 2018,SOUTHERN DOWNS,14,13,395,345,1055091.97
May 2018,SUNSHINE COAST,70,67,2999,2908,12015873.8
May 2018,TABLELANDS,5,5,155,148,
May 2018,TOOWOOMBA,52,47,1632,1503,5735558.78
May 2018,TORRES,5,5,140,96,
May 2018,TOWNSVILLE,44,38,2043,1729,8254031.71
May 2018,WEIPA,3,3,76,76,
May 2018,WESTERN DOWNS,24,22,377,327,1033224.07
May 2018,WHITSUNDAY,18,16,519,417,2026790.83
May 2018,WINTON,3,3,17,15,
June 2018,BALONNE,4,4,63,63,
June 2018,BANANA,10,10,154,152,448678.62
June 2018,BARCALDINE,3,3,25,25,
June 2018,BLACKALL TAMBO,2,2,18,18,
June 2018,BRISBANE,182,177,8847,8241,43456963.61
June 2018,BUNDABERG,35,34,1364,1154,4293266.07
June 2018,BURDEKIN,7,7,206,172,588892.77
June 2018,CAIRNS,40,39,1902,1816,8522935.28
June 2018,CARPENTARIA,3,3,48,48,
June 2018,CASSOWARY COAST,14,14,374,372,994899.18
June 2018,CENTRAL HIGHLANDS,16,16,385,368,1430257.83
June 2018,CHARTERS TOWERS,8,8,130,130,433461.65
June 2018,CLONCURRY,5,4,72,63,
June 2018,COOK,3,3,54,48,
June 2018,DOUGLAS,8,8,186,177,726791.28
June 2018,FLINDERS,2,2,28,28,
June 2018,FRASER COAST,33,33,1336,1299,4938097.4
June 2018,GLADSTONE,25,23,617,587,2122569.42
June 2018,GOLD COAST,129,123,5941,5606,27183774.95
June 2018,GOONDIWINDI,9,9,155,147,495790.37
June 2018,GYMPIE,19,19,392,370,1300624.97
June 2018,HINCHINBROOK,7,7,97,89,310356.53
June 2018,IPSWICH,34,34,1807,1608,7730929.01
June 2018,ISAAC,14,14,299,299,847605.28
June 2018,LIVINGSTONE,12,11,297,287,1274976.6
June 2018,LOCKYER VALLEY,14,14,221,212,880151.23
June 2018,LOGAN,37,35,2142,2000,13675305.08
June 2018,LONGREACH,5,5,96,71,
June 2018,MACKAY,41,38,1732,1605,6113577.13
June 2018,MARANOA,9,9,174,148,504688.08
June 2018,MAREEBA,6,6,215,201,732690.73
June 2018,MCKINLAY,1,1,17,10,
June 2018,MORETON BAY,60,60,3431,3302,17347653.85
June 2018,MOUNT ISA,6,6,443,433,2270743.75
June 2018,MURWEH,5,4,56,56,
June 2018,NOOSA,14,14,524,514,2136642.93
June 2018,NORTH BURNETT,8,8,83,83,249226.94
June 2018,PAROO,1,1,25,25,
June 2018,QUILPIE,1,1,6,6,
June 2018,REDLAND,28,27,1328,1190,5622769.09
June 2018,RICHMOND,1,1,8,8,
June 2018,ROCKHAMPTON,33,30,1022,928,3865735.9
June 2018,SCENIC RIM,19,17,229,220,668524.08
June 2018,SOMERSET,12,9,134,106,367105.33
June 2018,SOUTH BURNETT,17,17,338,329,1050904.08
June 2018,SOUTHERN DOWNS,14,13,395,345,1051968.33
June 2018,SUNSHINE COAST,68,67,2999,2906,12065785.37
June 2018,TABLELANDS,5,5,155,147,
June 2018,TOOWOOMBA,52,47,1632,1503,5404194.55
June 2018,TORRES,5,5,140,96,
June 2018,TOWNSVILLE,44,38,2043,1731,7940241.26
June 2018,WEIPA,3,3,84,76,
June 2018,WESTERN DOWNS,24,22,377,327,1056473.25
June 2018,WHITSUNDAY,18,16,519,417,2130020.27
June 2018,WINTON,3,3,17,15,
July 2018,BALONNE,4,4,63,63,
July 2018,BANANA,10,10,154,152,531821.39
July 2018,BARCALDINE,3,3,25,25,
July 2018,BLACKALL TAMBO,2,2,18,18,
July 2018,BRISBANE,183,176,8867,8229,47366887.05
July 2018,BUNDABERG,35,34,1364,1154,4871865.66
July 2018,BURDEKIN,7,7,206,172,729297.77
July 2018,CAIRNS,40,39,1902,1820,10864255.59
July 2018,CARPENTARIA,3,3,48,48,
July 2018,CASSOWARY COAST,14,14,374,372,1262507.36
July 2018,CENTRAL HIGHLANDS,16,16,385,368,1578858.78
July 2018,CHARTERS TOWERS,8,8,130,130,665268.3
July 2018,CLONCURRY,5,4,72,63,
July 2018,COOK,3,3,54,48,
July 2018,DOUGLAS,8,8,186,177,849993.86
July 2018,FLINDERS,2,2,28,28,
July 2018,FRASER COAST,33,33,1336,1304,5658024.53
July 2018,GLADSTONE,25,23,617,587,2486505.37
July 2018,GOLD COAST,129,123,5941,5606,29529758.43
July 2018,GOONDIWINDI,9,9,155,147,476449.11
July 2018,GYMPIE,19,19,392,370,1437267.89
July 2018,HINCHINBROOK,8,7,107,89,343590.07
July 2018,IPSWICH,34,33,1807,1626,9102015.73
July 2018,ISAAC,14,14,299,299,1022153.05
July 2018,LIVINGSTONE,12,11,297,287,1332160.25
July 2018,LOCKYER VALLEY,14,14,221,212,1023675.02
July 2018,LOGAN,37,35,2142,2000,15696637.97
July 2018,LONGREACH,5,5,96,71,
July 2018,MACKAY,41,37,1732,1598,6928943.11
July 2018,MARANOA,9,9,174,148,476932.34
July 2018,MAREEBA,6,5,215,155,
July 2018,MCKINLAY,1,1,17,10,
July 2018,MORETON BAY,60,60,3391,3302,19453669.1
July 2018,MOUNT ISA,6,6,443,433,2289296.1
July 2018,MURWEH,5,4,56,56,
July 2018,NOOSA,14,13,524,489,2299862.65
July 2018,NORTH BURNETT,8,8,83,83,267180.15
July 2018,PAROO,1,1,25,25,
July 2018,QUILPIE,1,1,6,6,
July 2018,REDLAND,28,27,1328,1182,5971645.98
July 2018,RICHMOND,1,1,8,8,
July 2018,ROCKHAMPTON,33,30,1019,925,4701456.19
July 2018,SCENIC RIM,18,17,229,220,675983.62
July 2018,SOMERSET,12,9,134,106,352527.76
July 2018,SOUTH BURNETT,17,17,338,329,1216711.43
July 2018,SOUTHERN DOWNS,14,13,395,345,1099820.76
July 2018,SUNSHINE COAST,68,67,2999,2907,13384790.77
July 2018,TABLELANDS,5,5,155,147,
July 2018,TOOWOOMBA,52,47,1632,1503,6176641.47
July 2018,TORRES,5,5,140,96,
July 2018,TOWNSVILLE,44,38,2043,1732,9583219.2
July 2018,WEIPA,3,3,84,76,
July 2018,WESTERN DOWNS,24,22,377,327,1156397.61
July 2018,WHITSUNDAY,18,16,519,417,2405486.66
July 2018,WINTON,3,3,17,15,
August 2018,BALONNE,4,4,63,63,
August 2018,BANANA,10,9,154,148,534260.76
August 2018,BARCALDINE,3,3,25,25,
August 2018,BLACKALL TAMBO,2,2,18,18,
August 2018,BRISBANE,183,176,8867,8215,48572111.02
August 2018,BUNDABERG,35,34,1364,1154,5064162.84
August 2018,BURDEKIN,7,7,206,172,788647.83
August 2018,CAIRNS,40,39,1902,1816,10903241.68
August 2018,CARPENTARIA,3,3,48,48,
August 2018,CASSOWARY COAST,14,14,374,372,1310372.24
August 2018,CENTRAL HIGHLANDS,16,16,385,368,1673633.58
August 2018,CHARTERS TOWERS,8,8,130,130,586041.53
August 2018,CLONCURRY,5,4,72,63,
August 2018,COOK,3,3,54,48,
August 2018,DOUGLAS,8,8,186,178,951461.18
August 2018,FLINDERS,2,2,28,28,
August 2018,FRASER COAST,33,33,1336,1299,5697495.31
August 2018,GLADSTONE,25,23,617,587,2444688.15
August 2018,GOLD COAST,129,123,5941,5605,31474885.65
August 2018,GOONDIWINDI,9,9,155,147,580095.06
August 2018,GYMPIE,19,19,392,370,1515495.22
August 2018,HINCHINBROOK,8,7,107,89,375513.03
August 2018,IPSWICH,34,34,1807,1638,9170189.44
August 2018,ISAAC,14,14,299,299,1109436.73
August 2018,LIVINGSTONE,12,11,297,286,1410617.23
August 2018,LOCKYER VALLEY,14,14,221,212,982993.66
August 2018,LOGAN,37,35,2142,1964,16042828.37
August 2018,LONGREACH,5,5,96,71,
August 2018,MACKAY,40,37,1732,1519,7173866.01
August 2018,MARANOA,9,9,174,148,486548.1
August 2018,MAREEBA,6,5,215,158,
August 2018,MCKINLAY,1,1,17,10,
August 2018,MORETON BAY,60,60,3391,3302,19819113.03
August 2018,MOUNT ISA,6,6,443,433,2832811.05
August 2018,MURWEH,4,4,56,56,
August 2018,NOOSA,14,14,524,514,2508573.79
August 2018,NORTH BURNETT,8,8,83,83,275851.46
August 2018,PAROO,1,1,25,25,
August 2018,QUILPIE,1,1,6,6,
August 2018,REDLAND,28,27,1328,1183,6352314.32
August 2018,RICHMOND,1,1,8,8,
August 2018,ROCKHAMPTON,32,30,1019,925,4705687.83
August 2018,SCENIC RIM,17,17,229,220,735789.36
August 2018,SOMERSET,11,9,134,106,391679.22
August 2018,SOUTH BURNETT,17,17,338,329,1236673.86
August 2018,SOUTHERN DOWNS,14,13,395,345,1039232.17
August 2018,SUNSHINE COAST,68,67,2999,2913,14168567.12
August 2018,TABLELANDS,5,4,155,136,
August 2018,TOOWOOMBA,51,47,1632,1494,6508780.06
August 2018,TORRES,5,5,140,96,
August 2018,TOWNSVILLE,43,38,1983,1733,9362087.41
August 2018,WEIPA,3,3,84,76,
August 2018,WESTERN DOWNS,24,22,377,327,1184836.46
August 2018,WHITSUNDAY,18,16,519,417,2477644.44
August 2018,WINTON,3,3,17,15,
September 2018,BALONNE,4,4,63,63,
September 2018,BANANA,9,9,151,148,515398.22
September 2018,BARCALDINE,3,3,25,25,
September 2018,BLACKALL TAMBO,2,2,18,18,
September 2018,BRISBANE,183,176,8867,8252,45526155.03
September 2018,BUNDABERG,35,34,1364,1153,4464976.11
September 2018,BURDEKIN,7,7,206,172,658891.76
September 2018,CAIRNS,40,39,1902,1816,9459258.2
September 2018,CARPENTARIA,3,3,48,48,
September 2018,CASSOWARY COAST,14,14,374,372,1126817.17
September 2018,CENTRAL HIGHLANDS,16,16,385,368,1389173.08
September 2018,CHARTERS TOWERS,8,8,130,130,510083.17
September 2018,CLONCURRY,4,4,63,63,
September 2018,COOK,3,3,54,47,
September 2018,DOUGLAS,8,8,186,178,772671.42
September 2018,FLINDERS,2,2,28,28,
September 2018,FRASER COAST,33,33,1336,1299,5079499.11
September 2018,GLADSTONE,25,23,617,587,2308944.1
September 2018,GOLD COAST,129,123,5941,5602,29296899.68
September 2018,GOONDIWINDI,9,9,155,147,499851.35
September 2018,GYMPIE,19,19,392,370,1275660.3
September 2018,HINCHINBROOK,8,7,107,89,336169.19
September 2018,IPSWICH,34,34,1807,1640,8350194.81
September 2018,ISAAC,14,14,299,299,985043.03
September 2018,LIVINGSTONE,12,11,297,287,1257517.02
September 2018,LOCKYER VALLEY,14,14,221,212,1032203.79
September 2018,LOGAN,37,35,2142,1923,13878526.29
September 2018,LONGREACH,5,5,96,71,
September 2018,MACKAY,40,37,1732,1599,6781654.12
September 2018,MARANOA,9,9,174,148,499283.12
September 2018,MAREEBA,6,5,215,155,
September 2018,MCKINLAY,1,1,17,10,
September 2018,MORETON BAY,60,60,3391,3302,18060269.91
September 2018,MOUNT ISA,6,6,443,433,2147095.86
September 2018,MURWEH,4,4,56,56,
September 2018,NOOSA,14,14,524,514,2412683.93
September 2018,NORTH BURNETT,8,8,83,83,197270.88
September 2018,PAROO,1,1,25,25,
September 2018,QUILPIE,1,1,6,6,
September 2018,REDLAND,28,27,1328,1154,5813156.24
September 2018,RICHMOND,1,1,8,8,
September 2018,ROCKHAMPTON,32,30,1019,858,4188970.69
September 2018,SCENIC RIM,17,17,229,220,688601.34
September 2018,SOMERSET,11,9,134,106,372611.01
September 2018,SOUTH BURNETT,17,17,338,329,1155602.13
September 2018,SOUTHERN DOWNS,14,13,395,345,1021966.64
September 2018,SUNSHINE COAST,68,67,2999,2906,13029336.95
September 2018,TABLELANDS,5,4,155,136,
September 2018,TOOWOOMBA,50,47,1624,1490,6070364.38
September 2018,TORRES,5,5,140,96,
September 2018,TOWNSVILLE,43,38,1983,1733,8465858.74
September 2018,WEIPA,3,3,84,76,
September 2018,WESTERN DOWNS,24,22,377,327,1136161.1
September 2018,WHITSUNDAY,18,16,519,417,2227934.38
September 2018,WINTON,3,3,17,15,
October 2018,BALONNE,4,4,63,63,
October 2018,BANANA,9,9,151,148,570239.08
October 2018,BARCALDINE,3,3,25,25,
October 2018,BLACKALL TAMBO,2,2,18,18,
October 2018,BRISBANE,183,175,8867,8245,45474787.84
October 2018,BUNDABERG,35,34,1364,1153,4725010.67
October 2018,BURDEKIN,7,7,206,172,623407.59
October 2018,CAIRNS,40,39,1902,1816,9605598.17
October 2018,CARPENTARIA,3,3,48,48,
October 2018,CASSOWARY COAST,14,14,374,372,1159100.01
October 2018,CENTRAL HIGHLANDS,16,16,385,369,1412912.26
October 2018,CHARTERS TOWERS,8,8,130,130,502762.62
October 2018,CLONCURRY,4,4,63,63,
October 2018,COOK,3,3,54,48,
October 2018,DOUGLAS,8,8,186,178,841920.78
October 2018,FLINDERS,2,2,28,28,
October 2018,FRASER COAST,33,33,1336,1311,4991256.02
October 2018,GLADSTONE,25,23,617,587,2228279.49
October 2018,GOLD COAST,129,124,5941,5637,28949814.62
October 2018,GOONDIWINDI,9,9,155,147,464866
October 2018,GYMPIE,19,19,392,370,1430712.11
October 2018,HINCHINBROOK,8,7,107,89,365473.32
October 2018,IPSWICH,34,33,1807,1629,8323916.63
October 2018,ISAAC,14,14,299,299,1065755.97
October 2018,LIVINGSTONE,12,11,297,287,1273017.04
October 2018,LOCKYER VALLEY,14,14,221,212,1064307.21
October 2018,LOGAN,37,35,2142,1928,13607184.06
October 2018,LONGREACH,5,5,96,71,
October 2018,MACKAY,40,37,1732,1602,6748389.46
October 2018,MARANOA,9,9,174,148,508892.38
October 2018,MAREEBA,6,5,215,158,
October 2018,MCKINLAY,1,1,17,10,
October 2018,MORETON BAY,60,60,3391,3302,18330328.46
October 2018,MOUNT ISA,6,6,443,433,2159451.65
October 2018,MURWEH,4,4,56,56,
October 2018,NOOSA,14,14,524,514,2271982.42
October 2018,NORTH BURNETT,8,8,83,83,218130.36
October 2018,PAROO,1,1,25,25,
October 2018,QUILPIE,1,1,6,6,
October 2018,REDLAND,28,27,1328,1180,6030757.11
October 2018,RICHMOND,1,1,8,8,
October 2018,ROCKHAMPTON,32,30,1019,919,4436409.74
October 2018,SCENIC RIM,17,17,229,220,622238.45
October 2018,SOMERSET,11,9,134,106,363517.66
October 2018,SOUTH BURNETT,17,17,338,331,1052953.89
October 2018,SOUTHERN DOWNS,14,13,395,346,976967.59
October 2018,SUNSHINE COAST,68,67,2999,2917,12946388.18
October 2018,TABLELANDS,4,4,144,136,
October 2018,TOOWOOMBA,50,47,1624,1490,6235278.58
October 2018,TORRES,5,5,140,96,
October 2018,TOWNSVILLE,43,39,1983,1748,8613336.04
October 2018,WEIPA,3,3,84,76,
October 2018,WESTERN DOWNS,24,23,377,339,1043704.18
October 2018,WHITSUNDAY,18,16,519,420,2233161.12
October 2018,WINTON,3,3,17,15,
November 2018,BALONNE,4,4,72,63,
November 2018,BANANA,9,9,151,148,546437.77
November 2018,BARCALDINE,3,3,25,25,
November 2018,BLACKALL TAMBO,2,2,18,18,
November 2018,BRISBANE,185,176,8959,8231,44511203.85
November 2018,BUNDABERG,35,34,1348,1154,4478836.43
November 2018,BURDEKIN,7,7,206,172,606425.38
November 2018,CAIRNS,40,39,1920,1814,9308095.43
November 2018,CARPENTARIA,3,3,48,48,
November 2018,CASSOWARY COAST,14,14,374,372,1111638.71
November 2018,CENTRAL HIGHLANDS,16,16,385,368,1423760.16
November 2018,CHARTERS TOWERS,8,8,130,130,433169.9
November 2018,CLONCURRY,4,4,63,63,
November 2018,COOK,3,3,54,48,
November 2018,DOUGLAS,8,8,186,178,610119.91
November 2018,FLINDERS,2,2,28,28,
November 2018,FRASER COAST,33,33,1345,1306,5075212.41
November 2018,GLADSTONE,24,23,611,587,2255349.23
November 2018,GOLD COAST,130,123,5965,5612,27987817.71
November 2018,GOONDIWINDI,9,9,163,147,463555.18
November 2018,GYMPIE,19,19,392,370,1498825.47
November 2018,HINCHINBROOK,8,7,107,89,349945.96
November 2018,IPSWICH,34,33,1807,1629,7818956.68
November 2018,ISAAC,14,14,299,299,1103682.22
November 2018,LIVINGSTONE,12,11,336,287,1227695.95
November 2018,LOCKYER VALLEY,14,14,221,218,1074221
November 2018,LOGAN,37,35,2142,2007,13497625.54
November 2018,LONGREACH,5,5,96,71,
November 2018,MACKAY,40,37,1732,1599,6574378.4
November 2018,MARANOA,9,9,174,148,476378.77
November 2018,MAREEBA,6,5,234,155,
November 2018,MCKINLAY,1,1,17,10,
November 2018,MORETON BAY,60,60,3391,3306,17355919.82
November 2018,MOUNT ISA,6,6,443,433,2011941.83
November 2018,MURWEH,4,4,56,57,
November 2018,NOOSA,14,14,544,514,2056325.14
November 2018,NORTH BURNETT,8,8,83,83,185132.6
November 2018,PAROO,1,1,25,25,
November 2018,QUILPIE,1,1,6,6,
November 2018,REDLAND,28,27,1333,1211,5999956.18
November 2018,RICHMOND,1,1,8,8,
November 2018,ROCKHAMPTON,32,30,1011,919,4052426.43
November 2018,SCENIC RIM,18,17,274,219,639691.59
November 2018,SOMERSET,11,9,134,107,331563.68
November 2018,SOUTH BURNETT,17,17,338,331,1082929.52
November 2018,SOUTHERN DOWNS,14,13,395,345,1049177.29
November 2018,SUNSHINE COAST,69,67,3044,2902,12840974.82
November 2018,TABLELANDS,4,4,144,136,
November 2018,TOOWOOMBA,49,46,1632,1468,5890659.09
November 2018,TORRES,5,5,140,96,
November 2018,TOWNSVILLE,43,39,1983,1758,8201874.34
November 2018,WEIPA,3,3,84,76,
November 2018,WESTERN DOWNS,24,23,377,339,1189448.99
November 2018,WHITSUNDAY,17,16,511,417,1917176.8
November 2018,WINTON,3,3,17,15,
December 2018,BALONNE,4,4,72,63,
December 2018,BANANA,9,9,151,148,502211.68
December 2018,BARCALDINE,3,3,25,25,
December 2018,BLACKALL TAMBO,2,2,18,18,
December 2018,BRISBANE,184,176,8949,8247,45788225.21
December 2018,BUNDABERG,35,34,1348,1153,4363308.57
December 2018,BURDEKIN,7,7,206,172,591922.39
December 2018,CAIRNS,40,39,1920,1809,9390005.1
December 2018,CARPENTARIA,3,3,48,48,
December 2018,CASSOWARY COAST,14,14,374,372,1071353.64
December 2018,CENTRAL HIGHLANDS,16,16,385,368,1219756.89
December 2018,CHARTERS TOWERS,8,8,130,130,439870.4
December 2018,CLONCURRY,4,4,63,63,
December 2018,COOK,3,3,54,48,
December 2018,DOUGLAS,8,8,186,178,568318.73
December 2018,FLINDERS,2,2,28,28,
December 2018,FRASER COAST,34,33,1390,1307,5091997.59
December 2018,GLADSTONE,24,23,611,587,2365949.63
December 2018,GOLD COAST,130,123,5965,5611,28775744.29
December 2018,GOONDIWINDI,9,9,163,147,517742.54
December 2018,GYMPIE,19,19,392,370,1523026.76
December 2018,HINCHINBROOK,8,7,107,89,356179.8
December 2018,IPSWICH,34,33,1807,1629,8295665.12
December 2018,ISAAC,14,14,299,299,1014123.38
December 2018,LIVINGSTONE,12,11,336,287,1378269.21
December 2018,LOCKYER VALLEY,14,14,221,221,989286.31
December 2018,LOGAN,37,35,2142,2013,13856038.27
December 2018,LONGREACH,5,5,96,75,
December 2018,MACKAY,40,37,1732,1601,6633197.88
December 2018,MARANOA,9,9,174,148,442787.6
December 2018,MAREEBA,5,5,188,156,
December 2018,MCKINLAY,1,1,17,10,
December 2018,MORETON BAY,60,60,3391,3311,19055321.66
December 2018,MOUNT ISA,6,6,443,433,2177148.18
December 2018,MURWEH,4,4,56,56,
December 2018,NOOSA,14,14,544,529,2440497.64
December 2018,NORTH BURNETT,8,8,83,83,217884.11
December 2018,PAROO,1,1,25,25,
December 2018,QUILPIE,1,1,6,6,
December 2018,REDLAND,28,27,1333,1210,6173291.43
December 2018,RICHMOND,1,1,8,8,
December 2018,ROCKHAMPTON,31,30,1011,919,4389083.34
December 2018,SCENIC RIM,18,17,274,220,612297.89
December 2018,SOMERSET,11,9,134,107,394758.65
December 2018,SOUTH BURNETT,17,17,338,331,1068501.13
December 2018,SOUTHERN DOWNS,14,13,395,345,1039317.22
December 2018,SUNSHINE COAST,69,67,3044,2905,13244429.96
December 2018,TABLELANDS,4,4,144,136,
December 2018,TOOWOOMBA,49,46,1632,1468,5963338.63
December 2018,TORRES,5,5,140,96,
December 2018,TOWNSVILLE,45,39,2098,1749,8597311.46
December 2018,WEIPA,3,3,84,76,
December 2018,WESTERN DOWNS,24,23,377,349,1139862.64
December 2018,WHITSUNDAY,17,16,511,419,1869358.68
December 2018,WINTON,3,3,17,15,
January 2019,BALONNE,4,4,72,63,
January 2019,BANANA,9,9,151,148,415697.13
January 2019,BARCALDINE,3,3,25,25,
January 2019,BLACKALL TAMBO,2,2,18,18,
January 2019,BRISBANE,183,175,8964,8240,41962560.22
January 2019,BUNDABERG,35,34,1355,1153,4022263.85
January 2019,BURDEKIN,7,7,206,172,497609.61
January 2019,CAIRNS,40,39,1920,1811,8474237.28
January 2019,CARPENTARIA,3,3,48,48,
January 2019,CASSOWARY COAST,14,14,374,371,993066.75
January 2019,CENTRAL HIGHLANDS,16,16,385,368,1202790.54
January 2019,CHARTERS TOWERS,8,8,130,130,419727.67
January 2019,CLONCURRY,4,4,63,63,
January 2019,COOK,3,3,54,48,
January 2019,DOUGLAS,8,8,186,178,562302.74
January 2019,FLINDERS,2,2,28,28,
January 2019,FRASER COAST,34,33,1390,1307,5149275.83
January 2019,GLADSTONE,24,23,611,587,1973786.7
January 2019,GOLD COAST,131,123,6010,5613,27353504.57
January 2019,GOONDIWINDI,9,9,163,147,417166.44
January 2019,GYMPIE,19,19,392,370,1321984.69
January 2019,HINCHINBROOK,8,7,107,89,323583.52
January 2019,IPSWICH,34,33,1795,1629,7422380.35
January 2019,ISAAC,14,14,299,299,940755.1
January 2019,LIVINGSTONE,12,11,336,291,1282925.83
January 2019,LOCKYER VALLEY,14,14,221,221,934467.33
January 2019,LOGAN,37,35,2142,2009,13177215.3
January 2019,LONGREACH,5,5,96,75,
January 2019,MACKAY,40,37,1732,1605,6404402.15
January 2019,MARANOA,9,9,174,148,368112.53
January 2019,MAREEBA,5,5,188,156,
January 2019,MCKINLAY,1,1,17,10,
January 2019,MORETON BAY,60,60,3398,3306,17004956.88
January 2019,MOUNT ISA,6,6,443,434,1937986.3
January 2019,MURWEH,4,4,56,56,
January 2019,NOOSA,14,14,544,529,2163379.93
January 2019,NORTH BURNETT,8,8,83,85,183814.86
January 2019,PAROO,1,1,25,25,
January 2019,QUILPIE,1,1,6,6,
January 2019,REDLAND,28,27,1333,1210,5960314.16
January 2019,RICHMOND,1,1,8,8,
January 2019,ROCKHAMPTON,31,30,1011,919,3789694.98
January 2019,SCENIC RIM,18,17,274,220,617092.77
January 2019,SOMERSET,11,9,134,107,348984.19
January 2019,SOUTH BURNETT,17,17,338,328,996736.16
January 2019,SOUTHERN DOWNS,14,13,395,345,1077606.19
January 2019,SUNSHINE COAST,69,67,3044,2902,12111758.67
January 2019,TABLELANDS,4,4,144,136,
January 2019,TOOWOOMBA,49,46,1632,1467,5445944.84
January 2019,TORRES,5,5,140,96,
January 2019,TOWNSVILLE,45,40,2098,1772,7877360.24
January 2019,WEIPA,3,3,84,76,
January 2019,WESTERN DOWNS,24,23,377,349,949242.47
January 2019,WHITSUNDAY,17,16,511,419,1707037.37
January 2019,WINTON,3,3,17,15,
February 2019,BALONNE,4,4,72,63,
February 2019,BANANA,9,9,151,147,339834.89
February 2019,BARCALDINE,3,3,25,25,
February 2019,BLACKALL TAMBO,2,2,18,18,
February 2019,BRISBANE,182,175,8949,8229,39703080.57
February 2019,BUNDABERG,35,34,1355,1153,3707076.13
February 2019,BURDEKIN,7,7,206,172,717099.04
February 2019,CAIRNS,40,39,1920,1812,7890467.69
February 2019,CARPENTARIA,3,3,48,48,
February 2019,CASSOWARY COAST,14,14,374,372,992345.57
February 2019,CENTRAL HIGHLANDS,16,16,385,370,1159288.66
February 2019,CHARTERS TOWERS,8,8,130,130,482267.74
February 2019,CLONCURRY,4,4,63,63,
February 2019,COOK,3,3,54,48,
February 2019,DOUGLAS,8,8,186,178,468460.39
February 2019,FLINDERS,2,2,28,28,
February 2019,FRASER COAST,34,33,1340,1281,4684872.06
February 2019,GLADSTONE,24,23,611,587,1891811.1
February 2019,GOLD COAST,131,123,6010,5610,24497208.03
February 2019,GOONDIWINDI,9,9,163,147,456366.78
February 2019,GYMPIE,19,19,392,369,1269166.9
February 2019,HINCHINBROOK,8,7,107,89,234744.38
February 2019,IPSWICH,34,33,1795,1629,6798893.37
February 2019,ISAAC,14,14,299,299,873899.81
February 2019,LIVINGSTONE,12,11,336,287,1044564.19
February 2019,LOCKYER VALLEY,14,14,221,221,883323.19
February 2019,LOGAN,37,35,2142,2012,12044357.7
February 2019,LONGREACH,5,5,96,75,
February 2019,MACKAY,40,37,1687,1610,5813566.79
February 2019,MARANOA,9,8,170,144,371905.38
February 2019,MAREEBA,5,5,188,156,
February 2019,MCKINLAY,1,1,17,10,
February 2019,MORETON BAY,60,60,3398,3306,16261669.14
February 2019,MOUNT ISA,6,6,443,433,1759830.19
February 2019,MURWEH,4,4,56,56,
February 2019,NOOSA,14,13,544,514,2064012.53
February 2019,NORTH BURNETT,8,8,83,83,183226.94
February 2019,PAROO,1,1,25,25,
February 2019,QUILPIE,1,1,6,6,
February 2019,REDLAND,28,27,1333,1216,4939654.22
February 2019,RICHMOND,1,1,8,8,
February 2019,ROCKHAMPTON,31,30,1011,919,3599449.43
February 2019,SCENIC RIM,18,17,283,220,620163.24
February 2019,SOMERSET,11,9,134,107,367380.58
February 2019,SOUTH BURNETT,17,17,338,328,994096.07
February 2019,SOUTHERN DOWNS,14,13,395,345,810262.5
February 2019,SUNSHINE COAST,69,67,3044,2905,11232931.02
February 2019,TABLELANDS,4,4,144,136,
February 2019,TOOWOOMBA,49,46,1617,1468,4886311.25
February 2019,TORRES,5,5,140,96,
February 2019,TOWNSVILLE,45,39,2078,1534,9131607.45
February 2019,WEIPA,3,3,84,76,
February 2019,WESTERN DOWNS,24,23,377,348,1004635.03
February 2019,WHITSUNDAY,17,16,516,419,1592679
February 2019,WINTON,3,3,17,15,
March 2019,BALONNE,4,4,72,63,
March 2019,BANANA,9,9,151,148,480484.4
March 2019,BARCALDINE,3,3,25,25,
March 2019,BLACKALL TAMBO,2,2,18,18,
March 2019,BRISBANE,182,173,8949,8205,44717639.77
March 2019,BUNDABERG,35,34,1355,1143,4379608.97
March 2019,BURDEKIN,7,7,206,172,590510.53
March 2019,CAIRNS,40,39,1920,1812,9255528.74
March 2019,CARPENTARIA,3,3,48,48,
March 2019,CASSOWARY COAST,14,14,374,372,1074464.92
March 2019,CENTRAL HIGHLANDS,16,16,385,368,1340290.42
March 2019,CHARTERS TOWERS,8,8,130,130,415190.91
March 2019,CLONCURRY,4,4,63,63,
March 2019,COOK,3,3,54,48,
March 2019,DOUGLAS,8,8,186,178,555249.13
March 2019,FLINDERS,2,2,28,28,
March 2019,FRASER COAST,34,33,1340,1276,5200850.36
March 2019,GLADSTONE,24,23,611,587,2348009.28
March 2019,GOLD COAST,131,123,5970,5569,28250970.19
March 2019,GOONDIWINDI,9,9,163,155,486245.62
March 2019,GYMPIE,19,19,392,369,1407994.01
March 2019,HINCHINBROOK,8,7,107,89,372134.01
March 2019,IPSWICH,34,32,1795,1594,7895122.07
March 2019,ISAAC,14,14,299,299,1047990.26
March 2019,LIVINGSTONE,12,11,336,287,1222139.12
March 2019,LOCKYER VALLEY,14,14,221,221,1011087.03
March 2019,LOGAN,37,35,2142,2009,13213424.44
March 2019,LONGREACH,5,5,96,77,
March 2019,MACKAY,41,37,1693,1604,6480556.98
March 2019,MARANOA,9,8,170,144,480495.6
March 2019,MAREEBA,5,5,188,156,
March 2019,MCKINLAY,1,1,17,10,
March 2019,MORETON BAY,60,60,3403,3306,17506182.72
March 2019,MOUNT ISA,6,6,443,433,2179820.4
March 2019,MURWEH,4,4,56,56,
March 2019,NOOSA,14,13,544,514,2283173.64
March 2019,NORTH BURNETT,8,8,83,83,222686.74
March 2019,PAROO,1,1,25,25,
March 2019,QUILPIE,1,1,6,6,
March 2019,REDLAND,28,27,1333,1210,5696820.71
March 2019,RICHMOND,1,1,8,8,
March 2019,ROCKHAMPTON,32,30,1046,918,4227357.07
March 2019,SCENIC RIM,18,17,283,220,598506.33
March 2019,SOMERSET,11,9,134,107,431057.86
March 2019,SOUTH BURNETT,17,17,338,333,1135401.29
March 2019,SOUTHERN DOWNS,14,13,395,345,996298.01
March 2019,SUNSHINE COAST,69,67,3044,2902,12814930.47
March 2019,TABLELANDS,4,4,144,136,
March 2019,TOOWOOMBA,49,46,1617,1467,5494888.93
March 2019,TORRES,5,5,140,96,
March 2019,TOWNSVILLE,46,39,2138,1529,9507327.66
March 2019,WEIPA,3,3,84,76,
March 2019,WESTERN DOWNS,24,23,377,349,1060654.96
March 2019,WHITSUNDAY,17,16,516,419,1772663.97
March 2019,WINTON,3,3,17,15,
April 2019,BALONNE,4,4,72,63,
April 2019,BANANA,9,9,151,148,455111.81
April 2019,BARCALDINE,3,3,22,22,
April 2019,BLACKALL TAMBO,2,2,18,18,
April 2019,BRISBANE,180,172,8925,8167,41998658.85
April 2019,BUNDABERG,34,34,1345,1133,3976254.72
April 2019,BURDEKIN,7,7,206,172,532829.42
April 2019,CAIRNS,40,39,1920,1812,8686522.92
April 2019,CARPENTARIA,3,3,48,48,
April 2019,CASSOWARY COAST,14,14,374,372,1044202.41
April 2019,CENTRAL HIGHLANDS,16,16,385,368,1256631.03
April 2019,CHARTERS TOWERS,8,8,130,130,403352.86
April 2019,CLONCURRY,4,4,63,63,
April 2019,COOK,3,3,54,48,
April 2019,DOUGLAS,8,8,186,178,517894.84
April 2019,FLINDERS,2,2,28,28,
April 2019,FRASER COAST,34,33,1340,1279,4880743.05
April 2019,GLADSTONE,24,23,611,587,2109656.48
April 2019,GOLD COAST,131,123,5970,5569,26098944.01
April 2019,GOONDIWINDI,9,9,163,155,463145.16
April 2019,GYMPIE,19,19,392,370,1268563.3
April 2019,HINCHINBROOK,8,7,107,89,291558.66
April 2019,IPSWICH,32,32,1760,1594,7357889.45
April 2019,ISAAC,14,14,299,299,910159.41
April 2019,LIVINGSTONE,12,10,336,277,1244427.07
April 2019,LOCKYER VALLEY,14,14,221,221,839070.92
April 2019,LOGAN,37,35,2142,2009,12747550.44
April 2019,LONGREACH,5,5,96,77,
April 2019,MACKAY,39,37,1686,1597,5998504.11
April 2019,MARANOA,8,8,170,144,438627.63
April 2019,MAREEBA,5,5,188,156,
April 2019,MCKINLAY,1,1,17,10,
April 2019,MORETON BAY,60,60,3403,3305,16723245.34
April 2019,MOUNT ISA,6,6,443,433,1927253.97
April 2019,MURWEH,4,4,56,56,
April 2019,NOOSA,14,13,544,514,2191022.97
April 2019,NORTH BURNETT,8,8,83,84,237660.28
April 2019,PAROO,1,1,25,25,
April 2019,QUILPIE,1,1,6,6,
April 2019,REDLAND,28,27,1333,1210,5331342.37
April 2019,RICHMOND,1,1,8,8,
April 2019,ROCKHAMPTON,32,30,1046,919,3973675.78
April 2019,SCENIC RIM,18,17,273,220,548997.71
April 2019,SOMERSET,11,9,134,107,309995.28
April 2019,SOUTH BURNETT,17,17,338,335,1049345.27
April 2019,SOUTHERN DOWNS,14,13,395,345,1032017.11
April 2019,SUNSHINE COAST,69,67,3044,2902,12195070.89
April 2019,TABLELANDS,4,4,144,136,
April 2019,TOOWOOMBA,49,46,1621,1461,5281445.22
April 2019,TORRES,5,5,140,95,
April 2019,TOWNSVILLE,45,40,2093,1652,8727622.88
April 2019,WEIPA,3,3,84,76,
April 2019,WESTERN DOWNS,24,23,377,349,983989.99
April 2019,WHITSUNDAY,17,16,516,419,1743150.99
April 2019,WINTON,3,3,17,15,
May 2019,BALONNE,4,4,72,63,
May 2019,BANANA,9,9,151,148,515249.74
May 2019,BARCALDINE,3,3,22,22,
May 2019,BLACKALL TAMBO,2,2,18,18,
May 2019,BRISBANE,179,171,8917,8165,44337378.3
May 2019,BUNDABERG,34,34,1345,1134,4384877
May 2019,BURDEKIN,7,7,206,172,635742.05
May 2019,CAIRNS,40,39,1920,1812,9297301.08
May 2019,CARPENTARIA,3,3,48,48,
May 2019,CASSOWARY COAST,14,14,374,372,1162745.89
May 2019,CENTRAL HIGHLANDS,16,16,385,368,1408038.58
May 2019,CHARTERS TOWERS,8,8,130,130,414551.04
May 2019,CLONCURRY,4,4,63,63,
May 2019,COOK,3,3,54,48,
May 2019,DOUGLAS,8,8,186,178,627377.5
May 2019,FLINDERS,2,2,28,28,
May 2019,FRASER COAST,33,33,1340,1282,5051215.73
May 2019,GLADSTONE,24,23,611,587,2368866.02
May 2019,GOLD COAST,131,123,5964,5576,27738539.64
May 2019,GOONDIWINDI,9,9,163,155,452154.74
May 2019,GYMPIE,19,19,392,370,1456629.26
May 2019,HINCHINBROOK,8,7,107,89,345910.73
May 2019,IPSWICH,32,32,1760,1594,7741159.57
May 2019,ISAAC,14,14,299,299,1122812.57
May 2019,LIVINGSTONE,12,10,336,277,1267479.12
May 2019,LOCKYER VALLEY,14,14,221,221,984390.07
May 2019,LOGAN,37,35,2142,2010,13427872.89
May 2019,LONGREACH,5,5,96,77,
May 2019,MACKAY,39,37,1686,1599,6645784.29
May 2019,MARANOA,8,8,170,146,511136.05
May 2019,MAREEBA,5,5,188,156,
May 2019,MCKINLAY,1,1,17,10,
May 2019,MORETON BAY,60,60,3403,3300,17307430.95
May 2019,MOUNT ISA,6,6,443,422,2103235.01
May 2019,MURWEH,4,4,56,56,
May 2019,NOOSA,14,13,544,514,2164849.34
May 2019,NORTH BURNETT,8,8,83,83,285074.97
May 2019,PAROO,1,1,25,25,
May 2019,QUILPIE,1,1,6,6,
May 2019,REDLAND,28,27,1333,1213,5711651.61
May 2019,RICHMOND,1,1,8,8,
May 2019,ROCKHAMPTON,32,30,1046,919,4315511.67
May 2019,SCENIC RIM,18,16,273,205,640334.11
May 2019,SOMERSET,11,9,134,107,380553.99
May 2019,SOUTH BURNETT,17,17,338,338,1154620.9
May 2019,SOUTHERN DOWNS,14,13,395,345,953488.83
May 2019,SUNSHINE COAST,70,67,3047,2903,12596148.69
May 2019,TABLELANDS,4,4,144,136,
May 2019,TOOWOOMBA,49,46,1621,1461,5687760.91
May 2019,TORRES,5,5,140,96,
May 2019,TOWNSVILLE,45,40,2093,1652,8901105.55
May 2019,WEIPA,3,3,84,76,
May 2019,WESTERN DOWNS,24,23,377,349,1074156.33
May 2019,WHITSUNDAY,17,16,516,419,1959047.29
May 2019,WINTON,3,3,17,15,
June 2019,BALONNE,4,4,72,63,
June 2019,BANANA,9,9,151,148,530730.66
June 2019,BARCALDINE,3,3,22,22,
June 2019,BLACKALL TAMBO,2,2,18,18,
June 2019,BRISBANE,179,169,8908,8140,42069868.3
June 2019,BUNDABERG,34,34,1345,1134,4257733.74
June 2019,BURDEKIN,7,7,206,172,680014.88
June 2019,CAIRNS,40,39,1920,1814,8759414.35
June 2019,CARPENTARIA,3,3,48,48,
June 2019,CASSOWARY COAST,14,14,374,372,1176425.86
June 2019,CENTRAL HIGHLANDS,16,16,385,368,1431861.34
June 2019,CHARTERS TOWERS,8,8,138,130,497163.56
June 2019,CLONCURRY,4,4,63,63,
June 2019,COOK,3,3,54,48,
June 2019,DOUGLAS,8,8,186,178,549569.25
June 2019,FLINDERS,2,2,28,28,
June 2019,FRASER COAST,33,33,1340,1282,5180510.01
June 2019,GLADSTONE,24,23,611,588,2312566.2
June 2019,GOLD COAST,131,123,5964,5573,26815336.69
June 2019,GOONDIWINDI,9,9,163,155,530693.85
June 2019,GYMPIE,19,19,392,369,1411514.93
June 2019,HINCHINBROOK,8,7,107,89,356412.06
June 2019,IPSWICH,32,32,1760,1594,7745105.34
June 2019,ISAAC,14,14,299,299,996810.12
June 2019,LIVINGSTONE,12,11,336,287,1166847.56
June 2019,LOCKYER VALLEY,14,14,221,221,945268.95
June 2019,LOGAN,37,34,2136,2005,13025559.92
June 2019,LONGREACH,5,5,96,77,
June 2019,MACKAY,39,37,1686,1597,6308931.09
June 2019,MARANOA,8,8,170,143,414111.42
June 2019,MAREEBA,5,5,188,156,
June 2019,MCKINLAY,1,1,17,10,
June 2019,MORETON BAY,60,60,3402,3309,16955612.8
June 2019,MOUNT ISA,6,6,443,422,2147757.45
June 2019,MURWEH,4,4,56,56,
June 2019,NOOSA,14,13,544,514,2126345.28
June 2019,NORTH BURNETT,8,8,83,83,230668.32
June 2019,PAROO,1,1,25,25,
June 2019,QUILPIE,1,1,6,6,
June 2019,REDLAND,28,27,1333,1210,5433304.75
June 2019,RICHMOND,1,1,8,8,
June 2019,ROCKHAMPTON,32,29,1043,908,3964408.44
June 2019,SCENIC RIM,17,16,273,205,772019.28
June 2019,SOMERSET,11,9,134,107,345103.08
June 2019,SOUTH BURNETT,17,17,338,338,1094710.36
June 2019,SOUTHERN DOWNS,14,13,395,345,858357.48
June 2019,SUNSHINE COAST,71,67,3257,2865,12221073.8
June 2019,TABLELANDS,4,4,144,136,
June 2019,TOOWOOMBA,49,46,1621,1466,5562521.74
June 2019,TORRES,5,5,140,97,
June 2019,TOWNSVILLE,45,40,2093,1652,8867539.69
June 2019,WEIPA,3,3,84,76,
June 2019,WESTERN DOWNS,24,23,377,348,1124797.76
June 2019,WHITSUNDAY,17,16,516,419,1942002.07
June 2019,WINTON,3,3,17,15,
July 2019,BALONNE,4,4,72,63,
July 2019,BANANA,9,9,151,148,546265.39
July 2019,BARCALDINE,3,3,22,22,
July 2019,BLACKALL TAMBO,2,2,18,18,
July 2019,BRISBANE,177,169,8910,8045,47177240.57
July 2019,BUNDABERG,34,33,1345,1094,5188569.22
July 2019,BURDEKIN,7,7,206,172,809886.94
July 2019,CAIRNS,40,39,1920,1820,11289480.97
July 2019,CARPENTARIA,3,3,48,48,
July 2019,CASSOWARY COAST,14,14,374,372,1384375.37
July 2019,CENTRAL HIGHLANDS,16,16,385,368,1606978.06
July 2019,CHARTERS TOWERS,8,8,138,130,516955.19
July 2019,CLONCURRY,4,4,63,63,
July 2019,COOK,3,3,54,48,
July 2019,DOUGLAS,8,8,186,178,761830.99
July 2019,FLINDERS,2,2,28,28,
July 2019,FRASER COAST,33,33,1340,1282,5785100.16
July 2019,GLADSTONE,24,23,604,588,2789163.06
July 2019,GOLD COAST,131,123,5944,5568,30326967.64
July 2019,GOONDIWINDI,9,9,163,155,574265.68
July 2019,GYMPIE,19,19,392,370,1527271.34
July 2019,HINCHINBROOK,8,7,107,89,400147.71
July 2019,IPSWICH,32,32,1760,1594,9625750.59
July 2019,ISAAC,14,14,299,302,1158069.67
July 2019,LIVINGSTONE,12,11,336,290,1383488.13
July 2019,LOCKYER VALLEY,14,14,221,221,1199276.81
July 2019,LOGAN,36,34,2136,2011,15403996.97
July 2019,LONGREACH,5,5,96,77,
July 2019,MACKAY,39,37,1686,1599,7546122.76
July 2019,MARANOA,8,8,170,144,483468.81
July 2019,MAREEBA,5,5,188,156,
July 2019,MCKINLAY,1,1,17,10,
July 2019,MORETON BAY,60,60,3412,3309,19806937.96
July 2019,MOUNT ISA,6,6,443,422,2732423.6
July 2019,MURWEH,4,4,56,56,
July 2019,NOOSA,14,13,544,513,2342209.21
July 2019,NORTH BURNETT,8,8,83,83,300781.75
July 2019,PAROO,1,1,25,25,
July 2019,QUILPIE,1,1,6,6,
July 2019,REDLAND,28,27,1333,1210,5991965.18
July 2019,RICHMOND,1,1,8,8,
July 2019,ROCKHAMPTON,32,29,1043,908,5159872.94
July 2019,SCENIC RIM,17,16,273,207,709483.71
July 2019,SOMERSET,11,8,134,100,458920.04
July 2019,SOUTH BURNETT,17,17,338,342,1354251.79
July 2019,SOUTHERN DOWNS,14,13,395,347,1058272.46
July 2019,SUNSHINE COAST,71,67,3252,2895,13881053.95
July 2019,TABLELANDS,4,4,144,136,
July 2019,TOOWOOMBA,49,45,1599,1445,6726612.83
July 2019,TORRES,5,5,140,97,
July 2019,TOWNSVILLE,45,40,2093,1658,10964485.16
July 2019,WEIPA,3,3,84,76,
July 2019,WESTERN DOWNS,24,23,365,349,1263902.79
July 2019,WHITSUNDAY,17,16,521,419,2423615.87
July 2019,WINTON,3,3,17,15,
August 2019,BALONNE,4,4,72,63,
August 2019,BANANA,9,9,151,148,596513.68
August 2019,BARCALDINE,3,3,22,22,
August 2019,BLACKALL TAMBO,2,2,18,18,
August 2019,BRISBANE,176,169,8837,8095,49706528.69
August 2019,BUNDABERG,34,32,1330,1081,5141071.72
August 2019,BURDEKIN,7,7,206,172,790260.09
August 2019,CAIRNS,40,39,1920,1814,11052784.65
August 2019,CARPENTARIA,3,3,48,48,
August 2019,CASSOWARY COAST,14,14,374,372,1419984.63
August 2019,CENTRAL HIGHLANDS,16,16,385,368,1676726.14
August 2019,CHARTERS TOWERS,8,8,138,130,499292.73
August 2019,CLONCURRY,4,4,63,63,
August 2019,COOK,3,3,54,48,
August 2019,DOUGLAS,8,8,186,178,821746.1
August 2019,FLINDERS,2,2,28,28,
August 2019,FRASER COAST,33,33,1340,1282,6087870.98
August 2019,GLADSTONE,24,22,589,573,2842276.92
August 2019,GOLD COAST,131,124,6025,5570,31758887.51
August 2019,GOONDIWINDI,9,9,163,155,667896.56
August 2019,GYMPIE,19,19,392,370,1536400.32
August 2019,HINCHINBROOK,8,7,107,89,411395.12
August 2019,IPSWICH,32,32,1760,1594,9927731.74
August 2019,ISAAC,14,14,299,299,1331521.46
August 2019,LIVINGSTONE,12,11,336,287,1404603.13
August 2019,LOCKYER VALLEY,14,14,221,221,1100205.79
August 2019,LOGAN,37,34,2181,1992,15838004.81
August 2019,LONGREACH,5,5,96,77,
August 2019,MACKAY,39,37,1686,1597,7974081.04
August 2019,MARANOA,8,8,170,144,606343.57
August 2019,MAREEBA,5,5,188,156,
August 2019,MCKINLAY,1,1,17,10,
August 2019,MORETON BAY,60,60,3412,3319,20449145.35
August 2019,MOUNT ISA,6,6,443,396,2687447.58
August 2019,MURWEH,4,4,56,56,
August 2019,NOOSA,14,13,544,513,2410816.39
August 2019,NORTH BURNETT,8,8,83,83,368228.95
August 2019,PAROO,1,1,25,25,
August 2019,QUILPIE,1,1,6,6,
August 2019,REDLAND,28,27,1333,1210,6420645.76
August 2019,RICHMOND,1,1,8,8,
August 2019,ROCKHAMPTON,32,29,1043,908,5090413.95
August 2019,SCENIC RIM,17,16,273,205,739706.06
August 2019,SOMERSET,11,8,129,100,418072.86
August 2019,SOUTH BURNETT,17,17,338,338,1436635.14
August 2019,SOUTHERN DOWNS,14,13,395,345,1125628.58
August 2019,SUNSHINE COAST,71,67,3252,2895,14584556.27
August 2019,TABLELANDS,4,4,144,136,
August 2019,TOOWOOMBA,49,44,1599,1426,6605641.3
August 2019,TORRES,5,5,140,97,
August 2019,TOWNSVILLE,45,40,2093,1652,10774459.39
August 2019,WEIPA,3,3,84,76,
August 2019,WESTERN DOWNS,24,23,365,349,1489601.02
August 2019,WHITSUNDAY,17,16,521,419,2467144.6
August 2019,WINTON,3,3,17,15,
September 2019,BALONNE,4,4,72,63,
September 2019,BANANA,9,8,145,142,500597.55
September 2019,BARCALDINE,3,3,22,22,
September 2019,BLACKALL TAMBO,2,2,18,18,
September 2019,BRISBANE,174,169,8825,8146,44648523.03
September 2019,BUNDABERG,33,32,1330,1081,4741193.95
September 2019,BURDEKIN,7,7,206,174,736124.64
September 2019,CAIRNS,40,39,1920,1814,9679062.85
September 2019,CARPENTARIA,3,3,48,48,
September 2019,CASSOWARY COAST,14,14,374,372,1270011.12
September 2019,CENTRAL HIGHLANDS,16,16,385,368,1490931.93
September 2019,CHARTERS TOWERS,8,8,138,130,475161.07
September 2019,CLONCURRY,4,4,63,63,
September 2019,COOK,3,3,54,48,
September 2019,DOUGLAS,8,8,186,178,671174.85
September 2019,FLINDERS,2,2,28,28,
September 2019,FRASER COAST,33,33,1340,1282,5392079.79
September 2019,GLADSTONE,23,22,589,574,2533167.75
September 2019,GOLD COAST,130,123,6025,5533,28778372.04
September 2019,GOONDIWINDI,9,9,163,155,482784.3
September 2019,GYMPIE,19,19,392,370,1400066.64
September 2019,HINCHINBROOK,8,7,107,90,408378.26
September 2019,IPSWICH,32,31,1750,1584,8082781.74
September 2019,ISAAC,14,14,299,299,1139822.76
September 2019,LIVINGSTONE,12,11,336,287,1310075.43
September 2019,LOCKYER VALLEY,14,13,217,217,1091056.04
September 2019,LOGAN,37,34,2181,1965,13628249.02
September 2019,LONGREACH,5,5,96,77,
September 2019,MACKAY,39,37,1686,1597,7044519.55
September 2019,MARANOA,8,8,170,144,560827.49
September 2019,MAREEBA,5,5,188,156,
September 2019,MCKINLAY,1,1,17,10,
September 2019,MORETON BAY,60,60,3412,3318,18244626.71
September 2019,MOUNT ISA,6,6,443,391,2183846.19
September 2019,MURWEH,4,4,56,56,
September 2019,NOOSA,14,13,544,513,2256860.06
September 2019,NORTH BURNETT,8,8,83,83,293776.2
September 2019,PAROO,1,1,25,25,
September 2019,QUILPIE,1,1,6,6,
September 2019,REDLAND,28,27,1333,1210,5811911.49
September 2019,RICHMOND,1,1,8,8,
September 2019,ROCKHAMPTON,32,28,1022,882,4326421.67
September 2019,SCENIC RIM,17,16,273,205,633143.53
September 2019,SOMERSET,10,8,122,95,447141.71
September 2019,SOUTH BURNETT,17,17,338,341,1213074.07
September 2019,SOUTHERN DOWNS,14,13,395,345,1134862.57
September 2019,SUNSHINE COAST,71,67,3252,2900,12919530.97
September 2019,TABLELANDS,4,4,144,136,
September 2019,TOOWOOMBA,49,44,1589,1426,5841767.08
September 2019,TORRES,5,5,140,97,
September 2019,TOWNSVILLE,45,40,2093,1654,9329904.91
September 2019,WEIPA,3,3,84,76,
September 2019,WESTERN DOWNS,24,22,365,347,1115451.13
September 2019,WHITSUNDAY,17,16,521,419,2317904.28
September 2019,WINTON,3,3,17,15,
October 2019,BALONNE,4,4,72,63,
October 2019,BANANA,8,8,145,142,492158.18
October 2019,BARCALDINE,3,3,22,22,
October 2019,BLACKALL TAMBO,2,2,18,18,
October 2019,BRISBANE,174,169,8781,8091,46986567.6
October 2019,BUNDABERG,33,32,1335,1081,4692943.98
October 2019,BURDEKIN,7,7,206,172,805731.73
October 2019,CAIRNS,40,39,1920,1817,9687055.15
October 2019,CARPENTARIA,3,3,48,48,
October 2019,CASSOWARY COAST,14,14,374,372,1188019.5
October 2019,CENTRAL HIGHLANDS,16,16,385,368,1554082.82
October 2019,CHARTERS TOWERS,8,8,138,134,530369.21
October 2019,CLONCURRY,4,4,63,63,
October 2019,COOK,3,3,54,48,
October 2019,DOUGLAS,8,8,186,178,749149.08
October 2019,FLINDERS,2,2,28,28,
October 2019,FRASER COAST,33,33,1336,1273,5550479.41
October 2019,GLADSTONE,23,22,589,573,2498695.15
October 2019,GOLD COAST,129,124,5990,5562,29967046.97
October 2019,GOONDIWINDI,9,9,163,160,432506.93
October 2019,GYMPIE,19,19,392,370,1598751.38
October 2019,HINCHINBROOK,8,7,107,89,377879.21
October 2019,IPSWICH,31,31,1750,1584,8667400.03
October 2019,ISAAC,14,14,299,299,1140618.71
October 2019,LIVINGSTONE,12,11,336,287,1389315.09
October 2019,LOCKYER VALLEY,13,13,217,217,1055611.57
October 2019,LOGAN,37,34,2181,1924,14547740.7
October 2019,LONGREACH,5,5,96,77,
October 2019,MACKAY,39,37,1686,1599,7228917.8
October 2019,MARANOA,8,8,170,144,539414.62
October 2019,MAREEBA,5,5,188,156,
October 2019,MCKINLAY,1,1,17,10,
October 2019,MORETON BAY,60,60,3412,3328,19044359.83
October 2019,MOUNT ISA,6,6,443,381,2116085.51
October 2019,MURWEH,4,4,56,56,
October 2019,NOOSA,14,13,543,513,2498340.84
October 2019,NORTH BURNETT,8,8,83,83,249127.66
October 2019,PAROO,1,1,25,25,
October 2019,QUILPIE,1,1,6,6,
October 2019,REDLAND,28,27,1333,1210,5881048.71
October 2019,RICHMOND,1,1,8,8,
October 2019,ROCKHAMPTON,31,28,1022,879,4513074.58
October 2019,SCENIC RIM,17,16,273,205,726061.84
October 2019,SOMERSET,10,8,122,95,515064.64
October 2019,SOUTH BURNETT,17,17,338,338,1236178.01
October 2019,SOUTHERN DOWNS,14,13,395,345,1051380.45
October 2019,SUNSHINE COAST,71,68,3268,2924,13504921.06
October 2019,TABLELANDS,5,4,156,136,
October 2019,TOOWOOMBA,49,44,1597,1427,5983686.91
October 2019,TORRES,5,5,140,97,
October 2019,TOWNSVILLE,45,40,2093,1654,9846752.86
October 2019,WEIPA,3,3,84,76,
October 2019,WESTERN DOWNS,24,22,365,346,1171908.68
October 2019,WHITSUNDAY,17,16,521,421,2477969.75
October 2019,WINTON,3,3,17,15,
November 2019,BALONNE,4,4,72,63,
November 2019,BANANA,8,8,145,142,528955.46
November 2019,BARCALDINE,3,3,22,22,
November 2019,BLACKALL TAMBO,2,2,18,18,
November 2019,BRISBANE,173,168,8781,8080,45706073.74
November 2019,BUNDABERG,33,32,1335,1081,4642608.72
November 2019,BURDEKIN,7,7,206,172,787683.08
November 2019,CAIRNS,40,39,1920,1817,9503729.55
November 2019,CARPENTARIA,3,3,48,48,
November 2019,CASSOWARY COAST,14,14,374,372,1193015.99
November 2019,CENTRAL HIGHLANDS,16,16,385,368,1432854.68
November 2019,CHARTERS TOWERS,8,8,138,130,416275.34
November 2019,CLONCURRY,4,4,63,63,
November 2019,COOK,3,3,54,48,
November 2019,DOUGLAS,8,8,186,178,696556.41
November 2019,FLINDERS,2,2,28,28,
November 2019,FRASER COAST,33,33,1336,1270,5334081.5
November 2019,GLADSTONE,23,22,589,573,2531637.37
November 2019,GOLD COAST,128,124,5976,5549,29240290.48
November 2019,GOONDIWINDI,9,9,163,158,485881.28
November 2019,GYMPIE,19,19,392,370,1449400.81
November 2019,HINCHINBROOK,8,7,107,89,424387.58
November 2019,IPSWICH,31,31,1750,1584,8234742.3
November 2019,ISAAC,14,14,299,299,1296550.97
November 2019,LIVINGSTONE,12,11,336,287,1235518.32
November 2019,LOCKYER VALLEY,13,13,217,217,1042777.26
November 2019,LOGAN,37,34,2169,2011,14435257.2
November 2019,LONGREACH,5,5,96,77,
November 2019,MACKAY,39,37,1686,1597,6918448.46
November 2019,MARANOA,8,8,170,144,563829.65
November 2019,MAREEBA,5,5,188,156,
November 2019,MCKINLAY,1,1,17,10,
November 2019,MORETON BAY,60,60,3412,3319,18971807.68
November 2019,MOUNT ISA,6,6,443,381,2226506.69
November 2019,MURWEH,4,4,56,56,
November 2019,NOOSA,14,13,543,513,2240485.33
November 2019,NORTH BURNETT,8,8,83,83,233055.91
November 2019,PAROO,1,1,25,25,
November 2019,QUILPIE,1,1,6,6,
November 2019,REDLAND,28,27,1333,1209,5995163.39
November 2019,RICHMOND,1,1,8,8,
November 2019,ROCKHAMPTON,31,28,1022,886,4503450.26
November 2019,SCENIC RIM,17,16,273,205,656262.73
November 2019,SOMERSET,10,8,122,95,505708.12
November 2019,SOUTH BURNETT,17,17,338,338,1265413.09
November 2019,SOUTHERN DOWNS,14,13,395,345,1063809.38
November 2019,SUNSHINE COAST,71,68,3268,2926,13337305.29
November 2019,TABLELANDS,5,4,156,136,
November 2019,TOOWOOMBA,48,44,1597,1422,5822622.21
November 2019,TORRES,5,5,140,97,
November 2019,TOWNSVILLE,45,40,2118,1652,9142753.26
November 2019,WEIPA,3,3,84,76,
November 2019,WESTERN DOWNS,24,22,365,347,1108885.44
November 2019,WHITSUNDAY,17,16,521,419,2316704.62
November 2019,WINTON,3,3,17,15,
December 2019,BALONNE,4,4,72,63,
December 2019,BANANA,8,8,145,142,506387.76
December 2019,BARCALDINE,3,3,22,22,
December 2019,BLACKALL TAMBO,2,2,18,18,
December 2019,BRISBANE,172,168,8781,8093,46608680.82
December 2019,BUNDABERG,33,32,1335,1081,4610247.94
December 2019,BURDEKIN,7,7,206,172,813034.24
December 2019,CAIRNS,40,39,1920,1818,9595595.08
December 2019,CARPENTARIA,3,3,48,48,
December 2019,CASSOWARY COAST,14,14,374,372,1180632.18
December 2019,CENTRAL HIGHLANDS,16,16,385,368,1546441.67
December 2019,CHARTERS TOWERS,8,8,138,130,519869.88
December 2019,CLONCURRY,4,3,63,55,
December 2019,COOK,3,3,54,48,
December 2019,DOUGLAS,8,8,186,178,532003.59
December 2019,FLINDERS,2,2,28,28,
December 2019,FRASER COAST,33,33,1296,1270,5467821.91
December 2019,GLADSTONE,23,22,589,573,2571332.35
December 2019,GOLD COAST,128,124,5967,5549,28723938.97
December 2019,GOONDIWINDI,9,9,163,158,496489.47
December 2019,GYMPIE,19,19,392,370,1501073.79
December 2019,HINCHINBROOK,8,7,107,89,332554.17
December 2019,IPSWICH,31,31,1750,1584,8645412.59
December 2019,ISAAC,14,14,299,299,1031243.79
December 2019,LIVINGSTONE,12,11,336,287,1392443.5
December 2019,LOCKYER VALLEY,13,13,217,217,994911.06
December 2019,LOGAN,37,33,2169,2002,14697442.32
December 2019,LONGREACH,5,5,96,77,
December 2019,MACKAY,39,37,1686,1597,7207481.2
December 2019,MARANOA,8,8,170,144,561206.91
December 2019,MAREEBA,5,5,188,156,
December 2019,MCKINLAY,1,1,17,10,
December 2019,MORETON BAY,60,60,3412,3317,18901006.42
December 2019,MOUNT ISA,6,6,443,381,2530042.22
December 2019,MURWEH,4,4,56,56,
December 2019,NOOSA,14,13,543,513,2392053.86
December 2019,NORTH BURNETT,8,8,83,83,238424.27
December 2019,PAROO,1,1,25,25,
December 2019,QUILPIE,1,1,6,6,
December 2019,REDLAND,28,27,1333,1210,6306710.31
December 2019,RICHMOND,1,1,8,8,
December 2019,ROCKHAMPTON,31,28,1022,886,4710824.1
December 2019,SCENIC RIM,17,16,273,205,714904.08
December 2019,SOMERSET,10,8,122,95,434986.28
December 2019,SOUTH BURNETT,17,17,338,338,1229524.93
December 2019,SOUTHERN DOWNS,14,13,395,345,996136.92
December 2019,SUNSHINE COAST,71,68,3268,2929,13745243.74
December 2019,TABLELANDS,5,4,156,135,
December 2019,TOOWOOMBA,48,44,1597,1421,5859695.19
December 2019,TORRES,5,5,140,97,
December 2019,TOWNSVILLE,45,40,2118,1653,9342345.45
December 2019,WEIPA,3,3,84,76,
December 2019,WESTERN DOWNS,24,22,365,347,1041096.85
December 2019,WHITSUNDAY,17,15,521,411,2136574.5
December 2019,WINTON,3,3,17,15,
January 2020,BALONNE,4,4,72,63,
January 2020,BANANA,8,8,145,142,411569.55
January 2020,BARCALDINE,3,3,22,22,
January 2020,BLACKALL TAMBO,2,2,18,18,
January 2020,BRISBANE,172,168,8781,8034,43701588.27
January 2020,BUNDABERG,33,32,1335,1081,4413254.06
January 2020,BURDEKIN,7,7,206,172,656773.15
January 2020,CAIRNS,40,39,1920,1818,8655250.72
January 2020,CARPENTARIA,3,3,48,48,
January 2020,CASSOWARY COAST,14,14,374,372,1137307.06
January 2020,CENTRAL HIGHLANDS,16,16,385,371,1279560.75
January 2020,CHARTERS TOWERS,8,8,138,130,544394.09
January 2020,CLONCURRY,4,3,63,55,
January 2020,COOK,3,3,54,48,
January 2020,DOUGLAS,8,8,186,178,581161.62
January 2020,FLINDERS,2,2,28,28,
January 2020,FRASER COAST,33,32,1296,1230,5360086.14
January 2020,GLADSTONE,23,22,589,573,2246061.15
January 2020,GOLD COAST,128,124,5967,5549,29364084.23
January 2020,GOONDIWINDI,9,9,163,158,458972.07
January 2020,GYMPIE,19,19,392,370,1538483.82
January 2020,HINCHINBROOK,8,7,107,89,280141.73
January 2020,IPSWICH,31,31,1750,1586,7755118.07
January 2020,ISAAC,14,14,299,299,1109356.13
January 2020,LIVINGSTONE,12,11,336,287,1394494.73
January 2020,LOCKYER VALLEY,13,13,217,217,994372.44
January 2020,LOGAN,36,33,2169,2005,13618316.8
January 2020,LONGREACH,5,5,96,77,
January 2020,MACKAY,39,37,1686,1597,6677338.93
January 2020,MARANOA,8,8,170,143,495353.41
January 2020,MAREEBA,5,5,188,156,
January 2020,MCKINLAY,1,1,17,10,
January 2020,MORETON BAY,60,60,3412,3317,17924975.23
January 2020,MOUNT ISA,6,6,443,380,2227938.42
January 2020,MURWEH,4,4,56,56,
January 2020,NOOSA,14,14,543,533,2313561.98
January 2020,NORTH BURNETT,8,8,83,83,218466.04
January 2020,PAROO,1,1,25,25,
January 2020,QUILPIE,1,1,6,6,
January 2020,REDLAND,28,27,1333,1210,5629762.75
January 2020,RICHMOND,1,1,8,8,
January 2020,ROCKHAMPTON,31,28,1022,886,4594416.8
January 2020,SCENIC RIM,17,16,263,205,572246.85
January 2020,SOMERSET,10,8,122,95,399101.09
January 2020,SOUTH BURNETT,17,17,338,338,1069571.54
January 2020,SOUTHERN DOWNS,14,13,395,322,862100.34
January 2020,SUNSHINE COAST,71,68,3268,2928,13238113.84
January 2020,TABLELANDS,5,4,156,136,
January 2020,TOOWOOMBA,48,44,1597,1421,5461177.43
January 2020,TORRES,5,5,140,97,
January 2020,TOWNSVILLE,45,40,2118,1652,8887799.83
January 2020,WEIPA,3,3,84,76,
January 2020,WESTERN DOWNS,24,22,365,347,1018756.03
January 2020,WHITSUNDAY,17,15,521,411,1944501.11
January 2020,WINTON,3,3,17,15,
February 2020,BALONNE,4,4,72,63,
February 2020,BANANA,8,8,145,142,450897.05
February 2020,BARCALDINE,3,3,22,22,
February 2020,BLACKALL TAMBO,2,2,18,18,
February 2020,BRISBANE,172,168,8781,8004,42914879.16
February 2020,BUNDABERG,33,32,1335,1010,4050221.94
February 2020,BURDEKIN,7,7,206,172,604354.53
February 2020,CAIRNS,40,39,1920,1818,8343067.36
February 2020,CARPENTARIA,3,3,48,48,
February 2020,CASSOWARY COAST,14,14,374,372,1076205.12
February 2020,CENTRAL HIGHLANDS,16,16,385,367,1446540.32
February 2020,CHARTERS TOWERS,8,8,138,130,477014.17
February 2020,CLONCURRY,4,3,63,55,
February 2020,COOK,3,3,54,48,
February 2020,DOUGLAS,8,8,186,178,508263.05
February 2020,FLINDERS,2,2,28,28,
February 2020,FRASER COAST,32,32,1296,1230,5159661.45
February 2020,GLADSTONE,23,22,589,573,2217114.79
February 2020,GOLD COAST,128,123,5967,5542,27217859.88
February 2020,GOONDIWINDI,9,9,163,158,366695.49
February 2020,GYMPIE,19,19,392,370,1398359.42
February 2020,HINCHINBROOK,8,6,107,86,347653.84
February 2020,IPSWICH,31,29,1740,1534,7227598.74
February 2020,ISAAC,14,13,299,278,984877.73
February 2020,LIVINGSTONE,12,11,336,287,1165246.74
February 2020,LOCKYER VALLEY,13,13,217,217,881432.15
February 2020,LOGAN,36,33,2169,1987,13108433.95
February 2020,LONGREACH,5,5,96,77,
February 2020,MACKAY,39,37,1686,1596,6748814.67
February 2020,MARANOA,8,8,170,144,500434.2
February 2020,MAREEBA,5,5,188,156,
February 2020,MCKINLAY,1,1,17,10,
February 2020,MORETON BAY,60,60,3412,3317,17311275.74
February 2020,MOUNT ISA,6,6,443,380,2135792.83
February 2020,MURWEH,4,4,56,56,
February 2020,NOOSA,14,14,543,522,2046748.35
February 2020,NORTH BURNETT,8,8,83,83,202021.16
February 2020,PAROO,1,1,25,25,
February 2020,QUILPIE,1,1,6,6,
February 2020,REDLAND,28,27,1333,1210,5810023.07
February 2020,RICHMOND,1,1,8,8,
February 2020,ROCKHAMPTON,31,28,1022,886,4052346.28
February 2020,SCENIC RIM,17,15,263,195,547912.48
February 2020,SOMERSET,10,8,122,95,387999.99
February 2020,SOUTH BURNETT,17,17,338,338,1108332.08
February 2020,SOUTHERN DOWNS,14,13,395,322,947338.94
February 2020,SUNSHINE COAST,71,68,3268,2782,12280082.72
February 2020,TABLELANDS,5,4,156,136,
February 2020,TOOWOOMBA,48,44,1597,1420,5495078.2
February 2020,TORRES,5,5,140,97,
February 2020,TOWNSVILLE,45,40,2118,1648,8190806.78
February 2020,WEIPA,3,3,84,76,
February 2020,WESTERN DOWNS,24,22,365,347,1008162.33
February 2020,WHITSUNDAY,17,15,521,411,1706396.24
February 2020,WINTON,3,3,17,15,
March 2020,BALONNE,4,,72,,
March 2020,BANANA,8,,145,,
March 2020,BARCALDINE,3,,22,,
March 2020,BLACKALL TAMBO,2,,18,,
March 2020,BRISBANE,172,,8781,,
March 2020,BUNDABERG,33,,1335,,
March 2020,BURDEKIN,7,,206,,
March 2020,CAIRNS,40,,1920,,
March 2020,CARPENTARIA,3,,48,,
March 2020,CASSOWARY COAST,14,,374,,
March 2020,CENTRAL HIGHLANDS,16,,385,,
March 2020,CHARTERS TOWERS,8,,138,,
March 2020,CLONCURRY,4,,63,,
March 2020,COOK,3,,54,,
March 2020,DOUGLAS,8,,186,,
March 2020,FLINDERS,2,,28,,
March 2020,FRASER COAST,32,,1296,,
March 2020,GLADSTONE,23,,589,,
March 2020,GOLD COAST,128,,5967,,
March 2020,GOONDIWINDI,9,,163,,
March 2020,GYMPIE,19,,392,,
March 2020,HINCHINBROOK,8,,107,,
March 2020,IPSWICH,30,,1740,,
March 2020,ISAAC,14,,299,,
March 2020,LIVINGSTONE,12,,336,,
March 2020,LOCKYER VALLEY,13,,217,,
March 2020,LOGAN,36,,2169,,
March 2020,LONGREACH,5,,96,,
March 2020,MACKAY,39,,1686,,
March 2020,MARANOA,8,,170,,
March 2020,MAREEBA,5,,188,,
March 2020,MCKINLAY,1,,17,,
March 2020,MORETON BAY,60,,3412,,
March 2020,MOUNT ISA,6,,443,,
March 2020,MURWEH,4,,56,,
March 2020,NOOSA,14,,543,,
March 2020,NORTH BURNETT,8,,83,,
March 2020,PAROO,1,,25,,
March 2020,QUILPIE,1,,6,,
March 2020,REDLAND,28,,1333,,
March 2020,RICHMOND,1,,8,,
March 2020,ROCKHAMPTON,31,,1022,,
March 2020,SCENIC RIM,16,,263,,
March 2020,SOMERSET,10,,122,,
March 2020,SOUTH BURNETT,17,,338,,
March 2020,SOUTHERN DOWNS,14,,395,,
March 2020,SUNSHINE COAST,71,,3268,,
March 2020,TABLELANDS,5,,156,,
March 2020,TOOWOOMBA,48,,1597,,
March 2020,TORRES,5,,140,,
March 2020,TOWNSVILLE,45,,2118,,
March 2020,WEIPA,3,,84,,
March 2020,WESTERN DOWNS,24,,365,,
March 2020,WHITSUNDAY,17,,513,,
March 2020,WINTON,3,,17,,
April 2020,BALONNE,4,,72,,
April 2020,BANANA,8,,145,,
April 2020,BARCALDINE,3,,22,,
April 2020,BLACKALL TAMBO,2,,18,,
April 2020,BRISBANE,172,,8781,,
April 2020,BUNDABERG,33,,1335,,
April 2020,BURDEKIN,7,,206,,
April 2020,CAIRNS,40,,1920,,
April 2020,CARPENTARIA,3,,48,,
April 2020,CASSOWARY COAST,14,,374,,
April 2020,CENTRAL HIGHLANDS,16,,385,,
April 2020,CHARTERS TOWERS,8,,138,,
April 2020,CLONCURRY,4,,57,,
April 2020,COOK,3,,54,,
April 2020,DOUGLAS,8,,186,,
April 2020,FLINDERS,2,,28,,
April 2020,FRASER COAST,32,,1296,,
April 2020,GLADSTONE,23,,589,,
April 2020,GOLD COAST,128,,5967,,
April 2020,GOONDIWINDI,9,,163,,
April 2020,GYMPIE,19,,392,,
April 2020,HINCHINBROOK,8,,107,,
April 2020,IPSWICH,30,,1740,,
April 2020,ISAAC,14,,299,,
April 2020,LIVINGSTONE,12,,336,,
April 2020,LOCKYER VALLEY,13,,217,,
April 2020,LOGAN,36,,2169,,
April 2020,LONGREACH,5,,96,,
April 2020,MACKAY,39,,1686,,
April 2020,MARANOA,8,,170,,
April 2020,MAREEBA,5,,188,,
April 2020,MCKINLAY,1,,17,,
April 2020,MORETON BAY,60,,3412,,
April 2020,MOUNT ISA,6,,443,,
April 2020,MURWEH,4,,56,,
April 2020,NOOSA,14,,543,,
April 2020,NORTH BURNETT,8,,83,,
April 2020,PAROO,1,,25,,
April 2020,QUILPIE,1,,6,,
April 2020,REDLAND,28,,1333,,
April 2020,RICHMOND,1,,8,,
April 2020,ROCKHAMPTON,31,,1022,,
April 2020,SCENIC RIM,16,,263,,
April 2020,SOMERSET,10,,122,,
April 2020,SOUTH BURNETT,17,,338,,
April 2020,SOUTHERN DOWNS,14,,395,,
April 2020,SUNSHINE COAST,71,,3268,,
April 2020,TABLELANDS,5,,156,,
April 2020,TOOWOOMBA,48,,1597,,
April 2020,TORRES,5,,140,,
April 2020,TOWNSVILLE,45,,2118,,
April 2020,WEIPA,3,,84,,
April 2020,WESTERN DOWNS,23,,361,,
April 2020,WHITSUNDAY,17,,513,,
April 2020,WINTON,3,,17,,
May 2020,BALONNE,4,,72,,
May 2020,BANANA,8,,145,,
May 2020,BARCALDINE,3,,22,,
May 2020,BLACKALL TAMBO,2,,18,,
May 2020,BRISBANE,172,,8781,,
May 2020,BUNDABERG,33,,1335,,
May 2020,BURDEKIN,7,,206,,
May 2020,CAIRNS,40,,1920,,
May 2020,CARPENTARIA,3,,48,,
May 2020,CASSOWARY COAST,14,,374,,
May 2020,CENTRAL HIGHLANDS,16,,385,,
May 2020,CHARTERS TOWERS,8,,138,,
May 2020,CLONCURRY,4,,63,,
May 2020,COOK,3,,54,,
May 2020,DOUGLAS,8,,186,,
May 2020,FLINDERS,2,,28,,
May 2020,FRASER COAST,32,,1296,,
May 2020,GLADSTONE,23,,589,,
May 2020,GOLD COAST,128,,5967,,
May 2020,GOONDIWINDI,9,,163,,
May 2020,GYMPIE,19,,392,,
May 2020,HINCHINBROOK,8,,107,,
May 2020,IPSWICH,30,,1740,,
May 2020,ISAAC,14,,299,,
May 2020,LIVINGSTONE,12,,336,,
May 2020,LOCKYER VALLEY,13,,217,,
May 2020,LOGAN,36,,2169,,
May 2020,LONGREACH,5,,96,,
May 2020,MACKAY,39,,1686,,
May 2020,MARANOA,8,,170,,
May 2020,MAREEBA,5,,188,,
May 2020,MCKINLAY,1,,17,,
May 2020,MORETON BAY,60,,3412,,
May 2020,MOUNT ISA,6,,443,,
May 2020,MURWEH,4,,56,,
May 2020,NOOSA,14,,543,,
May 2020,NORTH BURNETT,8,,83,,
May 2020,PAROO,1,,25,,
May 2020,QUILPIE,1,,6,,
May 2020,REDLAND,28,,1333,,
May 2020,RICHMOND,1,,8,,
May 2020,ROCKHAMPTON,31,,1022,,
May 2020,SCENIC RIM,16,,263,,
May 2020,SOMERSET,10,,122,,
May 2020,SOUTH BURNETT,17,,338,,
May 2020,SOUTHERN DOWNS,14,,395,,
May 2020,SUNSHINE COAST,71,,3268,,
May 2020,TABLELANDS,5,,156,,
May 2020,TOOWOOMBA,48,,1597,,
May 2020,TORRES,5,,140,,
May 2020,TOWNSVILLE,45,,2118,,
May 2020,WEIPA,3,,84,,
May 2020,WESTERN DOWNS,23,,361,,
May 2020,WHITSUNDAY,16,,513,,
May 2020,WINTON,3,,17,,
June 2020,BALONNE,4,,72,,
June 2020,BANANA,8,,145,,
June 2020,BARCALDINE,3,,22,,
June 2020,BLACKALL TAMBO,2,,18,,
June 2020,BRISBANE,172,,8781,,
June 2020,BUNDABERG,33,,1321,,
June 2020,BURDEKIN,7,,206,,
June 2020,CAIRNS,40,,1920,,
June 2020,CARPENTARIA,3,,48,,
June 2020,CASSOWARY COAST,14,,374,,
June 2020,CENTRAL HIGHLANDS,16,,385,,
June 2020,CHARTERS TOWERS,8,,138,,
June 2020,CLONCURRY,4,,63,,
June 2020,COOK,3,,54,,
June 2020,DOUGLAS,8,,186,,
June 2020,FLINDERS,2,,28,,
June 2020,FRASER COAST,32,,1276,,
June 2020,GLADSTONE,23,,583,,
June 2020,GOLD COAST,127,,5934,,
June 2020,GOONDIWINDI,9,,163,,
June 2020,GYMPIE,19,,392,,
June 2020,HINCHINBROOK,8,,107,,
June 2020,IPSWICH,30,,1740,,
June 2020,ISAAC,14,,299,,
June 2020,LIVINGSTONE,12,,336,,
June 2020,LOCKYER VALLEY,13,,217,,
June 2020,LOGAN,36,,2169,,
June 2020,LONGREACH,5,,96,,
June 2020,MACKAY,39,,1686,,
June 2020,MARANOA,8,,170,,
June 2020,MAREEBA,5,,188,,
June 2020,MCKINLAY,1,,17,,
June 2020,MORETON BAY,61,,3562,,
June 2020,MOUNT ISA,6,,443,,
June 2020,MURWEH,4,,56,,
June 2020,NOOSA,14,,538,,
June 2020,NORTH BURNETT,8,,83,,
June 2020,PAROO,1,,25,,
June 2020,QUILPIE,1,,6,,
June 2020,REDLAND,28,,1333,,
June 2020,RICHMOND,1,,8,,
June 2020,ROCKHAMPTON,31,,1022,,
June 2020,SCENIC RIM,16,,263,,
June 2020,SOMERSET,10,,122,,
June 2020,SOUTH BURNETT,17,,338,,
June 2020,SOUTHERN DOWNS,14,,395,,
June 2020,SUNSHINE COAST,70,,3265,,
June 2020,TABLELANDS,5,,156,,
June 2020,TOOWOOMBA,49,,1627,,
June 2020,TORRES,5,,140,,
June 2020,TOWNSVILLE,45,,2118,,
June 2020,WEIPA,3,,84,,
June 2020,WESTERN DOWNS,23,,361,,
June 2020,WHITSUNDAY,16,,513,,
June 2020,WINTON,3,,17,,
July 2020,BALONNE,4,4,72,63,
July 2020,BANANA,8,8,145,142,708869.14
July 2020,BARCALDINE,3,3,22,22,
July 2020,BLACKALL TAMBO,2,2,18,18,
July 2020,BRISBANE,172,167,8773,7840,58275257.89
July 2020,BUNDABERG,33,31,1321,1022,6185595.57
July 2020,BURDEKIN,7,7,206,172,1062095.62
July 2020,CAIRNS,40,39,1920,1803,17104399.6
July 2020,CARPENTARIA,3,3,48,48,
July 2020,CASSOWARY COAST,14,14,374,372,2169498.2
July 2020,CENTRAL HIGHLANDS,16,16,385,368,2003908.86
July 2020,CHARTERS TOWERS,8,8,138,130,820755.86
July 2020,CLONCURRY,4,4,63,63,
July 2020,COOK,3,3,54,48,
July 2020,DOUGLAS,8,8,186,178,972909.16
July 2020,FLINDERS,2,2,28,28,
July 2020,FRASER COAST,32,32,1276,1217,7186417.58
July 2020,GLADSTONE,22,21,583,567,3368677.18
July 2020,GOLD COAST,127,122,5934,5402,37594214.28
July 2020,GOONDIWINDI,9,9,163,158,809856.72
July 2020,GYMPIE,19,19,392,370,1750328.31
July 2020,HINCHINBROOK,8,6,107,85,567137.61
July 2020,IPSWICH,30,29,1740,1346,13216811.3
July 2020,ISAAC,14,13,299,278,1656997.12
July 2020,LIVINGSTONE,12,11,336,287,1873952.14
July 2020,LOCKYER VALLEY,13,13,217,217,1509005.94
July 2020,LOGAN,36,32,2169,1957,23793897.44
July 2020,LONGREACH,5,5,96,77,
July 2020,MACKAY,39,36,1686,1545,10604829.34
July 2020,MARANOA,8,8,170,144,795555.42
July 2020,MAREEBA,5,5,188,156,
July 2020,MCKINLAY,1,1,17,10,
July 2020,MORETON BAY,61,60,3562,3241,25967861.25
July 2020,MOUNT ISA,6,6,443,381,4568666.77
July 2020,MURWEH,4,4,56,56,
July 2020,NOOSA,14,14,538,518,2617538.72
July 2020,NORTH BURNETT,8,8,83,83,357659.82
July 2020,PAROO,1,1,25,25,
July 2020,QUILPIE,1,1,6,6,
July 2020,REDLAND,28,27,1333,1225,7888128.87
July 2020,RICHMOND,1,1,8,8,
July 2020,ROCKHAMPTON,31,28,1022,887,7818026.12
July 2020,SCENIC RIM,16,15,263,195,840243.22
July 2020,SOMERSET,10,8,122,95,534430.41
July 2020,SOUTH BURNETT,17,17,338,338,1936422.14
July 2020,SOUTHERN DOWNS,14,13,395,321,1203460.65
July 2020,SUNSHINE COAST,70,67,3265,2784,16223621.92
July 2020,TABLELANDS,5,4,156,136,
July 2020,TOOWOOMBA,49,46,1627,1462,8445489.79
July 2020,TORRES,5,5,140,97,
July 2020,TOWNSVILLE,45,40,2118,1551,15780874.32
July 2020,WEIPA,3,3,84,76,
July 2020,WESTERN DOWNS,23,21,361,335,1604691.08
July 2020,WHITSUNDAY,16,15,513,413,3028084.71
July 2020,WINTON,3,3,17,15,
August 2020,BALONNE,4,4,72,65,
August 2020,BANANA,8,8,145,142,714779.71
August 2020,BARCALDINE,3,3,22,22,
August 2020,BLACKALL TAMBO,2,2,18,18,
August 2020,BRISBANE,172,167,8773,7807,55361991.34
August 2020,BUNDABERG,32,31,1321,1022,6077343.46
August 2020,BURDEKIN,7,7,206,186,1021544.45
August 2020,CAIRNS,40,39,1920,1746,15193054.01
August 2020,CARPENTARIA,3,3,48,48,
August 2020,CASSOWARY COAST,14,14,374,372,1966840.89
August 2020,CENTRAL HIGHLANDS,16,16,385,368,2041998.9
August 2020,CHARTERS TOWERS,8,8,138,130,819643.81
August 2020,CLONCURRY,4,4,63,63,
August 2020,COOK,3,3,54,48,
August 2020,DOUGLAS,8,8,186,178,924461.65
August 2020,FLINDERS,2,2,28,28,
August 2020,FRASER COAST,32,32,1276,1217,7068440.73
August 2020,GLADSTONE,22,20,583,561,3561073.52
August 2020,GOLD COAST,127,121,5939,5389,38000980.9
August 2020,GOONDIWINDI,9,9,163,158,797836.61
August 2020,GYMPIE,19,19,392,370,1931872.99
August 2020,HINCHINBROOK,8,6,107,86,554341.39
August 2020,IPSWICH,30,30,1740,1385,11388953.93
August 2020,ISAAC,14,13,299,278,1607858.27
August 2020,LIVINGSTONE,12,11,336,287,1858527.33
August 2020,LOCKYER VALLEY,13,12,211,211,1452308.64
August 2020,LOGAN,36,32,2169,1957,20583931.58
August 2020,LONGREACH,5,5,96,77,
August 2020,MACKAY,39,36,1686,1556,10050526.94
August 2020,MARANOA,8,8,170,143,782599.28
August 2020,MAREEBA,5,5,188,156,
August 2020,MCKINLAY,1,1,17,10,
August 2020,MORETON BAY,61,60,3562,3234,26009675.07
August 2020,MOUNT ISA,6,6,443,381,3624990.79
August 2020,MURWEH,4,4,56,56,
August 2020,NOOSA,14,14,538,518,2630844.85
August 2020,NORTH BURNETT,8,8,83,83,426158.13
August 2020,PAROO,1,1,25,25,
August 2020,QUILPIE,1,1,6,6,
August 2020,REDLAND,28,27,1333,1225,7443528.45
August 2020,RICHMOND,1,1,8,8,
August 2020,ROCKHAMPTON,31,28,1022,883,7104076.6
August 2020,SCENIC RIM,16,15,263,195,985226.01
August 2020,SOMERSET,10,8,122,95,546912.37
August 2020,SOUTH BURNETT,17,17,338,332,1676465.92
August 2020,SOUTHERN DOWNS,14,13,395,321,1312865.18
August 2020,SUNSHINE COAST,70,67,3265,2804,16838576.43
August 2020,TABLELANDS,5,4,156,136,
August 2020,TOOWOOMBA,47,47,1627,1485,8095605.39
August 2020,TORRES,5,5,140,97,
August 2020,TOWNSVILLE,45,40,2118,1556,14298707.68
August 2020,WEIPA,3,3,87,76,
August 2020,WESTERN DOWNS,22,21,361,335,1548990.72
August 2020,WHITSUNDAY,16,15,513,413,3200411.82
August 2020,WINTON,3,3,17,15,
September 2020,BALONNE,4,4,72,65,
September 2020,BANANA,8,8,145,142,609307.01
September 2020,BARCALDINE,3,3,22,22,
September 2020,BLACKALL TAMBO,2,2,18,18,
September 2020,BRISBANE,172,167,8773,7827,50035929.58
September 2020,BUNDABERG,32,31,1321,1022,5481284.21
September 2020,BURDEKIN,7,7,206,186,910681.59
September 2020,CAIRNS,40,39,1920,1748,12782948.65
September 2020,CARPENTARIA,3,3,48,48,
September 2020,CASSOWARY COAST,14,14,374,372,1796099.08
September 2020,CENTRAL HIGHLANDS,16,16,385,368,1758644.71
September 2020,CHARTERS TOWERS,8,8,138,130,647132.16
September 2020,CLONCURRY,4,4,63,63,
September 2020,COOK,3,3,54,48,
September 2020,DOUGLAS,8,8,186,178,893600.66
September 2020,FLINDERS,2,2,28,28,
September 2020,FRASER COAST,32,32,1276,1217,6577405.61
September 2020,GLADSTONE,22,20,583,561,3018586.76
September 2020,GOLD COAST,127,120,5939,5340,32338138.32
September 2020,GOONDIWINDI,9,9,163,158,616776.26
September 2020,GYMPIE,19,19,392,368,1892878.73
September 2020,HINCHINBROOK,8,6,107,88,588355.75
September 2020,IPSWICH,30,30,1740,1436,9807731.95
September 2020,ISAAC,14,13,299,278,1587412.42
September 2020,LIVINGSTONE,12,11,336,287,1696350.67
September 2020,LOCKYER VALLEY,13,12,211,211,1244022.59
September 2020,LOGAN,36,32,2169,1959,17595997.79
September 2020,LONGREACH,5,5,96,77,
September 2020,MACKAY,39,36,1686,1557,9528445.1
September 2020,MARANOA,8,8,170,144,638500.74
September 2020,MAREEBA,5,5,188,156,
September 2020,MCKINLAY,1,1,17,10,
September 2020,MORETON BAY,61,59,3452,3184,22085966.36
September 2020,MOUNT ISA,6,6,443,381,2975389.06
September 2020,MURWEH,4,4,56,59,
September 2020,NOOSA,14,14,538,518,2353881.92
September 2020,NORTH BURNETT,8,8,83,83,311074.53
September 2020,PAROO,1,1,25,25,
September 2020,QUILPIE,1,1,6,6,
September 2020,REDLAND,28,27,1333,1225,6689144
September 2020,RICHMOND,1,1,8,8,
September 2020,ROCKHAMPTON,31,28,1022,883,6390137.94
September 2020,SCENIC RIM,16,15,263,195,883681
September 2020,SOMERSET,10,8,122,95,480974.32
September 2020,SOUTH BURNETT,17,17,338,332,1447606.85
September 2020,SOUTHERN DOWNS,14,13,395,321,1146483.38
September 2020,SUNSHINE COAST,70,67,3265,2803,15168556.19
September 2020,TABLELANDS,5,4,156,136,
September 2020,TOOWOOMBA,48,46,1686,1443,6969000.68
September 2020,TORRES,5,5,140,97,
September 2020,TOWNSVILLE,45,40,2118,1556,12198546.49
September 2020,WEIPA,3,3,87,76,
September 2020,WESTERN DOWNS,22,20,358,327,1267794.12
September 2020,WHITSUNDAY,16,15,513,415,2692724.93
September 2020,WINTON,3,3,17,15,
October 2020,BALONNE,4,4,72,65,
October 2020,BANANA,8,8,145,142,582925.06
October 2020,BARCALDINE,3,3,22,22,
October 2020,BLACKALL TAMBO,2,2,18,18,
October 2020,BRISBANE,172,165,8780,7779,51376307.32
October 2020,BUNDABERG,32,31,1339,1020,5894222.58
October 2020,BURDEKIN,7,7,206,186,901307.43
October 2020,CAIRNS,40,39,1909,1755,12040466.24
October 2020,CARPENTARIA,3,3,48,48,
October 2020,CASSOWARY COAST,14,14,374,372,1616334.96
October 2020,CENTRAL HIGHLANDS,16,16,385,368,1779190.26
October 2020,CHARTERS TOWERS,8,8,138,130,648471.56
October 2020,CLONCURRY,4,4,63,63,
October 2020,COOK,3,3,54,48,
October 2020,DOUGLAS,8,8,186,178,834914.46
October 2020,FLINDERS,2,2,28,28,
October 2020,FRASER COAST,32,32,1251,1216,6546862.99
October 2020,GLADSTONE,22,19,583,526,2933865.67
October 2020,GOLD COAST,127,121,5942,5288,32897710.19
October 2020,GOONDIWINDI,9,9,163,158,604729.57
October 2020,GYMPIE,20,19,457,368,1858457.97
October 2020,HINCHINBROOK,8,6,107,86,490440.74
October 2020,IPSWICH,30,30,1740,1486,10054132.59
October 2020,ISAAC,14,13,299,278,1469240.36
October 2020,LIVINGSTONE,12,11,346,287,1604378.93
October 2020,LOCKYER VALLEY,12,12,214,207,1377701.45
October 2020,LOGAN,36,32,2169,1959,17315304.43
October 2020,LONGREACH,5,5,96,81,
October 2020,MACKAY,39,36,1686,1557,8830755.66
October 2020,MARANOA,8,8,170,141,588282.28
October 2020,MAREEBA,5,5,188,156,
October 2020,MCKINLAY,1,1,17,10,
October 2020,MORETON BAY,60,59,3457,3184,22314020.5
October 2020,MOUNT ISA,6,6,450,381,2684825.66
October 2020,MURWEH,4,4,56,56,
October 2020,NOOSA,14,14,538,508,2572172.32
October 2020,NORTH BURNETT,8,8,83,83,312565.22
October 2020,PAROO,1,1,25,25,
October 2020,QUILPIE,1,1,6,6,
October 2020,REDLAND,28,27,1333,1225,6930594.98
October 2020,RICHMOND,1,1,8,8,
October 2020,ROCKHAMPTON,31,28,1022,883,6098329.65
October 2020,SCENIC RIM,16,15,263,195,884941.57
October 2020,SOMERSET,10,8,122,95,582217.1
October 2020,SOUTH BURNETT,17,16,319,319,1537107.35
October 2020,SOUTHERN DOWNS,14,13,395,321,1178934.18
October 2020,SUNSHINE COAST,70,67,3265,2811,15830860.16
October 2020,TABLELANDS,5,4,156,136,
October 2020,TOOWOOMBA,48,46,1686,1440,7351883.43
October 2020,TORRES,5,5,140,97,
October 2020,TOWNSVILLE,45,40,2121,1581,11724084.98
October 2020,WEIPA,3,3,87,76,
October 2020,WESTERN DOWNS,21,20,358,327,1336104.98
October 2020,WHITSUNDAY,16,15,513,413,2955635.07
October 2020,WINTON,3,3,17,15,
November 2020,BALONNE,4,4,72,65,
November 2020,BANANA,8,8,145,143,497024.67
November 2020,BARCALDINE,3,3,22,22,
November 2020,BLACKALL TAMBO,2,2,18,18,
November 2020,BRISBANE,172,164,8775,7780,47790976.36
November 2020,BUNDABERG,32,32,1339,1056,5154365.01
November 2020,BURDEKIN,7,7,206,186,722830.71
November 2020,CAIRNS,40,39,1909,1753,10563976.7
November 2020,CARPENTARIA,3,3,48,48,
November 2020,CASSOWARY COAST,14,14,374,372,1641763.67
November 2020,CENTRAL HIGHLANDS,16,16,385,368,1763789.05
November 2020,CHARTERS TOWERS,8,8,138,132,629084.7
November 2020,CLONCURRY,4,4,69,63,
November 2020,COOK,3,3,54,48,
November 2020,DOUGLAS,8,8,186,177,701640.81
November 2020,FLINDERS,2,2,28,28,
November 2020,FRASER COAST,32,32,1251,1189,6118843.77
November 2020,GLADSTONE,22,20,583,532,2366623.22
November 2020,GOLD COAST,127,121,5924,5334,30388632.31
November 2020,GOONDIWINDI,9,9,153,148,610925.9
November 2020,GYMPIE,20,19,457,368,1621562.94
November 2020,HINCHINBROOK,8,6,107,86,409346.87
November 2020,IPSWICH,30,30,1740,1536,9017834.08
November 2020,ISAAC,14,13,299,278,1363022.57
November 2020,LIVINGSTONE,12,11,336,287,1513189.6
November 2020,LOCKYER VALLEY,12,12,214,207,1172076.07
November 2020,LOGAN,36,32,2174,1963,15542196.6
November 2020,LONGREACH,5,5,96,81,
November 2020,MACKAY,39,36,1686,1570,8123787.43
November 2020,MARANOA,8,8,170,144,541377.34
November 2020,MAREEBA,5,5,188,156,
November 2020,MCKINLAY,1,1,17,10,
November 2020,MORETON BAY,61,59,3511,3184,20785834.96
November 2020,MOUNT ISA,6,6,450,381,2780227.79
November 2020,MURWEH,4,4,56,56,
November 2020,NOOSA,14,14,538,508,2238640.24
November 2020,NORTH BURNETT,8,8,83,83,238624.01
November 2020,PAROO,1,1,25,25,
November 2020,QUILPIE,1,1,6,6,
November 2020,REDLAND,28,27,1333,1225,6513648.77
November 2020,RICHMOND,1,1,8,8,
November 2020,ROCKHAMPTON,31,28,1022,883,5637725.64
November 2020,SCENIC RIM,16,15,263,195,750655.18
November 2020,SOMERSET,10,8,122,95,522413.79
November 2020,SOUTH BURNETT,17,16,319,319,1297724.79
November 2020,SOUTHERN DOWNS,14,13,395,321,1050555.32
November 2020,SUNSHINE COAST,70,67,3265,2803,14506483.91
November 2020,TABLELANDS,5,4,156,136,
November 2020,TOOWOOMBA,48,47,1686,1462,6591166.01
November 2020,TORRES,5,5,140,97,
November 2020,TOWNSVILLE,45,40,2121,1587,10133545.49
November 2020,WEIPA,3,3,87,76,
November 2020,WESTERN DOWNS,21,20,358,327,1238099.68
November 2020,WHITSUNDAY,16,15,513,413,2620244.61
November 2020,WINTON,3,3,17,15,
December 2020,BALONNE,4,4,72,65,
December 2020,BANANA,8,8,145,142,555883.18
December 2020,BARCALDINE,3,3,22,22,
December 2020,BLACKALL TAMBO,2,2,18,18,
December 2020,BRISBANE,171,163,8775,7755,51865255.75
December 2020,BUNDABERG,32,32,1339,1052,5825778.45
December 2020,BURDEKIN,7,7,206,186,1045306.84
December 2020,CAIRNS,40,39,1909,1770,15594593.92
December 2020,CARPENTARIA,3,3,48,48,
December 2020,CASSOWARY COAST,14,14,374,372,1889464.01
December 2020,CENTRAL HIGHLANDS,16,16,385,368,1743182.41
December 2020,CHARTERS TOWERS,8,8,138,130,701310.97
December 2020,CLONCURRY,4,4,69,63,
December 2020,COOK,3,3,54,48,
December 2020,DOUGLAS,8,8,186,177,1000715.12
December 2020,FLINDERS,2,2,28,28,
December 2020,FRASER COAST,32,32,1251,1189,6479654.2
December 2020,GLADSTONE,22,20,583,529,2909216.35
December 2020,GOLD COAST,127,121,5924,5324,33922611.89
December 2020,GOONDIWINDI,9,9,153,148,623703.65
December 2020,GYMPIE,20,20,457,435,1922709.38
December 2020,HINCHINBROOK,8,6,107,86,585683.89
December 2020,IPSWICH,30,30,1740,1540,10020539.67
December 2020,ISAAC,14,13,299,278,1226489.62
December 2020,LIVINGSTONE,12,11,336,287,1662203.43
December 2020,LOCKYER VALLEY,12,12,214,207,1184302.37
December 2020,LOGAN,36,32,2174,1963,16971573.75
December 2020,LONGREACH,5,5,96,81,
December 2020,MACKAY,39,36,1686,1581,8832691.24
December 2020,MARANOA,8,8,170,144,482806.2
December 2020,MAREEBA,5,5,188,156,
December 2020,MCKINLAY,1,1,17,10,
December 2020,MORETON BAY,61,59,3511,3158,22829632.64
December 2020,MOUNT ISA,6,6,450,381,3340714.83
December 2020,MURWEH,4,4,56,56,
December 2020,NOOSA,14,14,538,508,2570949.72
December 2020,NORTH BURNETT,8,8,83,83,407229.07
December 2020,PAROO,1,1,25,25,
December 2020,QUILPIE,1,1,6,6,
December 2020,REDLAND,28,27,1333,1225,6899337.24
December 2020,RICHMOND,1,1,8,8,
December 2020,ROCKHAMPTON,31,28,1022,883,6651108.27
December 2020,SCENIC RIM,16,15,263,195,769477.97
December 2020,SOMERSET,10,8,122,95,547197.39
December 2020,SOUTH BURNETT,16,16,319,319,1765694.61
December 2020,SOUTHERN DOWNS,14,13,395,321,1310547.92
December 2020,SUNSHINE COAST,70,67,3265,2819,15596822.79
December 2020,TABLELANDS,5,4,156,136,
December 2020,TOOWOOMBA,48,47,1686,1462,7165092.18
December 2020,TORRES,5,5,140,97,
December 2020,TOWNSVILLE,45,40,2121,1597,12812819.11
December 2020,WEIPA,3,3,87,76,
December 2020,WESTERN DOWNS,21,20,358,327,1338088.04
December 2020,WHITSUNDAY,16,15,513,413,2733485.45
December 2020,WINTON,3,3,17,15,
January 2021,BALONNE,4,4,72,65,
January 2021,BANANA,8,8,145,142,453125.31
January 2021,BARCALDINE,3,3,22,22,
January 2021,BLACKALL TAMBO,2,2,18,18,
January 2021,BRISBANE,170,163,8750,7759,42032350.65
January 2021,BUNDABERG,32,32,1339,1052,5217635.06
January 2021,BURDEKIN,7,7,206,186,772106.72
January 2021,CAIRNS,40,39,1909,1767,11182792.86
January 2021,CARPENTARIA,3,3,48,48,
January 2021,CASSOWARY COAST,14,14,374,372,1524589.89
January 2021,CENTRAL HIGHLANDS,16,16,385,368,1490485.04
January 2021,CHARTERS TOWERS,8,8,138,130,512383.48
January 2021,CLONCURRY,4,4,69,63,
January 2021,COOK,3,3,54,48,
January 2021,DOUGLAS,8,8,186,177,855718.01
January 2021,FLINDERS,2,2,28,28,
January 2021,FRASER COAST,32,32,1251,1189,6217371.47
January 2021,GLADSTONE,22,20,583,532,2454674.92
January 2021,GOLD COAST,127,121,5924,5405,32595354.05
January 2021,GOONDIWINDI,9,9,153,148,628922.64
January 2021,GYMPIE,20,20,457,420,1775637.67
January 2021,HINCHINBROOK,8,6,107,86,446270.47
January 2021,IPSWICH,30,30,1740,1536,7934470.92
January 2021,ISAAC,14,13,299,278,1035617.68
January 2021,LIVINGSTONE,12,11,336,293,1489247.87
January 2021,LOCKYER VALLEY,12,12,214,207,968660.79
January 2021,LOGAN,36,32,2174,1959,13574736.28
January 2021,LONGREACH,5,5,96,81,
January 2021,MACKAY,39,36,1686,1581,7828173.2
January 2021,MARANOA,8,8,170,143,501850.61
January 2021,MAREEBA,5,5,188,156,
January 2021,MCKINLAY,1,1,17,10,
January 2021,MORETON BAY,61,58,3511,3137,18023922.86
January 2021,MOUNT ISA,6,6,450,381,2570561.9
January 2021,MURWEH,4,4,56,56,
January 2021,NOOSA,14,14,538,508,2474245.62
January 2021,NORTH BURNETT,8,8,83,83,268766.52
January 2021,PAROO,1,1,25,25,
January 2021,QUILPIE,1,1,6,6,
January 2021,REDLAND,28,27,1333,1217,5509942.01
January 2021,RICHMOND,1,1,8,8,
January 2021,ROCKHAMPTON,31,28,1022,883,5575739.07
January 2021,SCENIC RIM,16,15,263,195,735043.6
January 2021,SOMERSET,10,7,122,92,498734.55
January 2021,SOUTH BURNETT,16,16,319,319,1263137.88
January 2021,SOUTHERN DOWNS,14,13,395,321,1232762.47
January 2021,SUNSHINE COAST,70,67,3265,2820,14719415.36
January 2021,TABLELANDS,5,4,156,136,
January 2021,TOOWOOMBA,48,47,1686,1460,6651033.17
January 2021,TORRES,5,5,140,97,
January 2021,TOWNSVILLE,45,40,2121,1601,10183029.07
January 2021,WEIPA,3,3,87,76,
January 2021,WESTERN DOWNS,21,20,358,327,1258977.23
January 2021,WHITSUNDAY,16,15,513,413,2485196.39
January 2021,WINTON,3,3,17,15,
February 2021,BALONNE,4,4,72,65,
February 2021,BANANA,8,8,145,142,525553.53
February 2021,BARCALDINE,3,3,22,22,
February 2021,BLACKALL TAMBO,2,2,18,18,
February 2021,BRISBANE,170,163,8750,7749,43633073.16
February 2021,BUNDABERG,32,32,1339,1052,4509887.66
February 2021,BURDEKIN,7,7,206,186,675546.15
February 2021,CAIRNS,40,39,1909,1766,9372140.67
February 2021,CARPENTARIA,3,3,48,48,
February 2021,CASSOWARY COAST,14,14,374,372,1270757.6
February 2021,CENTRAL HIGHLANDS,16,16,385,368,1353675.29
February 2021,CHARTERS TOWERS,8,8,138,130,409950.77
February 2021,CLONCURRY,4,4,69,63,
February 2021,COOK,3,3,54,48,
February 2021,DOUGLAS,8,8,186,177,567160.76
February 2021,FLINDERS,2,2,28,28,
February 2021,FRASER COAST,32,32,1251,1189,5440103.05
February 2021,GLADSTONE,22,20,583,531,2291209.98
February 2021,GOLD COAST,126,120,5897,5289,28689646.89
February 2021,GOONDIWINDI,9,9,153,153,478211.4
February 2021,GYMPIE,20,20,457,420,1699767.3
February 2021,HINCHINBROOK,8,6,107,86,366240.19
February 2021,IPSWICH,30,30,1740,1536,8076937.3
February 2021,ISAAC,14,13,299,278,1045315.89
February 2021,LIVINGSTONE,12,11,336,293,1273719.48
February 2021,LOCKYER VALLEY,12,12,214,207,941763.67
February 2021,LOGAN,36,32,2174,1959,13932803.93
February 2021,LONGREACH,5,4,96,76,
February 2021,MACKAY,39,36,1686,1581,7098075.24
February 2021,MARANOA,8,8,170,144,441876.71
February 2021,MAREEBA,5,5,188,156,
February 2021,MCKINLAY,1,1,17,10,
February 2021,MORETON BAY,61,59,3511,3158,18565132.25
February 2021,MOUNT ISA,6,6,450,381,2187041.93
February 2021,MURWEH,4,4,56,56,
February 2021,NOOSA,14,14,538,508,2162567.61
February 2021,NORTH BURNETT,8,8,83,83,279480.05
February 2021,PAROO,1,1,25,25,
February 2021,QUILPIE,1,1,6,6,
February 2021,REDLAND,28,27,1333,1217,5657720.41
February 2021,RICHMOND,1,1,8,8,
February 2021,ROCKHAMPTON,31,28,1022,883,4752921.05
February 2021,SCENIC RIM,16,15,263,195,667746.02
February 2021,SOMERSET,10,7,122,92,465961.65
February 2021,SOUTH BURNETT,16,16,319,319,1181446.22
February 2021,SOUTHERN DOWNS,14,13,395,321,1170911.68
February 2021,SUNSHINE COAST,70,68,3265,2841,13519825.38
February 2021,TABLELANDS,5,4,156,136,
February 2021,TOOWOOMBA,48,47,1686,1460,5766997.84
February 2021,TORRES,5,5,140,97,
February 2021,TOWNSVILLE,45,40,2121,1622,9188810.62
February 2021,WEIPA,3,3,87,76,
February 2021,WESTERN DOWNS,21,20,358,327,1240024.34
February 2021,WHITSUNDAY,16,15,513,413,2002331.01
February 2021,WINTON,3,3,17,15,
March 2021,BALONNE,4,4,72,65,
March 2021,BANANA,8,8,145,142,488874.52
March 2021,BARCALDINE,3,3,22,22,
March 2021,BLACKALL TAMBO,2,2,18,18,
March 2021,BRISBANE,170,132,8750,6541,44474774.47
March 2021,BUNDABERG,32,32,1339,1057,4914696.78
March 2021,BURDEKIN,7,7,206,186,790900.75
March 2021,CAIRNS,40,39,1909,1774,10395059
March 2021,CARPENTARIA,3,3,48,48,
March 2021,CASSOWARY COAST,14,14,374,372,1301173.13
March 2021,CENTRAL HIGHLANDS,16,16,385,368,1520084.69
March 2021,CHARTERS TOWERS,8,8,138,130,480420.6
March 2021,CLONCURRY,4,4,69,63,
March 2021,COOK,3,3,54,48,
March 2021,DOUGLAS,8,8,186,177,702738.72
March 2021,FLINDERS,2,2,28,28,
March 2021,FRASER COAST,32,32,1251,1163,5904572.9
March 2021,GLADSTONE,22,20,583,532,2491653.27
March 2021,GOLD COAST,126,120,5897,5299,31299371.26
March 2021,GOONDIWINDI,9,9,153,153,639313.76
March 2021,GYMPIE,20,20,457,435,1736389.95
March 2021,HINCHINBROOK,8,6,107,89,386858.95
March 2021,IPSWICH,30,26,1740,1366,8324759.68
March 2021,ISAAC,14,13,299,278,1046408.72
March 2021,LIVINGSTONE,12,11,336,306,1437070.25
March 2021,LOCKYER VALLEY,12,12,214,207,1044500.3
March 2021,LOGAN,36,25,2174,1671,14375399.79
March 2021,LONGREACH,5,4,96,76,
March 2021,MACKAY,39,36,1686,1583,7948238.3
March 2021,MARANOA,8,8,170,144,493284.03
March 2021,MAREEBA,5,5,188,156,
March 2021,MCKINLAY,1,1,17,10,
March 2021,MORETON BAY,61,49,3511,2618,18787984.1
March 2021,MOUNT ISA,6,6,450,381,2477041.55
March 2021,MURWEH,4,4,56,56,
March 2021,NOOSA,14,14,538,508,2595671.74
March 2021,NORTH BURNETT,8,8,83,83,270749.71
March 2021,PAROO,1,1,25,25,
March 2021,QUILPIE,1,1,6,6,
March 2021,REDLAND,28,24,1333,1087,5796233.96
March 2021,RICHMOND,1,1,8,8,
March 2021,ROCKHAMPTON,31,28,1022,883,5391811
March 2021,SCENIC RIM,16,15,263,195,780004.45
March 2021,SOMERSET,10,8,122,95,513073.58
March 2021,SOUTH BURNETT,16,16,319,319,1335635.39
March 2021,SOUTHERN DOWNS,14,13,395,321,1174035.34
March 2021,SUNSHINE COAST,70,68,3265,2845,14693195.13
March 2021,TABLELANDS,5,4,156,136,
March 2021,TOOWOOMBA,48,47,1686,1471,6509559.8
March 2021,TORRES,5,5,140,97,
March 2021,TOWNSVILLE,45,40,2121,1615,10299456.62
March 2021,WEIPA,3,3,87,76,
March 2021,WESTERN DOWNS,21,20,358,327,1226805.58
March 2021,WHITSUNDAY,16,15,513,413,2345474
March 2021,WINTON,3,3,17,15,
April 2021,BALONNE,4,4,72,65,
April 2021,BANANA,8,8,145,141,461628.55
April 2021,BARCALDINE,3,3,22,22,
April 2021,BLACKALL TAMBO,2,2,18,18,
April 2021,BRISBANE,170,163,8750,7729,44490669.58
April 2021,BUNDABERG,32,32,1339,1058,4757765.36
April 2021,BURDEKIN,7,7,206,186,703466.48
April 2021,CAIRNS,40,39,1909,1777,9485560.92
April 2021,CARPENTARIA,3,3,48,48,
April 2021,CASSOWARY COAST,14,14,374,374,1345520.08
April 2021,CENTRAL HIGHLANDS,16,16,385,368,1389792.99
April 2021,CHARTERS TOWERS,8,8,138,130,486844.48
April 2021,CLONCURRY,4,4,69,63,
April 2021,COOK,3,3,54,48,
April 2021,DOUGLAS,8,8,186,177,706044.52
April 2021,FLINDERS,2,2,28,28,
April 2021,FRASER COAST,32,32,1251,1164,5504656.25
April 2021,GLADSTONE,22,21,583,567,2366952.46
April 2021,GOLD COAST,126,119,5897,5218,28861050.25
April 2021,GOONDIWINDI,9,9,153,153,564427.76
April 2021,GYMPIE,20,20,457,435,1705267.54
April 2021,HINCHINBROOK,8,6,107,86,318071.62
April 2021,IPSWICH,30,30,1740,1536,8134484.99
April 2021,ISAAC,14,13,299,278,1125763.92
April 2021,LIVINGSTONE,11,11,336,297,1470864.15
April 2021,LOCKYER VALLEY,12,12,214,207,961104.04
April 2021,LOGAN,36,32,2174,1956,14581633.5
April 2021,LONGREACH,5,4,96,76,
April 2021,MACKAY,39,36,1686,1581,7314883.67
April 2021,MARANOA,8,8,170,144,422106.5
April 2021,MAREEBA,5,5,188,156,
April 2021,MCKINLAY,1,1,17,10,
April 2021,MORETON BAY,61,59,3511,3040,19188785.22
April 2021,MOUNT ISA,6,6,450,381,2124341.18
April 2021,MURWEH,4,4,56,56,
April 2021,NOOSA,14,14,538,518,2194372.41
April 2021,NORTH BURNETT,8,8,83,83,248557.14
April 2021,PAROO,1,1,25,25,
April 2021,QUILPIE,1,1,6,6,
April 2021,REDLAND,28,27,1333,1219,5901372.36
April 2021,RICHMOND,1,1,8,8,
April 2021,ROCKHAMPTON,31,28,1022,883,5021525.51
April 2021,SCENIC RIM,16,15,263,195,734033.76
April 2021,SOMERSET,10,8,122,95,443814.96
April 2021,SOUTH BURNETT,16,16,319,319,1241907.07
April 2021,SOUTHERN DOWNS,14,13,395,321,1054396.42
April 2021,SUNSHINE COAST,70,68,3265,2796,13383185.84
April 2021,TABLELANDS,5,4,156,136,
April 2021,TOOWOOMBA,48,47,1686,1468,6010238.78
April 2021,TORRES,5,5,140,97,
April 2021,TOWNSVILLE,45,40,2121,1616,9443187.51
April 2021,WEIPA,3,3,87,76,
April 2021,WESTERN DOWNS,21,20,358,327,1154215.94
April 2021,WHITSUNDAY,16,15,513,413,2119329.89
April 2021,WINTON,3,3,17,15,
May 2021,BALONNE,4,4,72,65,
May 2021,BANANA,8,8,145,142,541124.23
May 2021,BARCALDINE,3,3,22,22,
May 2021,BLACKALL TAMBO,2,2,18,18,
May 2021,BRISBANE,170,163,8750,7638,48178894.26
May 2021,BUNDABERG,32,32,1339,1061,5350550.51
May 2021,BURDEKIN,7,7,206,196,862172.14
May 2021,CAIRNS,40,39,1909,1781,10240040.46
May 2021,CARPENTARIA,3,3,48,48,
May 2021,CASSOWARY COAST,14,14,374,372,1137308.11
May 2021,CENTRAL HIGHLANDS,16,15,385,356,1605474.07
May 2021,CHARTERS TOWERS,8,8,138,130,562071.13
May 2021,CLONCURRY,4,4,69,63,
May 2021,COOK,3,3,54,48,
May 2021,DOUGLAS,8,8,186,177,968445.21
May 2021,FLINDERS,2,2,28,28,
May 2021,FRASER COAST,32,32,1251,1170,6096013.58
May 2021,GLADSTONE,22,21,583,569,2695009.09
May 2021,GOLD COAST,125,118,5885,5276,31703598.08
May 2021,GOONDIWINDI,9,9,153,153,574679.03
May 2021,GYMPIE,20,20,457,444,1887080.12
May 2021,HINCHINBROOK,8,7,107,89,365191.46
May 2021,IPSWICH,30,30,1740,1519,8824923.07
May 2021,ISAAC,14,13,299,278,1219015.17
May 2021,LIVINGSTONE,11,11,336,297,1658887.09
May 2021,LOCKYER VALLEY,12,12,214,207,1099492.73
May 2021,LOGAN,36,32,2174,1956,15005135.44
May 2021,LONGREACH,5,4,96,76,
May 2021,MACKAY,39,36,1686,1581,7898304.24
May 2021,MARANOA,8,8,170,144,515771.6
May 2021,MAREEBA,5,5,188,156,
May 2021,MCKINLAY,1,1,17,10,
May 2021,MORETON BAY,61,59,3511,3042,20461797.59
May 2021,MOUNT ISA,6,6,450,381,2383495.45
May 2021,MURWEH,4,4,56,56,
May 2021,NOOSA,14,14,538,508,2322156.33
May 2021,NORTH BURNETT,8,8,83,83,316051.33
May 2021,PAROO,1,1,25,25,
May 2021,QUILPIE,1,1,6,6,
May 2021,REDLAND,28,27,1333,1204,6315685.48
May 2021,RICHMOND,1,1,8,8,
May 2021,ROCKHAMPTON,31,28,1022,883,5140483.31
May 2021,SCENIC RIM,16,15,263,195,790634.35
May 2021,SOMERSET,10,8,122,95,480153.79
May 2021,SOUTH BURNETT,16,16,319,319,1252552.73
May 2021,SOUTHERN DOWNS,14,13,395,322,1003148.85
May 2021,SUNSHINE COAST,70,67,3265,2799,14393656.37
May 2021,TABLELANDS,5,4,156,136,
May 2021,TOOWOOMBA,48,47,1686,1469,6721192.68
May 2021,TORRES,5,5,140,97,
May 2021,TOWNSVILLE,45,40,2121,1615,9556170
May 2021,WEIPA,3,3,87,76,
May 2021,WESTERN DOWNS,21,20,358,327,1308806.56
May 2021,WHITSUNDAY,16,15,513,413,2676924.85
May 2021,WINTON,3,3,17,15,
June 2021,BALONNE,4,4,72,65,
June 2021,BANANA,8,8,145,142,499696.21
June 2021,BARCALDINE,3,3,22,22,
June 2021,BLACKALL TAMBO,2,2,18,18,
June 2021,BRISBANE,169,162,8725,7689,45368043.16
June 2021,BUNDABERG,32,32,1339,1057,5121797.19
June 2021,BURDEKIN,7,7,206,196,930801.99
June 2021,CAIRNS,40,39,1909,1782,10232398.3
June 2021,CARPENTARIA,3,3,48,48,
June 2021,CASSOWARY COAST,14,14,374,372,1257990.76
June 2021,CENTRAL HIGHLANDS,15,15,373,356,1448499.24
June 2021,CHARTERS TOWERS,8,8,138,130,489964.68
June 2021,CLONCURRY,4,4,69,63,
June 2021,COOK,3,3,54,48,
June 2021,DOUGLAS,8,8,186,177,836214.75
June 2021,FLINDERS,2,2,28,28,
June 2021,FRASER COAST,32,32,1251,1120,5815351.24
June 2021,GLADSTONE,22,21,583,567,2447417.38
June 2021,GOLD COAST,125,117,5885,5197,29782267.9
June 2021,GOONDIWINDI,9,9,153,153,641025.59
June 2021,GYMPIE,20,20,457,435,1880295.52
June 2021,HINCHINBROOK,8,7,107,89,415381.26
June 2021,IPSWICH,30,30,1740,1521,8255648.27
June 2021,ISAAC,14,13,299,278,1264115.65
June 2021,LIVINGSTONE,11,11,336,296,1494175.99
June 2021,LOCKYER VALLEY,12,12,214,207,1007848.35
June 2021,LOGAN,36,32,2174,1956,14013037.82
June 2021,LONGREACH,5,4,96,76,
June 2021,MACKAY,38,36,1672,1583,7541383.06
June 2021,MARANOA,8,8,170,144,596504.08
June 2021,MAREEBA,5,5,188,156,
June 2021,MCKINLAY,1,1,17,10,
June 2021,MORETON BAY,61,59,3511,3293,19056645.5
June 2021,MOUNT ISA,6,6,450,380,2237649.59
June 2021,MURWEH,4,4,56,56,
June 2021,NOOSA,14,14,538,508,2229343.31
June 2021,NORTH BURNETT,8,8,83,83,399460.7
June 2021,PAROO,1,1,25,25,
June 2021,QUILPIE,1,1,6,6,
June 2021,REDLAND,28,27,1333,1204,5829782.14
June 2021,RICHMOND,1,1,8,8,
June 2021,ROCKHAMPTON,31,28,1022,886,5221316.01
June 2021,SCENIC RIM,16,14,263,185,744936.59
June 2021,SOMERSET,10,8,122,95,466057.05
June 2021,SOUTH BURNETT,16,15,319,311,1273773.55
June 2021,SOUTHERN DOWNS,14,13,395,321,1019858.81
June 2021,SUNSHINE COAST,70,67,3265,2809,12955892.26
June 2021,TABLELANDS,5,4,156,135,
June 2021,TOOWOOMBA,48,47,1686,1472,6507481.78
June 2021,TORRES,5,5,140,97,
June 2021,TOWNSVILLE,45,40,2121,1625,8619022.04
June 2021,WEIPA,3,3,87,76,
June 2021,WESTERN DOWNS,21,20,358,327,1352104.92
June 2021,WHITSUNDAY,15,15,468,413,2407631.62
June 2021,WINTON,3,3,17,15,
July 2021,BALONNE,4,4,78,65,
July 2021,BANANA,8,8,145,142,596066.37
July 2021,BARCALDINE,3,3,22,22,
July 2021,BLACKALL TAMBO,2,2,18,18,
July 2021,BRISBANE,168,161,8802,7686,47514941.51
July 2021,BUNDABERG,32,32,1339,1042,6375668.71
July 2021,BURDEKIN,7,7,206,196,1021203.54
July 2021,CAIRNS,40,39,1909,1773,13301869.46
July 2021,CARPENTARIA,3,3,48,48,
July 2021,CASSOWARY COAST,14,14,374,372,1732253.75
July 2021,CENTRAL HIGHLANDS,15,15,373,356,1993635.05
July 2021,CHARTERS TOWERS,8,8,138,130,734975.45
July 2021,CLONCURRY,4,4,69,63,
July 2021,COOK,3,3,54,48,
July 2021,DOUGLAS,8,8,186,177,898623.3
July 2021,FLINDERS,2,2,28,28,
July 2021,FRASER COAST,32,32,1251,1101,6843529.61
July 2021,GLADSTONE,22,21,583,567,3089856.74
July 2021,GOLD COAST,126,119,5873,5248,32619966.67
July 2021,GOONDIWINDI,9,9,153,153,782871.96
July 2021,GYMPIE,20,20,457,435,2095938.17
July 2021,HINCHINBROOK,8,7,107,89,557102.95
July 2021,IPSWICH,30,30,1740,1518,9734815.24
July 2021,ISAAC,14,13,299,278,1514168.5
July 2021,LIVINGSTONE,11,11,336,296,1809576.23
July 2021,LOCKYER VALLEY,12,12,214,207,1237546.73
July 2021,LOGAN,36,32,2184,1956,17773301.14
July 2021,LONGREACH,5,4,96,76,
July 2021,MACKAY,38,36,1672,1580,9056812.96
July 2021,MARANOA,8,8,178,144,701926.06
July 2021,MAREEBA,5,5,188,156,
July 2021,MCKINLAY,1,1,17,10,
July 2021,MORETON BAY,62,59,3556,3286,20959516.46
July 2021,MOUNT ISA,6,6,398,381,3065171.21
July 2021,MURWEH,4,4,53,56,
July 2021,NOOSA,14,14,523,508,2252675.43
July 2021,NORTH BURNETT,8,8,83,83,403102.87
July 2021,PAROO,1,1,25,25,
July 2021,QUILPIE,1,1,6,6,
July 2021,REDLAND,28,27,1333,1204,6098425.06
July 2021,RICHMOND,1,1,8,8,
July 2021,ROCKHAMPTON,31,28,1022,886,6275136.21
July 2021,SCENIC RIM,15,14,256,185,762443.46
July 2021,SOMERSET,10,8,126,95,595648.13
July 2021,SOUTH BURNETT,15,14,308,308,1677280.24
July 2021,SOUTHERN DOWNS,14,13,395,321,1192966.73
July 2021,SUNSHINE COAST,70,67,3265,2811,14079886.76
July 2021,TABLELANDS,5,4,156,136,
July 2021,TOOWOOMBA,48,47,1695,1467,8168157.48
July 2021,TORRES,5,5,140,97,
July 2021,TOWNSVILLE,45,40,2116,1616,11299892.72
July 2021,WEIPA,3,3,87,76,
July 2021,WESTERN DOWNS,21,20,366,327,1757292.17
July 2021,WHITSUNDAY,15,15,473,413,2899555.76
July 2021,WINTON,3,3,17,15,
August 2021,BALONNE,4,4,78,65,
August 2021,BANANA,8,8,145,142,553208.17
August 2021,BARCALDINE,3,3,22,22,
August 2021,BLACKALL TAMBO,2,2,18,18,
August 2021,BRISBANE,168,160,8800,7670,41448962.32
August 2021,BUNDABERG,32,32,1339,1043,6042278.71
August 2021,BURDEKIN,7,7,206,196,996451.29
August 2021,CAIRNS,40,39,1900,1764,10292035.15
August 2021,CARPENTARIA,3,3,48,48,
August 2021,CASSOWARY COAST,14,14,374,372,1720647.68
August 2021,CENTRAL HIGHLANDS,15,15,373,356,1799289.07
August 2021,CHARTERS TOWERS,8,8,138,130,646937.98
August 2021,CLONCURRY,4,4,69,63,
August 2021,COOK,3,3,54,48,
August 2021,DOUGLAS,8,8,186,177,797851.18
August 2021,FLINDERS,2,2,28,28,
August 2021,FRASER COAST,32,32,1251,1152,6626249.82
August 2021,GLADSTONE,22,21,583,567,3070425.25
August 2021,GOLD COAST,126,119,5873,5240,27014629.59
August 2021,GOONDIWINDI,10,9,158,153,584309.7
August 2021,GYMPIE,20,20,457,435,2178862.25
August 2021,HINCHINBROOK,8,7,107,89,449582.28
August 2021,IPSWICH,30,30,1740,1518,8183369.32
August 2021,ISAAC,14,13,299,278,1669662.62
August 2021,LIVINGSTONE,11,11,336,296,1755607.47
August 2021,LOCKYER VALLEY,12,12,214,207,928265.63
August 2021,LOGAN,36,32,2184,1956,13557758.29
August 2021,LONGREACH,5,4,96,76,
August 2021,MACKAY,38,36,1672,1575,8760660.81
August 2021,MARANOA,8,8,178,144,620141.61
August 2021,MAREEBA,5,5,188,156,
August 2021,MCKINLAY,1,1,17,10,
August 2021,MORETON BAY,62,60,3556,3305,18196905.6
August 2021,MOUNT ISA,6,6,398,381,3116827.15
August 2021,MURWEH,4,3,53,53,
August 2021,NOOSA,14,14,523,512,2061948.96
August 2021,NORTH BURNETT,8,8,83,83,397284.7
August 2021,PAROO,1,1,25,25,
August 2021,QUILPIE,1,1,6,6,
August 2021,REDLAND,28,27,1333,1204,5323971.77
August 2021,RICHMOND,1,1,8,8,
August 2021,ROCKHAMPTON,31,27,1012,880,5560791.9
August 2021,SCENIC RIM,15,14,256,185,671407.19
August 2021,SOMERSET,10,8,126,95,450315.94
August 2021,SOUTH BURNETT,14,13,304,304,1399949.82
August 2021,SOUTHERN DOWNS,14,13,395,308,1129469.85
August 2021,SUNSHINE COAST,70,67,3270,2811,12354382.61
August 2021,TABLELANDS,5,4,156,120,
August 2021,TOOWOOMBA,48,47,1695,1466,7297875.47
August 2021,TORRES,5,5,140,97,
August 2021,TOWNSVILLE,44,40,2116,1624,10803947.19
August 2021,WEIPA,3,3,87,76,
August 2021,WESTERN DOWNS,21,20,366,327,1547419.01
August 2021,WHITSUNDAY,15,15,473,413,2876012.77
August 2021,WINTON,3,3,17,15,
September 2021,BALONNE,4,4,78,65,
September 2021,BANANA,8,8,145,144,527229.54
September 2021,BARCALDINE,3,3,22,22,
September 2021,BLACKALL TAMBO,2,2,18,18,
September 2021,BRISBANE,167,160,8800,7631,49821275.56
September 2021,BUNDABERG,32,32,1339,1047,5905779.83
September 2021,BURDEKIN,7,7,206,197,896493.79
September 2021,CAIRNS,40,39,1900,1764,10810352.39
September 2021,CARPENTARIA,3,3,48,48,
September 2021,CASSOWARY COAST,14,14,374,372,1575527.34
September 2021,CENTRAL HIGHLANDS,15,15,373,357,1722776.72
September 2021,CHARTERS TOWERS,8,8,138,130,563288.24
September 2021,CLONCURRY,4,4,69,63,
September 2021,COOK,3,3,54,48,
September 2021,DOUGLAS,8,8,186,177,808009.4
September 2021,FLINDERS,2,2,28,28,
September 2021,FRASER COAST,32,32,1251,1205,6382401.06
September 2021,GLADSTONE,22,21,592,567,2930137.65
September 2021,GOLD COAST,126,119,5855,5256,32161665.23
September 2021,GOONDIWINDI,10,9,158,153,566794.35
September 2021,GYMPIE,20,20,457,435,1988258.13
September 2021,HINCHINBROOK,8,7,107,89,404925.88
September 2021,IPSWICH,30,30,1740,1518,9508042.24
September 2021,ISAAC,14,13,299,278,1412227.23
September 2021,LIVINGSTONE,11,11,336,296,1499065.52
September 2021,LOCKYER VALLEY,12,12,214,207,1352060.3
September 2021,LOGAN,36,32,2184,1955,16454013.44
September 2021,LONGREACH,5,4,96,76,
September 2021,MACKAY,38,36,1672,1558,8658406.83
September 2021,MARANOA,8,8,178,146,616373.99
September 2021,MAREEBA,5,5,188,156,
September 2021,MCKINLAY,1,1,17,10,
September 2021,MORETON BAY,62,60,3556,3296,21820454.07
September 2021,MOUNT ISA,6,6,398,381,2635024.6
September 2021,MURWEH,3,3,53,53,
September 2021,NOOSA,14,14,523,507,2426465.67
September 2021,NORTH BURNETT,8,8,83,83,373892.49
September 2021,PAROO,1,1,25,25,
September 2021,QUILPIE,1,1,6,6,
September 2021,REDLAND,28,27,1333,1212,6476736.42
September 2021,RICHMOND,1,1,8,8,
September 2021,ROCKHAMPTON,31,27,1012,882,5532500.2
September 2021,SCENIC RIM,15,14,261,185,826416.33
September 2021,SOMERSET,10,8,126,95,571124.19
September 2021,SOUTH BURNETT,13,13,312,304,1354342.85
September 2021,SOUTHERN DOWNS,14,13,395,271,1105361.64
September 2021,SUNSHINE COAST,70,67,3270,2830,14815053.63
September 2021,TABLELANDS,5,4,156,120,
September 2021,TOOWOOMBA,48,47,1695,1468,7168759.06
September 2021,TORRES,5,5,140,97,
September 2021,TOWNSVILLE,44,40,2116,1628,10200423.76
September 2021,WEIPA,3,3,87,76,
September 2021,WESTERN DOWNS,21,20,366,329,1531683.08
September 2021,WHITSUNDAY,15,15,473,413,2969482.38
September 2021,WINTON,3,3,17,15,
October 2021,BALONNE,4,4,78,65,
October 2021,BANANA,8,8,145,142,595636.35
October 2021,BARCALDINE,3,3,22,22,
October 2021,BLACKALL TAMBO,2,2,18,18,
October 2021,BRISBANE,167,160,8754,7611,51455547.2
October 2021,BUNDABERG,32,32,1339,1052,6237394.99
October 2021,BURDEKIN,7,7,206,197,1048730.89
October 2021,CAIRNS,40,39,1900,1768,10931934.5
October 2021,CARPENTARIA,3,3,48,48,
October 2021,CASSOWARY COAST,14,14,374,370,1529652.05
October 2021,CENTRAL HIGHLANDS,15,15,373,356,1760607.09
October 2021,CHARTERS TOWERS,8,8,138,130,707886.19
October 2021,CLONCURRY,4,4,69,63,
October 2021,COOK,3,3,54,48,
October 2021,DOUGLAS,8,8,186,177,775027.44
October 2021,FLINDERS,2,2,28,28,
October 2021,FRASER COAST,32,32,1251,1203,6986687.97
October 2021,GLADSTONE,22,21,592,567,3161862.59
October 2021,GOLD COAST,126,119,5855,5253,34185199.28
October 2021,GOONDIWINDI,10,9,158,153,545505.8
October 2021,GYMPIE,20,20,457,435,2052005.61
October 2021,HINCHINBROOK,8,7,107,89,488937.93
October 2021,IPSWICH,30,30,1740,1518,9950508.24
October 2021,ISAAC,14,13,299,278,1377125.14
October 2021,LIVINGSTONE,11,11,336,296,1749793.03
October 2021,LOCKYER VALLEY,12,12,220,207,1292098.2
October 2021,LOGAN,36,31,2176,1948,16608826.82
October 2021,LONGREACH,5,4,96,76,
October 2021,MACKAY,38,36,1672,1580,8774075.72
October 2021,MARANOA,8,8,178,144,607862.89
October 2021,MAREEBA,5,5,188,156,
October 2021,MCKINLAY,1,1,17,10,
October 2021,MORETON BAY,62,60,3556,3296,22610069.86
October 2021,MOUNT ISA,6,6,398,381,2761009.78
October 2021,MURWEH,3,3,53,53,
October 2021,NOOSA,14,14,523,508,2619910.04
October 2021,NORTH BURNETT,8,8,83,83,357260.16
October 2021,PAROO,1,1,25,25,
October 2021,QUILPIE,1,1,6,6,
October 2021,REDLAND,28,27,1333,1208,6539471.07
October 2021,RICHMOND,1,1,8,8,
October 2021,ROCKHAMPTON,30,27,1012,880,5819310.9
October 2021,SCENIC RIM,15,14,261,185,814821.78
October 2021,SOMERSET,10,8,126,95,502040.92
October 2021,SOUTH BURNETT,13,13,312,304,1512826.16
October 2021,SOUTHERN DOWNS,14,13,395,321,1318582.38
October 2021,SUNSHINE COAST,70,68,3274,2837,15839743.29
October 2021,TABLELANDS,5,4,156,120,
October 2021,TOOWOOMBA,48,47,1697,1467,7500098.05
October 2021,TORRES,5,5,140,97,
October 2021,TOWNSVILLE,44,40,2116,1633,9946800.98
October 2021,WEIPA,3,3,87,76,
October 2021,WESTERN DOWNS,21,20,366,327,1651979.52
October 2021,WHITSUNDAY,15,15,473,413,2998021.35
October 2021,WINTON,3,3,17,15,
November 2021,BALONNE,4,4,78,65,
November 2021,BANANA,8,8,145,142,580810.44
November 2021,BARCALDINE,3,2,22,14,
November 2021,BLACKALL TAMBO,2,2,18,18,
November 2021,BRISBANE,167,160,8754,7615,51092378.4
November 2021,BUNDABERG,33,32,1354,1053,5871216.57
November 2021,BURDEKIN,7,7,206,197,953297.66
November 2021,CAIRNS,40,39,1900,1773,10217920.64
November 2021,CARPENTARIA,3,3,48,48,
November 2021,CASSOWARY COAST,14,14,374,372,1523939.49
November 2021,CENTRAL HIGHLANDS,15,15,373,356,1816558.48
November 2021,CHARTERS TOWERS,8,8,138,130,609480.12
November 2021,CLONCURRY,4,4,69,63,
November 2021,COOK,3,3,54,48,
November 2021,DOUGLAS,8,8,186,177,663382.2
November 2021,FLINDERS,2,2,28,28,
November 2021,FRASER COAST,32,32,1251,1207,6536460.39
November 2021,GLADSTONE,22,21,592,567,2791935.96
November 2021,GOLD COAST,126,120,5855,5328,32983033.57
November 2021,GOONDIWINDI,10,9,158,153,516960.69
November 2021,GYMPIE,20,20,457,435,2052282.14
November 2021,HINCHINBROOK,8,7,107,89,427854.18
November 2021,IPSWICH,30,30,1740,1521,9434139.36
November 2021,ISAAC,14,13,299,278,1425349.82
November 2021,LIVINGSTONE,11,11,336,296,1480042.23
November 2021,LOCKYER VALLEY,12,12,220,207,1247855.59
November 2021,LOGAN,36,31,2176,1947,16358531.56
November 2021,LONGREACH,5,4,96,76,
November 2021,MACKAY,38,36,1672,1586,8312233.76
November 2021,MARANOA,8,8,178,144,549863.92
November 2021,MAREEBA,5,5,188,156,
November 2021,MCKINLAY,1,1,17,10,
November 2021,MORETON BAY,62,60,3556,3299,21440766.72
November 2021,MOUNT ISA,6,6,398,381,2440174.25
November 2021,MURWEH,3,3,53,53,
November 2021,NOOSA,14,14,523,508,2501858.59
November 2021,NORTH BURNETT,8,8,83,83,273780.39
November 2021,PAROO,1,1,25,25,
November 2021,QUILPIE,1,1,6,6,
November 2021,REDLAND,28,27,1333,1208,6229057.56
November 2021,RICHMOND,1,1,8,8,
November 2021,ROCKHAMPTON,30,27,1012,880,5496120.42
November 2021,SCENIC RIM,15,14,261,185,842714.53
November 2021,SOMERSET,10,8,126,95,569172.12
November 2021,SOUTH BURNETT,13,13,312,304,1330916.98
November 2021,SOUTHERN DOWNS,14,13,395,321,1258328.34
November 2021,SUNSHINE COAST,70,68,3274,2836,14749778.36
November 2021,TABLELANDS,5,4,156,120,
November 2021,TOOWOOMBA,48,47,1697,1467,7065423.16
November 2021,TORRES,5,5,140,94,
November 2021,TOWNSVILLE,44,40,2116,1629,10112760.46
November 2021,WEIPA,3,3,87,78,
November 2021,WESTERN DOWNS,21,20,366,327,1545355.78
November 2021,WHITSUNDAY,15,15,473,413,2669565.89
November 2021,WINTON,3,3,17,15,
December 2021,BALONNE,4,4,78,65,
December 2021,BANANA,8,8,145,142,401131.09
December 2021,BARCALDINE,3,2,22,14,
December 2021,BLACKALL TAMBO,2,2,18,18,
December 2021,BRISBANE,167,161,8754,7682,49738371.66
December 2021,BUNDABERG,33,32,1354,1054,5193854.43
December 2021,BURDEKIN,7,7,206,197,818090.16
December 2021,CAIRNS,40,39,1900,1768,10106559.21
December 2021,CARPENTARIA,3,3,48,48,
December 2021,CASSOWARY COAST,14,14,374,372,1318710.56
December 2021,CENTRAL HIGHLANDS,15,15,373,356,1281914.52
December 2021,CHARTERS TOWERS,8,8,138,130,498945.29
December 2021,CLONCURRY,4,4,69,63,
December 2021,COOK,3,3,54,48,
December 2021,DOUGLAS,8,8,186,177,698444.86
December 2021,FLINDERS,2,2,28,28,
December 2021,FRASER COAST,32,32,1251,1202,5916881.02
December 2021,GLADSTONE,22,21,592,567,2496847.98
December 2021,GOLD COAST,126,120,5855,5334,31628055.46
December 2021,GOONDIWINDI,10,9,158,153,462811.15
December 2021,GYMPIE,20,20,457,435,1905652.93
December 2021,HINCHINBROOK,8,7,107,89,375255.99
December 2021,IPSWICH,30,30,1740,1518,8854662.98
December 2021,ISAAC,14,13,299,278,962618.86
December 2021,LIVINGSTONE,11,11,336,296,1528485.16
December 2021,LOCKYER VALLEY,12,12,220,207,1033645.88
December 2021,LOGAN,36,31,2176,1930,15038304.58
December 2021,LONGREACH,5,4,96,76,
December 2021,MACKAY,38,36,1672,1583,7569980.97
December 2021,MARANOA,8,8,178,144,401814.81
December 2021,MAREEBA,5,5,188,156,
December 2021,MCKINLAY,1,1,17,10,
December 2021,MORETON BAY,62,60,3556,3296,21164943.75
December 2021,MOUNT ISA,6,6,398,381,2072835.99
December 2021,MURWEH,3,3,53,53,
December 2021,NOOSA,14,13,523,504,2331631.95
December 2021,NORTH BURNETT,8,8,83,83,239285.82
December 2021,PAROO,1,1,25,25,
December 2021,QUILPIE,1,1,6,6,
December 2021,REDLAND,28,26,1333,1192,6108791.39
December 2021,RICHMOND,1,1,8,8,
December 2021,ROCKHAMPTON,30,27,1012,879,5153130.3
December 2021,SCENIC RIM,15,14,261,176,747892.25
December 2021,SOMERSET,10,8,126,95,433256.57
December 2021,SOUTH BURNETT,13,13,312,304,1228844.95
December 2021,SOUTHERN DOWNS,14,13,395,321,1246201.8
December 2021,SUNSHINE COAST,70,68,3274,2837,14174974.17
December 2021,TABLELANDS,5,4,156,120,
December 2021,TOOWOOMBA,48,47,1697,1467,6524613.42
December 2021,TORRES,5,5,140,94,
December 2021,TOWNSVILLE,44,40,2116,1631,9429811.35
December 2021,WEIPA,3,3,87,76,
December 2021,WESTERN DOWNS,21,20,366,327,1371320.03
December 2021,WHITSUNDAY,15,15,473,413,2130947.41
December 2021,WINTON,3,3,17,15,
January 2022,BALONNE,4,4,78,65,
January 2022,BANANA,8,8,145,142,364944.23
January 2022,BARCALDINE,3,2,22,14,
January 2022,BLACKALL TAMBO,2,2,18,18,
January 2022,BRISBANE,167,161,8754,7688,41211476.14
January 2022,BUNDABERG,34,32,1399,1054,4474891.78
January 2022,BURDEKIN,7,7,206,197,516439.27
January 2022,CAIRNS,40,39,1900,1759,7934072.13
January 2022,CARPENTARIA,3,3,48,48,
January 2022,CASSOWARY COAST,14,14,374,372,1061434.18
January 2022,CENTRAL HIGHLANDS,15,15,373,358,1103282.57
January 2022,CHARTERS TOWERS,8,8,138,130,420085.73
January 2022,CLONCURRY,4,4,69,63,
January 2022,COOK,3,3,54,48,
January 2022,DOUGLAS,8,8,186,177,631190.06
January 2022,FLINDERS,2,2,28,28,
January 2022,FRASER COAST,32,32,1251,1196,5339421.04
January 2022,GLADSTONE,22,21,592,567,1984556.29
January 2022,GOLD COAST,126,120,5855,5296,28654425.13
January 2022,GOONDIWINDI,10,9,158,153,410723.75
January 2022,GYMPIE,20,20,457,435,1406695.9
January 2022,HINCHINBROOK,8,7,107,89,255209.85
January 2022,IPSWICH,30,30,1740,1517,7284809.97
January 2022,ISAAC,14,13,299,278,843467.65
January 2022,LIVINGSTONE,11,11,336,296,1261173.56
January 2022,LOCKYER VALLEY,12,12,220,207,936868.62
January 2022,LOGAN,35,31,2176,1944,12534992.54
January 2022,LONGREACH,5,4,96,76,
January 2022,MACKAY,38,36,1672,1583,6166608.17
January 2022,MARANOA,8,8,178,144,375491.92
January 2022,MAREEBA,5,5,188,156,
January 2022,MCKINLAY,1,1,17,10,
January 2022,MORETON BAY,62,60,3554,3296,18117189.78
January 2022,MOUNT ISA,6,6,398,381,1747916.78
January 2022,MURWEH,3,3,53,53,
January 2022,NOOSA,14,13,523,503,2070009.03
January 2022,NORTH BURNETT,8,8,83,83,180829.55
January 2022,PAROO,1,1,25,25,
January 2022,QUILPIE,1,1,6,6,
January 2022,REDLAND,28,26,1333,1192,5296799.19
January 2022,RICHMOND,1,1,8,8,
January 2022,ROCKHAMPTON,30,27,1012,880,4051816.93
January 2022,SCENIC RIM,15,14,261,183,631357.9
January 2022,SOMERSET,10,6,116,82,494140.81
January 2022,SOUTH BURNETT,13,13,312,304,1066779.55
January 2022,SOUTHERN DOWNS,14,13,395,321,955015.37
January 2022,SUNSHINE COAST,70,68,3282,2837,12299367.04
January 2022,TABLELANDS,5,4,156,120,
January 2022,TOOWOOMBA,48,46,1697,1442,5710552.25
January 2022,TORRES,5,5,140,94,
January 2022,TOWNSVILLE,44,40,2116,1631,7462546.38
January 2022,WEIPA,3,3,87,76,
January 2022,WESTERN DOWNS,21,20,366,327,1148020.6
January 2022,WHITSUNDAY,15,15,473,413,1768102.66
January 2022,WINTON,3,3,17,15,
February 2022,BALONNE,4,4,78,65,
February 2022,BANANA,8,8,145,142,415870.69
February 2022,BARCALDINE,3,2,22,14,
February 2022,BLACKALL TAMBO,2,2,18,18,
February 2022,BRISBANE,167,159,8751,7668,41016778.3
February 2022,BUNDABERG,34,32,1402,1054,4481567.86
February 2022,BURDEKIN,7,7,206,197,595465.45
February 2022,CAIRNS,40,39,1914,1768,8214682.2
February 2022,CARPENTARIA,3,3,48,48,
February 2022,CASSOWARY COAST,14,14,374,372,1109765.21
February 2022,CENTRAL HIGHLANDS,15,15,373,358,1220384.85
February 2022,CHARTERS TOWERS,8,8,138,130,432931.94
February 2022,CLONCURRY,4,4,69,63,
February 2022,COOK,3,3,54,48,
February 2022,DOUGLAS,8,8,186,177,635529
February 2022,FLINDERS,2,2,28,28,
February 2022,FRASER COAST,32,32,1251,1197,5275605.23
February 2022,GLADSTONE,22,21,592,567,2056375.83
February 2022,GOLD COAST,126,120,5855,5343,29212957.22
February 2022,GOONDIWINDI,10,9,158,153,504963.38
February 2022,GYMPIE,20,20,457,435,1330869.65
February 2022,HINCHINBROOK,8,7,107,89,319424.27
February 2022,IPSWICH,30,30,1740,1516,7363648.81
February 2022,ISAAC,14,13,299,278,1117511.03
February 2022,LIVINGSTONE,11,11,336,296,1286585.47
February 2022,LOCKYER VALLEY,12,12,220,207,951613.84
February 2022,LOGAN,35,31,2176,1944,12703859.48
February 2022,LONGREACH,5,4,96,76,
February 2022,MACKAY,38,36,1672,1577,6260390.37
February 2022,MARANOA,8,8,178,144,379195.46
February 2022,MAREEBA,5,5,188,156,
February 2022,MCKINLAY,1,1,17,10,
February 2022,MORETON BAY,62,60,3554,3296,17029183.64
February 2022,MOUNT ISA,6,6,398,381,1661753.28
February 2022,MURWEH,3,3,53,53,
February 2022,NOOSA,13,13,518,503,1705315.07
February 2022,NORTH BURNETT,8,8,83,83,257241.87
February 2022,PAROO,1,1,25,25,
February 2022,QUILPIE,1,1,6,6,
February 2022,REDLAND,28,26,1333,1192,5455081.49
February 2022,RICHMOND,1,1,8,8,
February 2022,ROCKHAMPTON,30,27,1012,880,4272766.78
February 2022,SCENIC RIM,15,14,261,185,622448.88
February 2022,SOMERSET,9,6,116,81,391717.24
February 2022,SOUTH BURNETT,13,13,312,304,1168511.72
February 2022,SOUTHERN DOWNS,14,13,395,321,994225.47
February 2022,SUNSHINE COAST,70,68,3282,2837,12264953.34
February 2022,TABLELANDS,5,4,156,120,
February 2022,TOOWOOMBA,48,47,1697,1448,5655398.52
February 2022,TORRES,5,5,140,97,
February 2022,TOWNSVILLE,44,40,2116,1631,7514236.91
February 2022,WEIPA,3,3,87,76,
February 2022,WESTERN DOWNS,21,20,371,327,1223629.55
February 2022,WHITSUNDAY,15,15,473,413,1977904.21
February 2022,WINTON,3,3,17,15,
March 2022,BALONNE,4,4,78,65,
March 2022,BANANA,8,8,145,142,541649.26
March 2022,BARCALDINE,3,2,22,14,
March 2022,BLACKALL TAMBO,2,2,18,18,
March 2022,BRISBANE,166,159,8751,7658,53211864.75
March 2022,BUNDABERG,34,32,1404,1057,5472698.78
March 2022,BURDEKIN,7,7,215,197,648992.62
March 2022,CAIRNS,40,38,1914,1761,10082771.4
March 2022,CARPENTARIA,3,3,48,48,
March 2022,CASSOWARY COAST,14,14,374,372,1416865.41
March 2022,CENTRAL HIGHLANDS,15,15,373,358,1550326.21
March 2022,CHARTERS TOWERS,8,8,144,130,557333.28
March 2022,CLONCURRY,4,4,69,63,
March 2022,COOK,3,3,54,48,
March 2022,DOUGLAS,8,8,186,177,781441.94
March 2022,FLINDERS,2,2,28,28,
March 2022,FRASER COAST,32,32,1251,1195,6456246.07
March 2022,GLADSTONE,22,21,592,567,2669324.6
March 2022,GOLD COAST,126,120,5855,5291,36090674.47
March 2022,GOONDIWINDI,10,9,158,153,657020.89
March 2022,GYMPIE,20,19,446,418,1818746.33
March 2022,HINCHINBROOK,8,7,107,89,368880.77
March 2022,IPSWICH,30,30,1740,1517,9655424.27
March 2022,ISAAC,14,13,299,278,1285216.11
March 2022,LIVINGSTONE,11,11,345,297,1433400.69
March 2022,LOCKYER VALLEY,12,11,208,199,1313908
March 2022,LOGAN,35,31,2176,1948,17339516.04
March 2022,LONGREACH,5,4,96,76,
March 2022,MACKAY,38,36,1672,1577,7718466.59
March 2022,MARANOA,8,8,178,144,470591
March 2022,MAREEBA,5,5,188,156,
March 2022,MCKINLAY,1,1,17,10,
March 2022,MORETON BAY,62,60,3554,3293,22116758.07
March 2022,MOUNT ISA,6,6,398,381,2268015.92
March 2022,MURWEH,3,3,53,53,
March 2022,NOOSA,13,13,522,503,2410342.69
March 2022,NORTH BURNETT,8,8,83,83,344453.04
March 2022,PAROO,1,1,25,25,
March 2022,QUILPIE,1,1,6,6,
March 2022,REDLAND,27,25,1311,1166,6469920.15
March 2022,RICHMOND,1,1,8,8,
March 2022,ROCKHAMPTON,30,26,1017,851,5232702.03
March 2022,SCENIC RIM,15,14,261,185,879307.4
March 2022,SOMERSET,9,6,116,82,548133.82
March 2022,SOUTH BURNETT,13,13,312,304,1428381.96
March 2022,SOUTHERN DOWNS,14,13,395,321,1274131.69
March 2022,SUNSHINE COAST,70,68,3288,2838,14925202.74
March 2022,TABLELANDS,5,4,156,136,
March 2022,TOOWOOMBA,48,47,1697,1456,7464816.16
March 2022,TORRES,5,5,140,97,
March 2022,TOWNSVILLE,44,40,2116,1631,9020988.93
March 2022,WEIPA,3,3,87,79,
March 2022,WESTERN DOWNS,21,20,371,327,1423934.63
March 2022,WHITSUNDAY,15,15,473,413,2429381.56
March 2022,WINTON,3,3,17,15,
April 2022,BALONNE,4,4,78,65,
April 2022,BANANA,8,7,135,135,557744.75
April 2022,BARCALDINE,3,2,22,14,
April 2022,BLACKALL TAMBO,2,2,18,18,
April 2022,BRISBANE,166,159,8751,7655,54695304.28
April 2022,BUNDABERG,34,32,1404,1051,5643331.9
April 2022,BURDEKIN,7,7,215,197,805112.8
April 2022,CAIRNS,40,38,1914,1761,10844086.99
April 2022,CARPENTARIA,3,3,48,48,
April 2022,CASSOWARY COAST,14,14,374,372,1597086.77
April 2022,CENTRAL HIGHLANDS,15,15,373,358,1648725.81
April 2022,CHARTERS TOWERS,8,8,144,130,614670.45
April 2022,CLONCURRY,4,4,69,63,
April 2022,COOK,3,3,54,48,
April 2022,DOUGLAS,8,8,186,177,760696.02
April 2022,FLINDERS,2,2,28,28,
April 2022,FRASER COAST,32,32,1251,1180,7066311.39
April 2022,GLADSTONE,22,21,592,567,3031419.74
April 2022,GOLD COAST,126,120,5855,5296,35278762.27
April 2022,GOONDIWINDI,10,9,158,153,538002.92
April 2022,GYMPIE,20,19,446,418,2237059.64
April 2022,HINCHINBROOK,8,7,107,89,371901.72
April 2022,IPSWICH,31,30,1740,1428,9741175.1
April 2022,ISAAC,14,12,299,270,1203676.12
April 2022,LIVINGSTONE,11,11,345,297,1698705.73
April 2022,LOCKYER VALLEY,11,11,208,199,1213571.22
April 2022,LOGAN,35,31,2176,1948,17489944.31
April 2022,LONGREACH,5,4,96,76,
April 2022,MACKAY,38,36,1672,1576,8428401.95
April 2022,MARANOA,8,8,178,144,612516.86
April 2022,MAREEBA,5,5,188,156,
April 2022,MCKINLAY,1,1,17,10,
April 2022,MORETON BAY,62,60,3554,3256,22369971.93
April 2022,MOUNT ISA,6,6,398,381,2467113.78
April 2022,MURWEH,3,3,53,53,
April 2022,NOOSA,13,13,522,503,2273910.72
April 2022,NORTH BURNETT,8,8,83,83,325366.7
April 2022,PAROO,1,1,25,25,
April 2022,QUILPIE,1,1,6,6,
April 2022,REDLAND,27,25,1311,1166,6951745.99
April 2022,RICHMOND,1,1,8,8,
April 2022,ROCKHAMPTON,30,26,1017,851,5466490.95
April 2022,SCENIC RIM,15,14,261,185,802063.61
April 2022,SOMERSET,9,6,116,82,579346.03
April 2022,SOUTH BURNETT,13,13,312,304,1455137.54
April 2022,SOUTHERN DOWNS,14,13,395,321,1400928.92
April 2022,SUNSHINE COAST,70,68,3288,2836,15757287.77
April 2022,TABLELANDS,5,4,156,136,
April 2022,TOOWOOMBA,48,47,1697,1458,7487253.32
April 2022,TORRES,5,5,140,97,
April 2022,TOWNSVILLE,44,40,2116,1621,9872604.51
April 2022,WEIPA,3,3,87,79,
April 2022,WESTERN DOWNS,21,20,371,327,1490529.84
April 2022,WHITSUNDAY,15,15,473,413,2553036.14
April 2022,WINTON,3,3,17,15,
May 2022,BALONNE,4,4,78,65,
May 2022,BANANA,7,7,135,135,622443.67
May 2022,BARCALDINE,3,2,22,14,
May 2022,BLACKALL TAMBO,2,2,18,18,
May 2022,BRISBANE,166,159,8749,7692,56195221.86
May 2022,BUNDABERG,34,32,1404,1051,6338206.25
May 2022,BURDEKIN,7,7,215,197,799630.16
May 2022,CAIRNS,40,38,1914,1761,11330944.62
May 2022,CARPENTARIA,3,3,48,48,
May 2022,CASSOWARY COAST,14,14,374,372,1601862.52
May 2022,CENTRAL HIGHLANDS,15,15,373,358,1745927.92
May 2022,CHARTERS TOWERS,8,8,144,130,553801.57
May 2022,CLONCURRY,4,4,69,63,
May 2022,COOK,3,3,54,48,
May 2022,DOUGLAS,8,8,186,177,975317.62
May 2022,FLINDERS,2,2,28,28,
May 2022,FRASER COAST,32,32,1228,1180,6959706.22
May 2022,GLADSTONE,22,21,592,566,3112279.07
May 2022,GOLD COAST,126,121,5855,5335,36513108.59
May 2022,GOONDIWINDI,10,9,158,153,708729.23
May 2022,GYMPIE,20,19,446,418,2283753.66
May 2022,HINCHINBROOK,8,7,107,89,415671.99
May 2022,IPSWICH,31,30,1740,1430,10028051.37
May 2022,ISAAC,14,12,299,272,1282238.75
May 2022,LIVINGSTONE,11,11,345,297,1738815.23
May 2022,LOCKYER VALLEY,11,11,208,199,1324954.56
May 2022,LOGAN,35,31,2176,1947,17771638.99
May 2022,LONGREACH,5,4,96,76,
May 2022,MACKAY,38,35,1665,1571,8571134.89
May 2022,MARANOA,8,8,178,144,597674.64
May 2022,MAREEBA,5,5,188,156,
May 2022,MCKINLAY,1,1,17,10,
May 2022,MORETON BAY,62,60,3554,3189,23676676.11
May 2022,MOUNT ISA,6,6,398,385,2597536.43
May 2022,MURWEH,3,3,53,53,
May 2022,NOOSA,13,13,522,503,2401532.58
May 2022,NORTH BURNETT,8,8,83,83,314894.56
May 2022,PAROO,1,1,25,25,
May 2022,QUILPIE,1,1,6,6,
May 2022,REDLAND,27,25,1311,1166,6970669.33
May 2022,RICHMOND,1,1,8,8,
May 2022,ROCKHAMPTON,30,26,1021,851,5927792.42
May 2022,SCENIC RIM,15,14,261,185,937567.22
May 2022,SOMERSET,9,6,116,82,507392.76
May 2022,SOUTH BURNETT,13,13,312,304,1553766.58
May 2022,SOUTHERN DOWNS,14,13,395,321,1387319.93
May 2022,SUNSHINE COAST,70,68,3288,2839,16098993.09
May 2022,TABLELANDS,5,4,153,133,
May 2022,TOOWOOMBA,48,47,1697,1458,7637509.33
May 2022,TORRES,5,5,140,97,
May 2022,TOWNSVILLE,45,40,2126,1622,10048472.12
May 2022,WEIPA,3,3,87,79,
May 2022,WESTERN DOWNS,21,20,371,327,1717382.15
May 2022,WHITSUNDAY,15,15,473,403,2662107.64
May 2022,WINTON,3,3,17,15,
June 2022,BALONNE,4,4,78,65,
June 2022,BANANA,7,7,135,135,654627.65
June 2022,BARCALDINE,3,2,22,14,
June 2022,BLACKALL TAMBO,2,2,18,18,
June 2022,BRISBANE,166,159,8749,7680,53819475.88
June 2022,BUNDABERG,34,32,1404,1093,5983713.69
June 2022,BURDEKIN,7,7,215,197,815797.17
June 2022,CAIRNS,40,38,1914,1762,11314252.17
June 2022,CARPENTARIA,3,3,48,48,
June 2022,CASSOWARY COAST,14,14,374,372,1577787.54
June 2022,CENTRAL HIGHLANDS,15,15,373,358,1821057.85
June 2022,CHARTERS TOWERS,8,7,144,125,538361.96
June 2022,CLONCURRY,4,4,69,63,
June 2022,COOK,3,3,54,48,
June 2022,DOUGLAS,8,8,186,177,958181.39
June 2022,FLINDERS,2,2,28,28,
June 2022,FRASER COAST,32,31,1228,1157,6810472.84
June 2022,GLADSTONE,22,21,592,567,2859726.25
June 2022,GOLD COAST,126,121,5855,5289,36069598.04
June 2022,GOONDIWINDI,10,9,158,153,624645.12
June 2022,GYMPIE,20,19,446,421,2063224.98
June 2022,HINCHINBROOK,8,7,107,89,380858.02
June 2022,IPSWICH,31,30,1740,1432,9955816.71
June 2022,ISAAC,14,12,299,270,1387214.83
June 2022,LIVINGSTONE,11,11,345,297,1534414.15
June 2022,LOCKYER VALLEY,11,11,208,199,1340590.07
June 2022,LOGAN,35,31,2176,1948,16855767.15
June 2022,LONGREACH,5,4,96,76,
June 2022,MACKAY,38,35,1665,1573,8547762.89
June 2022,MARANOA,8,8,178,144,538968.92
June 2022,MAREEBA,5,5,188,156,
June 2022,MCKINLAY,1,1,17,10,
June 2022,MORETON BAY,62,60,3554,3291,21779383.9
June 2022,MOUNT ISA,6,6,398,381,2577067.89
June 2022,MURWEH,3,3,53,53,
June 2022,NOOSA,13,13,522,503,2390981.68
June 2022,NORTH BURNETT,8,8,83,83,342957.24
June 2022,PAROO,1,1,25,25,
June 2022,QUILPIE,1,1,6,6,
June 2022,REDLAND,27,25,1311,1166,6835045.62
June 2022,RICHMOND,1,1,8,8,
June 2022,ROCKHAMPTON,30,26,1021,855,5683114.72
June 2022,SCENIC RIM,15,14,261,190,938115.53
June 2022,SOMERSET,9,6,116,82,439561.48
June 2022,SOUTH BURNETT,13,13,312,304,1357158.24
June 2022,SOUTHERN DOWNS,14,13,395,321,1210115.87
June 2022,SUNSHINE COAST,70,68,3300,2836,15586482.09
June 2022,TABLELANDS,5,4,153,133,
June 2022,TOOWOOMBA,48,47,1697,1458,7400447.24
June 2022,TORRES,5,5,140,97,
June 2022,TOWNSVILLE,46,40,2171,1624,10495110.83
June 2022,WEIPA,3,3,87,79,
June 2022,WESTERN DOWNS,21,20,371,327,1667676.66
June 2022,WHITSUNDAY,15,15,473,411,2848085.37
June 2022,WINTON,3,3,17,15,
July 2022,BALONNE,4,4,78,65,
July 2022,BANANA,7,7,135,135,747491.58
July 2022,BARCALDINE,3,2,22,14,
July 2022,BLACKALL TAMBO,2,2,18,18,
July 2022,BRISBANE,166,159,8749,7672,63730822.07
July 2022,BUNDABERG,34,32,1404,1088,7206575.19
July 2022,BURDEKIN,7,7,215,197,1039326.97
July 2022,CAIRNS,40,38,1914,1769,14319345.54
July 2022,CARPENTARIA,3,3,48,48,
July 2022,CASSOWARY COAST,14,14,374,372,2005621.84
July 2022,CENTRAL HIGHLANDS,15,15,373,358,2233361.15
July 2022,CHARTERS TOWERS,8,7,144,125,763402.4
July 2022,CLONCURRY,4,4,69,63,
July 2022,COOK,3,3,54,48,
July 2022,DOUGLAS,8,8,186,177,1169202.3
July 2022,FLINDERS,2,2,28,28,
July 2022,FRASER COAST,31,31,1228,1157,8028453.27
July 2022,GLADSTONE,22,21,592,567,3605740.83
July 2022,GOLD COAST,126,121,5855,5317,40047530.31
July 2022,GOONDIWINDI,10,9,158,153,754743.9
July 2022,GYMPIE,20,19,446,418,2398691.8
July 2022,HINCHINBROOK,8,7,107,89,507285.97
July 2022,IPSWICH,31,30,1740,1431,12367162.98
July 2022,ISAAC,14,12,299,270,1500319.22
July 2022,LIVINGSTONE,11,11,345,297,1845932.36
July 2022,LOCKYER VALLEY,11,11,208,199,1657749.82
July 2022,LOGAN,35,31,2176,1947,21546457.16
July 2022,LONGREACH,5,4,96,76,
July 2022,MACKAY,38,35,1672,1572,9593978.66
July 2022,MARANOA,8,8,178,144,783643.43
July 2022,MAREEBA,5,5,188,156,
July 2022,MCKINLAY,1,1,17,10,
July 2022,MORETON BAY,62,59,3554,3244,26889908.71
July 2022,MOUNT ISA,6,6,398,381,3535889.23
July 2022,MURWEH,3,3,53,52,
July 2022,NOOSA,13,12,522,479,2692725.52
July 2022,NORTH BURNETT,8,8,83,83,414079.41
July 2022,PAROO,1,1,25,25,
July 2022,QUILPIE,1,1,6,6,
July 2022,REDLAND,27,25,1311,1165,7719844.03
July 2022,RICHMOND,1,1,8,8,
July 2022,ROCKHAMPTON,31,26,1066,855,6710206.85
July 2022,SCENIC RIM,15,14,261,190,988032.2
July 2022,SOMERSET,9,6,116,82,675510.5
July 2022,SOUTH BURNETT,13,13,312,304,1810380.09
July 2022,SOUTHERN DOWNS,14,13,395,321,1383383.67
July 2022,SUNSHINE COAST,70,68,3300,2833,17964206.03
July 2022,TABLELANDS,5,4,153,133,
July 2022,TOOWOOMBA,48,47,1697,1458,8729918.04
July 2022,TORRES,5,5,140,97,
July 2022,TOWNSVILLE,46,39,2171,1617,12447821.22
July 2022,WEIPA,3,3,87,79,
July 2022,WESTERN DOWNS,21,20,371,327,1955605.05
July 2022,WHITSUNDAY,15,15,473,411,3323463.16
July 2022,WINTON,3,3,17,15,
August 2022,BALONNE,4,4,78,65,
August 2022,BANANA,7,7,135,135,685763.71
August 2022,BARCALDINE,3,2,22,14,
August 2022,BLACKALL TAMBO,2,2,18,18,
August 2022,BRISBANE,166,159,8711,7662,61426347.58
August 2022,BUNDABERG,34,32,1404,1088,7075727.32
August 2022,BURDEKIN,7,7,215,197,987149.37
August 2022,CAIRNS,40,38,1914,1774,13327185.94
August 2022,CARPENTARIA,3,3,48,48,
August 2022,CASSOWARY COAST,14,14,374,372,1834310.24
August 2022,CENTRAL HIGHLANDS,15,15,373,358,2167152.53
August 2022,CHARTERS TOWERS,8,7,144,125,742608.38
August 2022,CLONCURRY,4,4,69,63,
August 2022,COOK,3,3,54,48,
August 2022,DOUGLAS,8,8,186,177,1042369.14
August 2022,FLINDERS,2,2,28,28,
August 2022,FRASER COAST,31,31,1228,1157,7610564.64
August 2022,GLADSTONE,22,20,592,527,3623218.05
August 2022,GOLD COAST,126,121,5855,5300,41111927.25
August 2022,GOONDIWINDI,10,9,158,153,764523.64
August 2022,GYMPIE,20,20,446,438,2489611.54
August 2022,HINCHINBROOK,8,7,132,89,517880.23
August 2022,IPSWICH,31,30,1740,1432,11859647.38
August 2022,ISAAC,14,13,299,278,1562035.25
August 2022,LIVINGSTONE,11,11,345,297,1999537.91
August 2022,LOCKYER VALLEY,11,11,208,199,1580195.48
August 2022,LOGAN,35,31,2176,1948,20969663.8
August 2022,LONGREACH,5,4,96,76,
August 2022,MACKAY,38,34,1672,1552,9906261.81
August 2022,MARANOA,8,8,178,144,749529.12
August 2022,MAREEBA,5,5,188,156,
August 2022,MCKINLAY,1,1,17,10,
August 2022,MORETON BAY,63,59,3599,3247,26354417.06
August 2022,MOUNT ISA,6,6,398,382,3195428.42
August 2022,MURWEH,3,3,53,53,
August 2022,NOOSA,13,12,522,479,2803792.4
August 2022,NORTH BURNETT,8,7,83,76,393079.12
August 2022,PAROO,1,1,25,25,
August 2022,QUILPIE,1,1,6,6,
August 2022,REDLAND,27,25,1311,1129,7579437.53
August 2022,RICHMOND,1,1,8,8,
August 2022,ROCKHAMPTON,31,26,1066,855,6717974.35
August 2022,SCENIC RIM,15,14,261,190,960800.75
August 2022,SOMERSET,9,6,116,82,779258.25
August 2022,SOUTH BURNETT,13,12,312,301,1653424.32
August 2022,SOUTHERN DOWNS,14,13,395,321,1525523.98
August 2022,SUNSHINE COAST,70,68,3300,2834,18296564.76
August 2022,TABLELANDS,5,4,153,133,
August 2022,TOOWOOMBA,48,47,1697,1457,8877665.58
August 2022,TORRES,5,5,140,97,
August 2022,TOWNSVILLE,46,39,2171,1617,12202857.58
August 2022,WEIPA,3,3,87,79,
August 2022,WESTERN DOWNS,21,20,371,329,1979522.46
August 2022,WHITSUNDAY,15,15,473,413,3163909.32
August 2022,WINTON,3,3,17,15,
September 2022,BALONNE,4,4,78,65,
September 2022,BANANA,7,7,135,135,665712.33
September 2022,BARCALDINE,3,2,22,14,
September 2022,BLACKALL TAMBO,2,2,18,18,
September 2022,BRISBANE,166,158,8691,7615,60051762.86
September 2022,BUNDABERG,34,32,1404,1092,6738856.5
September 2022,BURDEKIN,7,7,215,197,989201.9
September 2022,CAIRNS,40,38,1914,1771,12268274.07
September 2022,CARPENTARIA,3,3,48,48,
September 2022,CASSOWARY COAST,14,14,374,372,1762091.49
September 2022,CENTRAL HIGHLANDS,15,15,373,358,2097403.19
September 2022,CHARTERS TOWERS,8,7,144,125,627472.93
September 2022,CLONCURRY,4,4,69,63,
September 2022,COOK,3,3,54,48,
September 2022,DOUGLAS,8,8,186,178,908347.13
September 2022,FLINDERS,2,2,28,28,
September 2022,FRASER COAST,31,31,1228,1160,7428375.95
September 2022,GLADSTONE,22,20,592,527,3299573.54
September 2022,GOLD COAST,125,121,5816,5300,37597443.67
September 2022,GOONDIWINDI,10,9,158,153,619431.26
September 2022,GYMPIE,20,19,446,437,2488167.85
September 2022,HINCHINBROOK,8,7,132,89,533178.91
September 2022,IPSWICH,31,30,1740,1431,11121490.67
September 2022,ISAAC,13,13,278,278,1581378.59
September 2022,LIVINGSTONE,11,11,345,297,1933023.27
September 2022,LOCKYER VALLEY,11,11,208,199,1679769.08
September 2022,LOGAN,35,31,2176,1948,19180381.51
September 2022,LONGREACH,5,4,96,76,
September 2022,MACKAY,38,34,1651,1550,9319123.69
September 2022,MARANOA,8,8,178,144,720495.52
September 2022,MAREEBA,5,5,188,159,
September 2022,MCKINLAY,1,1,17,10,
September 2022,MORETON BAY,63,59,3599,3252,25677101.81
September 2022,MOUNT ISA,6,6,398,380,2974250.23
September 2022,MURWEH,3,3,53,53,
September 2022,NOOSA,13,13,522,503,2478983.56
September 2022,NORTH BURNETT,8,7,83,76,344229.96
September 2022,PAROO,1,1,25,25,
September 2022,QUILPIE,1,1,6,6,
September 2022,REDLAND,27,26,1311,1152,7621964.43
September 2022,RICHMOND,1,1,8,8,
September 2022,ROCKHAMPTON,31,26,1066,855,6151391.68
September 2022,SCENIC RIM,15,14,261,190,878881.95
September 2022,SOMERSET,9,6,116,82,610162.89
September 2022,SOUTH BURNETT,13,12,309,301,1560571.03
September 2022,SOUTHERN DOWNS,14,13,395,321,1501260.63
September 2022,SUNSHINE COAST,70,68,3300,2833,17581091.62
September 2022,TABLELANDS,5,4,153,133,
September 2022,TOOWOOMBA,48,47,1697,1480,8354482.66
September 2022,TORRES,5,5,140,97,
September 2022,TOWNSVILLE,46,39,2171,1617,11305897.99
September 2022,WEIPA,3,3,87,79,
September 2022,WESTERN DOWNS,21,20,371,327,1901259.07
September 2022,WHITSUNDAY,15,15,473,409,3023048.94
September 2022,WINTON,3,3,17,15,
October 2022,BALONNE,4,4,78,65,
October 2022,BANANA,7,7,135,135,661602.74
October 2022,BARCALDINE,3,2,22,14,
October 2022,BLACKALL TAMBO,2,2,18,18,
October 2022,BRISBANE,165,157,8667,7620,59687211.38
October 2022,BUNDABERG,34,32,1404,1091,7155473.73
October 2022,BURDEKIN,7,7,215,197,1007021.61
October 2022,CAIRNS,40,38,1892,1771,12245272.55
October 2022,CARPENTARIA,3,3,48,48,
October 2022,CASSOWARY COAST,14,14,374,372,1725978.76
October 2022,CENTRAL HIGHLANDS,15,15,365,350,1923983.85
October 2022,CHARTERS TOWERS,8,7,144,128,613369.52
October 2022,CLONCURRY,4,4,69,63,
October 2022,COOK,3,3,54,48,
October 2022,DOUGLAS,8,8,186,178,1036098.2
October 2022,FLINDERS,2,2,28,28,
October 2022,FRASER COAST,31,31,1228,1160,7540216.87
October 2022,GLADSTONE,22,20,592,527,3220088.95
October 2022,GOLD COAST,125,121,5811,5296,38839195.15
October 2022,GOONDIWINDI,10,9,158,153,641704.89
October 2022,GYMPIE,20,19,434,437,2556355.8
October 2022,HINCHINBROOK,8,7,132,89,507550.67
October 2022,IPSWICH,31,30,1740,1420,10820149.01
October 2022,ISAAC,13,13,278,278,1409182.24
October 2022,LIVINGSTONE,11,11,345,297,1744683.02
October 2022,LOCKYER VALLEY,11,10,204,194,1632508.85
October 2022,LOGAN,35,31,2176,1948,19070657.64
October 2022,LONGREACH,5,4,96,76,
October 2022,MACKAY,37,34,1651,1554,9226712.79
October 2022,MARANOA,8,8,178,144,653986.36
October 2022,MAREEBA,5,5,188,156,
October 2022,MCKINLAY,1,1,17,10,
October 2022,MORETON BAY,63,59,3584,3237,25279129.17
October 2022,MOUNT ISA,6,6,398,381,2945764.28
October 2022,MURWEH,3,3,53,53,
October 2022,NOOSA,13,13,522,503,2674094.73
October 2022,NORTH BURNETT,8,6,65,58,289995.83
October 2022,PAROO,1,1,25,25,
October 2022,QUILPIE,1,1,6,6,
October 2022,REDLAND,27,26,1311,1142,7507099.56
October 2022,RICHMOND,1,1,8,8,
October 2022,ROCKHAMPTON,31,26,1066,856,6204285.43
October 2022,SCENIC RIM,15,14,261,190,1010052.2
October 2022,SOMERSET,9,6,116,82,677010.73
October 2022,SOUTH BURNETT,13,12,309,301,1685958.68
October 2022,SOUTHERN DOWNS,14,13,395,321,1371304.15
October 2022,SUNSHINE COAST,70,68,3305,2833,17766976
October 2022,TABLELANDS,5,4,153,133,
October 2022,TOOWOOMBA,48,47,1697,1470,8069462.43
October 2022,TORRES,5,5,140,97,
October 2022,TOWNSVILLE,45,39,2166,1616,10770317.84
October 2022,WEIPA,3,3,87,79,
October 2022,WESTERN DOWNS,21,20,371,327,2090780.27
October 2022,WHITSUNDAY,15,15,473,411,2984507.29
October 2022,WINTON,3,3,17,15,
November 2022,BALONNE,4,4,78,65,
November 2022,BANANA,7,7,135,135,581500.62
November 2022,BARCALDINE,3,2,22,14,
November 2022,BLACKALL TAMBO,2,2,18,18,
November 2022,BRISBANE,164,158,8667,7645,56715606.06
November 2022,BUNDABERG,34,32,1404,1089,6572612.02
November 2022,BURDEKIN,7,7,215,197,748204.07
November 2022,CAIRNS,39,37,1892,1774,11354062.59
November 2022,CARPENTARIA,3,3,48,48,
November 2022,CASSOWARY COAST,14,14,374,372,1765491.24
November 2022,CENTRAL HIGHLANDS,15,15,365,350,1922336.43
November 2022,CHARTERS TOWERS,8,7,144,129,591188.64
November 2022,CLONCURRY,4,4,69,63,
November 2022,COOK,3,3,54,48,
November 2022,DOUGLAS,8,8,186,178,828448.82
November 2022,FLINDERS,2,2,28,28,
November 2022,FRASER COAST,31,31,1228,1157,6916876.17
November 2022,GLADSTONE,22,20,592,527,2962899.38
November 2022,GOLD COAST,125,120,5811,5261,36274325.58
November 2022,GOONDIWINDI,10,9,158,153,616168.44
November 2022,GYMPIE,20,19,434,437,2258715.18
November 2022,HINCHINBROOK,8,7,132,89,500538.05
November 2022,IPSWICH,31,30,1740,1429,10041920.66
November 2022,ISAAC,13,13,278,278,1458218.03
November 2022,LIVINGSTONE,11,11,345,300,1578326.32
November 2022,LOCKYER VALLEY,10,10,204,195,1513860.87
November 2022,LOGAN,35,31,2176,1949,18274057.09
November 2022,LONGREACH,5,4,96,76,
November 2022,MACKAY,37,34,1651,1560,8638983.11
November 2022,MARANOA,8,8,178,144,659067.31
November 2022,MAREEBA,5,5,188,156,
November 2022,MCKINLAY,1,1,17,10,
November 2022,MORETON BAY,63,59,3584,3239,23942537.16
November 2022,MOUNT ISA,6,6,398,381,2656890.59
November 2022,MURWEH,3,3,53,53,
November 2022,NOOSA,13,13,522,505,2501900.45
November 2022,NORTH BURNETT,7,6,64,57,304329.63
November 2022,PAROO,1,1,25,25,
November 2022,QUILPIE,1,1,6,6,
November 2022,REDLAND,27,26,1311,1143,7004901.13
November 2022,RICHMOND,1,1,8,8,
November 2022,ROCKHAMPTON,31,26,1066,856,5919924.8
November 2022,SCENIC RIM,15,14,261,190,987764.62
November 2022,SOMERSET,9,6,116,82,641045.91
November 2022,SOUTH BURNETT,13,12,309,301,1566397.81
November 2022,SOUTHERN DOWNS,14,13,395,321,1335123.44
November 2022,SUNSHINE COAST,70,68,3305,2837,16551090.52
November 2022,TABLELANDS,5,4,153,133,
November 2022,TOOWOOMBA,48,47,1697,1475,7794119.53
November 2022,TORRES,5,5,140,97,
November 2022,TOWNSVILLE,45,39,2166,1615,10759372.69
November 2022,WEIPA,3,3,87,79,
November 2022,WESTERN DOWNS,21,20,371,327,1829672.33
November 2022,WHITSUNDAY,15,15,473,426,2874877.08
November 2022,WINTON,3,3,17,15,
December 2022,BALONNE,4,4,78,65,
December 2022,BANANA,7,7,135,135,573997.24
December 2022,BARCALDINE,3,2,22,14,
December 2022,BLACKALL TAMBO,2,2,18,18,
December 2022,BRISBANE,164,158,8667,7648,61103362.89
December 2022,BUNDABERG,34,32,1411,1092,6429554.89
December 2022,BURDEKIN,7,7,215,197,943391.31
December 2022,CAIRNS,39,37,1897,1767,12120252.91
December 2022,CARPENTARIA,3,3,48,48,
December 2022,CASSOWARY COAST,14,14,374,372,1793445.28
December 2022,CENTRAL HIGHLANDS,15,15,365,350,1868302.95
December 2022,CHARTERS TOWERS,8,7,144,131,574912.18
December 2022,CLONCURRY,4,4,69,63,
December 2022,COOK,3,3,54,48,
December 2022,DOUGLAS,8,8,186,178,832334.83
December 2022,FLINDERS,2,2,28,28,
December 2022,FRASER COAST,31,31,1228,1157,7628490.24
December 2022,GLADSTONE,22,20,592,527,3366152.9
December 2022,GOLD COAST,125,121,5811,5298,38984090.22
December 2022,GOONDIWINDI,10,9,158,153,787761.65
December 2022,GYMPIE,20,19,432,437,2397136.24
December 2022,HINCHINBROOK,8,7,132,89,524727.35
December 2022,IPSWICH,30,30,1740,1491,11563597.85
December 2022,ISAAC,13,13,278,278,1344874.53
December 2022,LIVINGSTONE,11,11,345,297,1824768.77
December 2022,LOCKYER VALLEY,10,10,204,195,1403885.82
December 2022,LOGAN,35,31,2176,1948,19848162.68
December 2022,LONGREACH,4,4,91,76,
December 2022,MACKAY,37,34,1651,1555,9534649.11
December 2022,MARANOA,8,8,178,144,587537.55
December 2022,MAREEBA,5,5,188,156,
December 2022,MCKINLAY,1,1,17,10,
December 2022,MORETON BAY,63,59,3584,3237,26205632.5
December 2022,MOUNT ISA,6,6,398,379,2719035.65
December 2022,MURWEH,3,3,53,53,
December 2022,NOOSA,13,13,522,505,2647418.18
December 2022,NORTH BURNETT,7,6,64,57,318744.98
December 2022,PAROO,1,1,25,25,
December 2022,QUILPIE,1,1,6,6,
December 2022,REDLAND,27,26,1311,1144,7774536.26
December 2022,RICHMOND,1,1,8,8,
December 2022,ROCKHAMPTON,31,26,1066,856,6267515.75
December 2022,SCENIC RIM,15,14,261,190,1051106.87
December 2022,SOMERSET,9,6,116,82,653105.52
December 2022,SOUTH BURNETT,13,12,309,301,1596763.2
December 2022,SOUTHERN DOWNS,14,13,395,321,1515130.18
December 2022,SUNSHINE COAST,70,68,3305,2833,17898171.02
December 2022,TABLELANDS,5,4,153,133,
December 2022,TOOWOOMBA,48,47,1702,1459,8036800.59
December 2022,TORRES,5,5,140,97,
December 2022,TOWNSVILLE,45,39,2166,1617,11516825.87
December 2022,WEIPA,3,3,87,79,
December 2022,WESTERN DOWNS,21,20,379,327,1760444.11
December 2022,WHITSUNDAY,15,15,473,427,2850832.92
December 2022,WINTON,3,3,17,15,
January 2023,BALONNE,4,4,78,65,
January 2023,BANANA,7,7,135,139,561771.98
January 2023,BARCALDINE,3,2,22,14,
January 2023,BLACKALL TAMBO,2,2,18,18,
January 2023,BRISBANE,164,158,8667,7648,55440603.86
January 2023,BUNDABERG,34,32,1411,1094,6008586
January 2023,BURDEKIN,7,7,215,197,853339.63
January 2023,CAIRNS,39,37,1897,1767,10852342.24
January 2023,CARPENTARIA,3,3,48,48,
January 2023,CASSOWARY COAST,14,14,374,372,1610413.55
January 2023,CENTRAL HIGHLANDS,15,15,365,350,1855485.66
January 2023,CHARTERS TOWERS,8,7,144,131,569167.86
January 2023,CLONCURRY,4,4,69,63,
January 2023,COOK,3,3,54,48,
January 2023,DOUGLAS,8,8,186,178,802907.95
January 2023,FLINDERS,2,2,28,28,
January 2023,FRASER COAST,31,31,1228,1157,7342888.16
January 2023,GLADSTONE,22,20,592,527,2850370.08
January 2023,GOLD COAST,125,121,5811,5190,36941105.34
January 2023,GOONDIWINDI,10,9,158,153,562710.79
January 2023,GYMPIE,20,19,432,437,2210421.12
January 2023,HINCHINBROOK,8,7,132,89,407153.23
January 2023,IPSWICH,30,30,1740,1491,10161756.58
January 2023,ISAAC,13,13,278,278,1304584.64
January 2023,LIVINGSTONE,11,11,345,297,1731023.55
January 2023,LOCKYER VALLEY,10,10,204,195,1467977.89
January 2023,LOGAN,35,31,2176,1948,17343174.76
January 2023,LONGREACH,4,4,91,76,
January 2023,MACKAY,37,34,1651,1555,8898466
January 2023,MARANOA,8,8,178,144,599572.16
January 2023,MAREEBA,5,5,188,156,
January 2023,MCKINLAY,1,1,17,10,
January 2023,MORETON BAY,63,59,3578,3236,23601572.61
January 2023,MOUNT ISA,6,6,398,381,2495738.86
January 2023,MURWEH,3,3,53,53,
January 2023,NOOSA,13,13,522,509,2466789.33
January 2023,NORTH BURNETT,7,6,64,57,327029.59
January 2023,PAROO,1,1,25,25,
January 2023,QUILPIE,1,1,6,6,
January 2023,REDLAND,27,26,1311,1144,7190792.39
January 2023,RICHMOND,1,1,8,8,
January 2023,ROCKHAMPTON,31,26,1066,856,5515623.83
January 2023,SCENIC RIM,15,14,261,190,974668.05
January 2023,SOMERSET,9,6,116,82,539341.55
January 2023,SOUTH BURNETT,13,12,309,301,1422067.61
January 2023,SOUTHERN DOWNS,14,13,395,321,1406671.23
January 2023,SUNSHINE COAST,70,68,3305,2811,16263156.64
January 2023,TABLELANDS,5,4,153,133,
January 2023,TOOWOOMBA,48,47,1711,1461,7301126.86
January 2023,TORRES,5,5,140,97,
January 2023,TOWNSVILLE,45,39,2166,1617,10254156.24
January 2023,WEIPA,3,3,87,79,
January 2023,WESTERN DOWNS,21,20,379,327,1467132.59
January 2023,WHITSUNDAY,15,15,473,426,2576818.78
January 2023,WINTON,3,3,17,15,
February 2023,BALONNE,4,4,78,65,
February 2023,BANANA,7,7,135,135,640678.72
February 2023,BARCALDINE,3,2,22,14,
February 2023,BLACKALL TAMBO,2,2,18,18,
February 2023,BRISBANE,164,158,8667,7644,50732081.73
February 2023,BUNDABERG,34,32,1411,1100,5447120.29
February 2023,BURDEKIN,7,7,215,197,692073.31
February 2023,CAIRNS,38,37,1882,1767,10002394.15
February 2023,CARPENTARIA,3,3,48,48,
February 2023,CASSOWARY COAST,14,14,374,372,1696939.24
February 2023,CENTRAL HIGHLANDS,15,15,365,350,1712113.73
February 2023,CHARTERS TOWERS,8,7,144,131,501873.5
February 2023,CLONCURRY,4,4,69,63,
February 2023,COOK,3,3,54,48,
February 2023,DOUGLAS,8,8,186,178,552860.51
February 2023,FLINDERS,2,2,28,28,
February 2023,FRASER COAST,31,31,1228,1163,6398241.39
February 2023,GLADSTONE,22,21,592,567,2716203.65
February 2023,GOLD COAST,125,121,5806,5189,32429105.68
February 2023,GOONDIWINDI,10,9,158,153,604427.21
February 2023,GYMPIE,19,18,426,431,2125760.67
February 2023,HINCHINBROOK,8,7,132,89,392936.65
February 2023,IPSWICH,30,30,1738,1491,9528137.99
February 2023,ISAAC,13,13,278,278,1111290.08
February 2023,LIVINGSTONE,11,11,345,297,1504299.77
February 2023,LOCKYER VALLEY,10,10,204,196,1325516.02
February 2023,LOGAN,35,31,2176,1958,16170985.47
February 2023,LONGREACH,4,4,91,76,
February 2023,MACKAY,37,34,1641,1545,8088011.51
February 2023,MARANOA,8,8,178,144,548070.43
February 2023,MAREEBA,5,5,188,156,
February 2023,MCKINLAY,1,1,17,10,
February 2023,MORETON BAY,62,58,3578,3231,21340921.26
February 2023,MOUNT ISA,6,6,398,381,2327236.6
February 2023,MURWEH,3,3,53,53,
February 2023,NOOSA,13,13,522,505,2235353.03
February 2023,NORTH BURNETT,7,6,64,57,224687.99
February 2023,PAROO,1,1,25,25,
February 2023,QUILPIE,1,1,6,6,
February 2023,REDLAND,27,26,1311,1144,6465550.71
February 2023,RICHMOND,1,1,8,8,
February 2023,ROCKHAMPTON,31,26,1054,851,4898557.91
February 2023,SCENIC RIM,15,13,257,196,946438.03
February 2023,SOMERSET,9,6,113,82,566735.89
February 2023,SOUTH BURNETT,12,12,309,301,1454816.51
February 2023,SOUTHERN DOWNS,14,13,395,316,1311704.87
February 2023,SUNSHINE COAST,70,69,3275,3019,14226570.02
February 2023,TABLELANDS,5,4,153,133,
February 2023,TOOWOOMBA,48,47,1711,1462,6582112.21
February 2023,TORRES,5,5,140,97,
February 2023,TOWNSVILLE,45,40,2166,1647,9552688.22
February 2023,WEIPA,3,3,87,79,
February 2023,WESTERN DOWNS,21,20,379,327,1443983.28
February 2023,WHITSUNDAY,15,15,473,427,2176593.09
February 2023,WINTON,3,3,17,15,
March 2023,BALONNE,4,4,78,65,
March 2023,BANANA,7,7,135,135,678273.01
March 2023,BARCALDINE,3,2,14,14,
March 2023,BLACKALL TAMBO,2,2,18,18,
March 2023,BRISBANE,164,157,8653,7633,57768446.99
March 2023,BUNDABERG,34,32,1411,1101,6011211.81
March 2023,BURDEKIN,7,7,215,197,792797.93
March 2023,CAIRNS,38,36,1882,1752,10952242.24
March 2023,CARPENTARIA,3,3,48,48,
March 2023,CASSOWARY COAST,14,14,378,372,1694418.88
March 2023,CENTRAL HIGHLANDS,15,15,365,350,1951570.17
March 2023,CHARTERS TOWERS,8,7,153,131,499943.65
March 2023,CLONCURRY,4,4,69,63,
March 2023,COOK,3,3,54,48,
March 2023,DOUGLAS,8,8,186,178,818907.85
March 2023,FLINDERS,2,2,28,28,
March 2023,FRASER COAST,31,31,1233,1163,7076994.5
March 2023,GLADSTONE,22,21,592,567,3066498.5
March 2023,GOLD COAST,125,122,5813,5206,36413174.63
March 2023,GOONDIWINDI,10,9,158,153,591247.35
March 2023,GYMPIE,18,17,426,408,2203885.88
March 2023,HINCHINBROOK,8,7,132,89,382781.61
March 2023,IPSWICH,31,30,1773,1491,10358135.88
March 2023,ISAAC,13,13,278,278,1380347.72
March 2023,LIVINGSTONE,11,11,345,297,1661352.99
March 2023,LOCKYER VALLEY,10,10,204,195,1409386.54
March 2023,LOGAN,35,31,2176,1949,18340304.67
March 2023,LONGREACH,4,4,91,76,
March 2023,MACKAY,37,34,1641,1546,8948525.14
March 2023,MARANOA,8,8,178,144,660605.14
March 2023,MAREEBA,5,5,188,156,
March 2023,MCKINLAY,1,1,17,10,
March 2023,MORETON BAY,62,58,3587,3231,23023808.43
March 2023,MOUNT ISA,6,6,398,371,2687729.08
March 2023,MURWEH,3,3,53,53,
March 2023,NOOSA,13,13,522,505,2357895.78
March 2023,NORTH BURNETT,7,6,64,57,324611.63
March 2023,PAROO,1,1,25,25,
March 2023,QUILPIE,1,1,6,6,
March 2023,REDLAND,27,26,1311,1146,7193929.09
March 2023,RICHMOND,1,1,8,8,
March 2023,ROCKHAMPTON,30,26,1054,852,5645236.49
March 2023,SCENIC RIM,14,13,257,196,991555.64
March 2023,SOMERSET,8,6,113,82,608534.47
March 2023,SOUTH BURNETT,12,12,309,301,1519526.56
March 2023,SOUTHERN DOWNS,14,13,395,316,1442341.67
March 2023,SUNSHINE COAST,69,68,3275,3012,16176242.38
March 2023,TABLELANDS,5,4,153,133,
March 2023,TOOWOOMBA,48,47,1711,1475,7723121.27
March 2023,TORRES,5,5,140,97,
March 2023,TOWNSVILLE,45,40,2166,1647,10271642.48
March 2023,WEIPA,3,3,87,79,
March 2023,WESTERN DOWNS,21,19,373,322,1652759.81
March 2023,WHITSUNDAY,15,15,482,427,2616612.94
March 2023,WINTON,3,3,17,15,
April 2023,BALONNE,4,4,78,65,
April 2023,BANANA,7,7,135,135,623414.5
April 2023,BARCALDINE,3,2,14,14,
April 2023,BLACKALL TAMBO,2,2,18,18,
April 2023,BRISBANE,163,156,8653,7613,54579802.91
April 2023,BUNDABERG,34,32,1411,1105,5804508.52
April 2023,BURDEKIN,7,7,215,197,775960.17
April 2023,CAIRNS,37,36,1882,1757,10921699.4
April 2023,CARPENTARIA,3,3,48,48,
April 2023,CASSOWARY COAST,14,14,378,372,1613351.69
April 2023,CENTRAL HIGHLANDS,15,15,365,350,1747472.36
April 2023,CHARTERS TOWERS,8,7,160,131,451157.25
April 2023,CLONCURRY,4,4,69,63,
April 2023,COOK,3,3,54,48,
April 2023,DOUGLAS,8,8,186,178,798861.44
April 2023,FLINDERS,2,2,28,28,
April 2023,FRASER COAST,31,31,1233,1163,6940677.98
April 2023,GLADSTONE,22,21,592,567,2868117.47
April 2023,GOLD COAST,125,122,5813,5301,34659441.13
April 2023,GOONDIWINDI,10,9,158,153,657577.73
April 2023,GYMPIE,17,17,426,408,2231510.38
April 2023,HINCHINBROOK,8,7,132,89,398419.58
April 2023,IPSWICH,31,30,1773,1491,9935621.48
April 2023,ISAAC,13,13,278,278,1195085.5
April 2023,LIVINGSTONE,11,11,345,297,1577345.32
April 2023,LOCKYER VALLEY,10,10,204,195,1381732.28
April 2023,LOGAN,35,31,2176,1948,17894510.42
April 2023,LONGREACH,4,4,91,76,
April 2023,MACKAY,37,34,1641,1545,8710610.13
April 2023,MARANOA,8,8,178,144,611649.49
April 2023,MAREEBA,5,5,188,156,
April 2023,MCKINLAY,1,1,17,10,
April 2023,MORETON BAY,62,58,3587,3231,23119854.99
April 2023,MOUNT ISA,6,6,398,381,2347156.68
April 2023,MURWEH,3,3,53,53,
April 2023,NOOSA,13,13,522,505,2173413.52
April 2023,NORTH BURNETT,7,6,64,57,298221.01
April 2023,PAROO,1,1,25,25,
April 2023,QUILPIE,1,1,6,6,
April 2023,REDLAND,27,26,1311,1146,7058133.53
April 2023,RICHMOND,1,1,8,8,
April 2023,ROCKHAMPTON,30,26,1054,854,5449391.61
April 2023,SCENIC RIM,14,13,257,196,955245
April 2023,SOMERSET,8,6,113,82,510529.75
April 2023,SOUTH BURNETT,12,12,309,301,1326830.22
April 2023,SOUTHERN DOWNS,14,13,395,316,1477759.43
April 2023,SUNSHINE COAST,69,68,3275,3012,16190857.13
April 2023,TABLELANDS,5,4,153,133,
April 2023,TOOWOOMBA,48,47,1716,1471,7726091.99
April 2023,TORRES,5,5,140,97,
April 2023,TOWNSVILLE,45,40,2166,1647,10245500.09
April 2023,WEIPA,3,3,87,79,
April 2023,WESTERN DOWNS,20,19,373,322,1688386.1
April 2023,WHITSUNDAY,15,15,482,424,2286332.53
April 2023,WINTON,3,3,17,15,
May 2023,BALONNE,4,4,78,65,
May 2023,BANANA,7,7,135,135,646965.48
May 2023,BARCALDINE,2,2,14,14,
May 2023,BLACKALL TAMBO,2,2,18,18,
May 2023,BRISBANE,163,156,8611,7503,55674897.46
May 2023,BUNDABERG,34,32,1404,1105,5829840.89
May 2023,BURDEKIN,7,7,215,197,829126.09
May 2023,CAIRNS,37,36,1879,1757,10972450.17
May 2023,CARPENTARIA,3,3,48,48,
May 2023,CASSOWARY COAST,14,14,378,372,1712136.42
May 2023,CENTRAL HIGHLANDS,15,15,365,350,1911545.2
May 2023,CHARTERS TOWERS,8,7,160,131,559592.48
May 2023,CLONCURRY,4,4,69,63,
May 2023,COOK,3,3,54,48,
May 2023,DOUGLAS,8,8,186,179,923900.53
May 2023,FLINDERS,2,2,28,28,
May 2023,FRASER COAST,31,31,1233,1162,6746118.65
May 2023,GLADSTONE,22,21,592,567,2966316.04
May 2023,GOLD COAST,126,122,5844,5301,35124763.83
May 2023,GOONDIWINDI,10,9,158,153,526320.24
May 2023,GYMPIE,17,17,426,413,2292743.79
May 2023,HINCHINBROOK,8,7,132,89,400788.22
May 2023,IPSWICH,31,30,1765,1491,10467288.53
May 2023,ISAAC,13,13,278,278,1450383.74
May 2023,LIVINGSTONE,11,11,345,305,1689529.06
May 2023,LOCKYER VALLEY,10,10,195,195,1407482.73
May 2023,LOGAN,35,31,2176,1948,17887486.69
May 2023,LONGREACH,4,4,91,76,
May 2023,MACKAY,37,34,1641,1546,8684218.54
May 2023,MARANOA,8,8,178,144,628975.87
May 2023,MAREEBA,5,5,188,156,
May 2023,MCKINLAY,1,1,17,10,
May 2023,MORETON BAY,62,58,3587,3239,23664934.71
May 2023,MOUNT ISA,6,6,398,381,2466784.93
May 2023,MURWEH,3,3,53,53,
May 2023,NOOSA,13,13,522,505,2215815.09
May 2023,NORTH BURNETT,7,6,64,57,390935.45
May 2023,PAROO,1,1,25,25,
May 2023,QUILPIE,1,1,6,6,
May 2023,REDLAND,27,26,1311,1147,6879142.42
May 2023,RICHMOND,1,1,8,8,
May 2023,ROCKHAMPTON,30,26,1054,854,5474686.71
May 2023,SCENIC RIM,14,13,257,196,980019
May 2023,SOMERSET,8,6,93,82,438767.58
May 2023,SOUTH BURNETT,12,12,309,301,1644028.7
May 2023,SOUTHERN DOWNS,14,13,395,316,1463378.65
May 2023,SUNSHINE COAST,69,67,3265,2923,15857428.85
May 2023,TABLELANDS,5,4,153,133,
May 2023,TOOWOOMBA,48,47,1716,1495,7395609.33
May 2023,TORRES,5,5,140,97,
May 2023,TOWNSVILLE,45,39,2169,1634,10363883.15
May 2023,WEIPA,3,3,87,79,
May 2023,WESTERN DOWNS,20,19,373,322,1791284.9
May 2023,WHITSUNDAY,15,15,482,424,2318117.55
May 2023,WINTON,3,3,17,15,
June 2023,BALONNE,4,4,78,65,
June 2023,BANANA,7,7,135,135,597540.77
June 2023,BARCALDINE,2,2,14,14,
June 2023,BLACKALL TAMBO,2,2,18,18,
June 2023,BRISBANE,163,155,8661,7462,56091377.85
June 2023,BUNDABERG,32,30,1404,1101,6331396.54
June 2023,BURDEKIN,7,7,215,197,893872.81
June 2023,CAIRNS,37,36,1879,1753,11225981.9
June 2023,CARPENTARIA,3,3,48,48,
June 2023,CASSOWARY COAST,14,14,378,372,1575145.01
June 2023,CENTRAL HIGHLANDS,15,15,365,350,2066053.76
June 2023,CHARTERS TOWERS,8,7,160,134,566167.37
June 2023,CLONCURRY,4,4,69,63,
June 2023,COOK,3,3,54,48,
June 2023,DOUGLAS,8,8,186,179,808806.09
June 2023,FLINDERS,2,2,28,28,
June 2023,FRASER COAST,31,31,1233,1163,6883630.32
June 2023,GLADSTONE,22,21,592,567,3318249.62
June 2023,GOLD COAST,125,121,5831,5317,36563702.5
June 2023,GOONDIWINDI,10,9,158,152,657575.6
June 2023,GYMPIE,17,17,426,408,2246856.22
June 2023,HINCHINBROOK,8,8,132,94,506773.37
June 2023,IPSWICH,31,30,1773,1484,10240198.94
June 2023,ISAAC,13,13,278,278,1560532.93
June 2023,LIVINGSTONE,11,11,345,305,1830454.61
June 2023,LOCKYER VALLEY,9,9,195,186,1547003.82
June 2023,LOGAN,35,32,2176,1988,18221882.44
June 2023,LONGREACH,4,4,91,76,
June 2023,MACKAY,37,34,1641,1546,8763189.85
June 2023,MARANOA,9,8,185,144,682241.7
June 2023,MAREEBA,5,5,188,156,
June 2023,MCKINLAY,1,1,17,10,
June 2023,MORETON BAY,62,58,3587,3236,23538392.86
June 2023,MOUNT ISA,6,6,398,381,2810772.39
June 2023,MURWEH,3,3,53,51,
June 2023,NOOSA,13,13,522,505,2743722.63
June 2023,NORTH BURNETT,7,6,64,57,366031.02
June 2023,PAROO,1,1,25,25,
June 2023,QUILPIE,1,1,6,6,
June 2023,REDLAND,27,26,1311,1148,6925378.05
June 2023,RICHMOND,1,1,8,8,
June 2023,ROCKHAMPTON,30,26,1054,854,5720234.67
June 2023,SCENIC RIM,14,13,257,196,981706.47
June 2023,SOMERSET,7,5,93,62,
June 2023,SOUTH BURNETT,12,12,309,301,1519526.13
June 2023,SOUTHERN DOWNS,14,13,395,316,1379325
June 2023,SUNSHINE COAST,68,66,3224,2961,15917564.09
June 2023,TABLELANDS,5,4,153,133,
June 2023,TOOWOOMBA,48,47,1716,1487,7869587.92
June 2023,TORRES,5,5,140,97,
June 2023,TOWNSVILLE,44,38,2168,1615,10490160.14
June 2023,WEIPA,3,3,87,79,
June 2023,WESTERN DOWNS,20,19,373,324,1694387.05
June 2023,WHITSUNDAY,15,15,482,426,2996135.74
June 2023,WINTON,3,3,17,15,
July 2023,BALONNE,4,4,78,65,
July 2023,BANANA,7,7,135,135,793286.16
July 2023,BARCALDINE,2,2,14,14,
July 2023,BLACKALL TAMBO,2,2,18,18,
July 2023,BRISBANE,163,155,8647,7453,61938629.96
July 2023,BUNDABERG,32,31,1404,1106,7337696.47
July 2023,BURDEKIN,7,7,215,197,1081617.96
July 2023,CAIRNS,37,36,1879,1754,14057595.6
July 2023,CARPENTARIA,3,3,48,48,
July 2023,CASSOWARY COAST,14,14,378,375,2134477.93
July 2023,CENTRAL HIGHLANDS,15,15,365,350,2359837.56
July 2023,CHARTERS TOWERS,8,7,160,140,812256.12
July 2023,CLONCURRY,4,4,69,63,
July 2023,COOK,3,3,54,48,
July 2023,DOUGLAS,8,8,186,179,1090337.56
July 2023,FLINDERS,2,2,28,28,
July 2023,FRASER COAST,31,31,1233,1163,7988001.59
July 2023,GLADSTONE,22,21,592,570,3789168.65
July 2023,GOLD COAST,125,121,5831,5319,40347211.38
July 2023,GOONDIWINDI,10,9,158,152,721568.71
July 2023,GYMPIE,17,17,426,408,2559648.67
July 2023,HINCHINBROOK,8,8,132,94,607704.04
July 2023,IPSWICH,31,30,1773,1484,12334979.57
July 2023,ISAAC,13,13,278,278,1739575.58
July 2023,LIVINGSTONE,11,11,345,306,1963487.2
July 2023,LOCKYER VALLEY,9,9,195,186,1755414.54
July 2023,LOGAN,34,31,2162,1975,22167264.49
July 2023,LONGREACH,4,4,91,76,
July 2023,MACKAY,37,34,1641,1542,10293378.98
July 2023,MARANOA,9,8,185,144,771013.58
July 2023,MAREEBA,5,5,188,156,
July 2023,MCKINLAY,1,1,17,10,
July 2023,MORETON BAY,62,58,3587,3244,27204297.53
July 2023,MOUNT ISA,6,6,398,381,3256696.03
July 2023,MURWEH,3,3,53,53,
July 2023,NOOSA,13,13,522,505,2777375.86
July 2023,NORTH BURNETT,7,6,64,57,537133.1
July 2023,PAROO,1,1,25,25,
July 2023,QUILPIE,1,1,6,6,
July 2023,REDLAND,27,26,1311,1141,7860504.43
July 2023,RICHMOND,1,1,8,8,
July 2023,ROCKHAMPTON,30,26,1054,854,6506635.72
July 2023,SCENIC RIM,14,13,257,196,1103939.15
July 2023,SOMERSET,7,5,93,62,
July 2023,SOUTH BURNETT,12,12,303,295,1990382.43
July 2023,SOUTHERN DOWNS,14,13,395,316,1611736.37
July 2023,SUNSHINE COAST,68,66,3224,2964,18415523.49
July 2023,TABLELANDS,5,4,153,133,
July 2023,TOOWOOMBA,48,47,1716,1487,8769035.81
July 2023,TORRES,5,5,140,97,
July 2023,TOWNSVILLE,44,38,2168,1614,12807920.5
July 2023,WEIPA,3,3,87,79,
July 2023,WESTERN DOWNS,20,19,373,322,1939018.57
July 2023,WHITSUNDAY,15,15,490,436,3291904.65
July 2023,WINTON,3,3,17,15,
August 2023,BALONNE,4,4,78,65,
August 2023,BANANA,7,7,135,135,739419.22
August 2023,BARCALDINE,2,2,14,14,
August 2023,BLACKALL TAMBO,2,2,18,18,
August 2023,BRISBANE,162,155,8631,7447,61750178.95
August 2023,BUNDABERG,32,31,1404,1106,7033331.77
August 2023,BURDEKIN,7,7,215,197,1094279.01
August 2023,CAIRNS,37,35,1879,1734,13389235.5
August 2023,CARPENTARIA,3,3,48,48,
August 2023,CASSOWARY COAST,14,14,378,376,1932312.9
August 2023,CENTRAL HIGHLANDS,15,15,365,350,2361983.54
August 2023,CHARTERS TOWERS,8,7,160,141,690482.82
August 2023,CLONCURRY,4,4,69,63,
August 2023,COOK,3,3,54,48,
August 2023,DOUGLAS,8,8,186,179,1036173.94
August 2023,FLINDERS,2,2,28,28,
August 2023,FRASER COAST,31,31,1233,1183,7984955.47
August 2023,GLADSTONE,22,21,592,570,3646341.92
August 2023,GOLD COAST,125,121,5844,5319,40832904.5
August 2023,GOONDIWINDI,10,9,158,152,689071.45
August 2023,GYMPIE,17,17,426,408,2438653.54
August 2023,HINCHINBROOK,8,8,132,94,515160.24
August 2023,IPSWICH,31,30,1782,1484,12381955.75
August 2023,ISAAC,13,13,278,278,1751801.47
August 2023,LIVINGSTONE,11,11,345,306,1881641.25
August 2023,LOCKYER VALLEY,9,9,195,186,1732535.01
August 2023,LOGAN,34,31,2162,1974,21079964.99
August 2023,LONGREACH,4,4,91,70,
August 2023,MACKAY,37,34,1641,1545,10023357.87
August 2023,MARANOA,9,8,185,144,769868.81
August 2023,MAREEBA,5,5,188,156,
August 2023,MCKINLAY,1,1,17,10,
August 2023,MORETON BAY,62,58,3587,3248,26542501.79
August 2023,MOUNT ISA,6,6,398,381,3244766.84
August 2023,MURWEH,3,3,53,53,
August 2023,NOOSA,13,13,522,507,2804386.55
August 2023,NORTH BURNETT,7,6,64,57,477540.85
August 2023,PAROO,1,1,25,25,
August 2023,QUILPIE,1,1,6,6,
August 2023,REDLAND,27,26,1311,1140,7647721.04
August 2023,RICHMOND,1,1,8,8,
August 2023,ROCKHAMPTON,30,26,1054,858,6655995.12
August 2023,SCENIC RIM,14,13,257,196,1027546.79
August 2023,SOMERSET,7,5,93,62,
August 2023,SOUTH BURNETT,12,12,303,295,1766887.14
August 2023,SOUTHERN DOWNS,14,13,395,316,1522194.39
August 2023,SUNSHINE COAST,69,66,3259,2964,18438288.84
August 2023,TABLELANDS,5,4,153,133,
August 2023,TOOWOOMBA,48,47,1716,1487,8836821.92
August 2023,TORRES,5,5,148,97,
August 2023,TOWNSVILLE,44,38,2168,1614,12655538.84
August 2023,WEIPA,3,3,87,79,
August 2023,WESTERN DOWNS,20,19,373,321,2023652.88
August 2023,WHITSUNDAY,15,15,490,436,3469392.2
August 2023,WINTON,3,3,17,15,
September 2023,BALONNE,4,4,78,73,
September 2023,BANANA,7,7,135,135,814006.67
September 2023,BARCALDINE,2,2,14,14,
September 2023,BLACKALL TAMBO,2,2,18,18,
September 2023,BRISBANE,161,155,8611,7508,59474151.82
September 2023,BUNDABERG,32,31,1404,1106,6747138.08
September 2023,BURDEKIN,7,7,215,197,956883.11
September 2023,CAIRNS,38,35,1909,1734,12062344.84
September 2023,CARPENTARIA,3,3,48,48,
September 2023,CASSOWARY COAST,14,14,378,376,1926670.98
September 2023,CENTRAL HIGHLANDS,15,15,365,350,2159648.33
September 2023,CHARTERS TOWERS,8,7,160,141,617759.81
September 2023,CLONCURRY,4,4,69,63,
September 2023,COOK,3,3,54,48,
September 2023,DOUGLAS,8,8,186,179,898860.31
September 2023,FLINDERS,2,2,28,28,
September 2023,FRASER COAST,31,31,1233,1180,7626554.75
September 2023,GLADSTONE,22,21,592,570,3446517.05
September 2023,GOLD COAST,125,121,5844,5319,38067163.56
September 2023,GOONDIWINDI,10,9,167,152,655343.97
September 2023,GYMPIE,17,17,426,408,2547500.98
September 2023,HINCHINBROOK,8,8,132,94,550253.93
September 2023,IPSWICH,31,30,1782,1484,11471208.28
September 2023,ISAAC,13,13,278,278,1581889.57
September 2023,LIVINGSTONE,11,11,345,306,1866691.25
September 2023,LOCKYER VALLEY,9,9,195,186,1587161.48
September 2023,LOGAN,34,31,2162,1974,20529688.98
September 2023,LONGREACH,4,4,91,76,
September 2023,MACKAY,37,34,1641,1542,9800003.8
September 2023,MARANOA,9,8,185,144,648651.65
September 2023,MAREEBA,5,5,188,156,
September 2023,MCKINLAY,1,1,17,10,
September 2023,MORETON BAY,62,59,3587,3279,25769179.88
September 2023,MOUNT ISA,6,6,398,391,2673630.44
September 2023,MURWEH,3,3,53,53,
September 2023,NOOSA,13,13,522,501,2689558.8
September 2023,NORTH BURNETT,7,6,64,57,438321.71
September 2023,PAROO,1,1,25,25,
September 2023,QUILPIE,1,1,6,6,
September 2023,REDLAND,27,26,1311,1101,7441487.78
September 2023,RICHMOND,1,1,8,8,
September 2023,ROCKHAMPTON,30,26,1054,854,6172002.3
September 2023,SCENIC RIM,14,13,257,196,949519.31
September 2023,SOMERSET,7,5,93,62,
September 2023,SOUTH BURNETT,12,12,303,295,1599681.36
September 2023,SOUTHERN DOWNS,14,13,395,316,1503694.41
September 2023,SUNSHINE COAST,70,66,3304,2964,17269578.36
September 2023,TABLELANDS,5,4,153,133,
September 2023,TOOWOOMBA,48,47,1716,1491,8316015.39
September 2023,TORRES,5,5,148,97,
September 2023,TOWNSVILLE,44,37,2168,1602,11494749.51
September 2023,WEIPA,3,3,87,79,
September 2023,WESTERN DOWNS,20,19,371,325,1862244.33
September 2023,WHITSUNDAY,15,15,490,436,3227216.75
September 2023,WINTON,3,3,17,15,
October 2023,BALONNE,4,4,78,73,
October 2023,BANANA,7,7,135,135,747743.49
October 2023,BARCALDINE,2,2,14,14,
October 2023,BLACKALL TAMBO,2,2,18,18,
October 2023,BRISBANE,161,155,8606,7502,60397123.85
October 2023,BUNDABERG,32,31,1404,1112,6528602.5
October 2023,BURDEKIN,7,7,213,195,996905.02
October 2023,CAIRNS,38,35,1909,1734,12540062.98
October 2023,CARPENTARIA,3,3,48,48,
October 2023,CASSOWARY COAST,14,14,378,376,1896303.07
October 2023,CENTRAL HIGHLANDS,15,15,365,350,2164822.11
October 2023,CHARTERS TOWERS,8,7,160,141,633446.54
October 2023,CLONCURRY,4,4,69,63,
October 2023,COOK,3,3,54,48,
October 2023,DOUGLAS,8,8,186,179,988166.79
October 2023,FLINDERS,2,2,28,28,
October 2023,FRASER COAST,31,31,1233,1184,7710695.26
October 2023,GLADSTONE,22,21,592,570,3422862.57
October 2023,GOLD COAST,125,121,5844,5295,39254974.43
October 2023,GOONDIWINDI,10,9,167,152,613887.71
October 2023,GYMPIE,17,17,426,413,2373974.4
October 2023,HINCHINBROOK,8,8,132,94,496851.32
October 2023,IPSWICH,31,30,1782,1470,11240561.34
October 2023,ISAAC,13,13,278,278,1567256.9
October 2023,LIVINGSTONE,11,11,345,307,1910629.78
October 2023,LOCKYER VALLEY,9,9,195,186,1648931.39
October 2023,LOGAN,34,31,2162,1979,19925345.69
October 2023,LONGREACH,4,4,91,76,
October 2023,MACKAY,37,34,1621,1544,9793970.2
October 2023,MARANOA,9,8,185,144,730004.39
October 2023,MAREEBA,5,5,188,156,
October 2023,MCKINLAY,1,1,17,10,
October 2023,MORETON BAY,62,59,3587,3292,25389136.33
October 2023,MOUNT ISA,6,6,398,391,2655039.85
October 2023,MURWEH,3,3,53,53,
October 2023,NOOSA,13,13,522,505,2733562.02
October 2023,NORTH BURNETT,7,6,64,57,380766.35
October 2023,PAROO,1,1,25,25,
October 2023,QUILPIE,1,1,6,6,
October 2023,REDLAND,27,26,1316,1100,7645572.48
October 2023,RICHMOND,1,1,8,8,
October 2023,ROCKHAMPTON,30,26,1054,854,6382366.12
October 2023,SCENIC RIM,14,13,257,196,1074490.86
October 2023,SOMERSET,7,5,93,62,
October 2023,SOUTH BURNETT,12,12,303,295,1642536.32
October 2023,SOUTHERN DOWNS,14,13,395,316,1613482.87
October 2023,SUNSHINE COAST,70,67,3304,3001,17701063.52
October 2023,TABLELANDS,5,4,153,134,
October 2023,TOOWOOMBA,48,47,1716,1491,8360929.25
October 2023,TORRES,5,5,148,101,
October 2023,TOWNSVILLE,44,37,2166,1597,11155164.94
October 2023,WEIPA,3,3,87,79,
October 2023,WESTERN DOWNS,19,19,380,325,1687544.48
October 2023,WHITSUNDAY,15,15,490,436,3169775.61
October 2023,WINTON,3,3,17,15,
November 2023,BALONNE,4,4,78,73,
November 2023,BANANA,7,7,135,135,827687.84
November 2023,BARCALDINE,2,2,14,14,
November 2023,BLACKALL TAMBO,2,2,18,18,
November 2023,BRISBANE,161,155,8606,7559,58900183.59
November 2023,BUNDABERG,32,31,1404,1102,6617731.44
November 2023,BURDEKIN,7,7,213,195,1135560.8
November 2023,CAIRNS,38,35,1909,1734,12204133.54
November 2023,CARPENTARIA,3,3,48,48,
November 2023,CASSOWARY COAST,14,14,378,376,1877174.67
November 2023,CENTRAL HIGHLANDS,15,15,365,351,2247229.71
November 2023,CHARTERS TOWERS,8,7,160,141,577070.54
November 2023,CLONCURRY,4,4,69,63,
November 2023,COOK,3,3,54,48,
November 2023,DOUGLAS,8,8,186,168,923323.83
November 2023,FLINDERS,2,2,28,28,
November 2023,FRASER COAST,31,31,1233,1180,7769631.36
November 2023,GLADSTONE,22,21,592,570,3359756.79
November 2023,GOLD COAST,126,122,5858,5362,38759287.4
November 2023,GOONDIWINDI,10,9,167,152,502463.78
November 2023,GYMPIE,17,17,426,413,2476893.73
November 2023,HINCHINBROOK,8,8,132,94,517479.69
November 2023,IPSWICH,31,30,1782,1467,11842329.1
November 2023,ISAAC,13,13,278,278,1734517.06
November 2023,LIVINGSTONE,11,11,345,307,1969540.36
November 2023,LOCKYER VALLEY,9,9,195,186,1508935.35
November 2023,LOGAN,34,31,2162,1974,19421811.3
November 2023,LONGREACH,4,4,91,76,
November 2023,MACKAY,36,33,1621,1522,9740312.53
November 2023,MARANOA,9,8,185,144,757598.27
November 2023,MAREEBA,5,5,188,159,
November 2023,MCKINLAY,1,1,17,10,
November 2023,MORETON BAY,62,59,3587,3287,25482077.18
November 2023,MOUNT ISA,6,6,398,391,2701279.62
November 2023,MURWEH,3,3,53,53,
November 2023,NOOSA,13,13,522,505,2628469.56
November 2023,NORTH BURNETT,7,6,64,57,367374.6
November 2023,PAROO,1,1,25,25,
November 2023,QUILPIE,1,1,6,6,
November 2023,REDLAND,27,26,1316,1090,7184653.09
November 2023,RICHMOND,1,1,8,8,
November 2023,ROCKHAMPTON,31,26,1114,854,6121015.05
November 2023,SCENIC RIM,14,13,257,196,1126398.02
November 2023,SOMERSET,7,5,93,62,
November 2023,SOUTH BURNETT,12,12,303,288,1789185.98
November 2023,SOUTHERN DOWNS,14,13,395,316,1593250.84
November 2023,SUNSHINE COAST,70,67,3304,2999,17732026.38
November 2023,TABLELANDS,5,4,153,133,
November 2023,TOOWOOMBA,47,46,1704,1483,8437717.91
November 2023,TORRES,5,5,148,97,
November 2023,TOWNSVILLE,43,38,2121,1664,11340876.4
November 2023,WEIPA,3,3,87,79,
November 2023,WESTERN DOWNS,19,19,390,325,1843996.6
November 2023,WHITSUNDAY,15,15,490,436,2938466.49
November 2023,WINTON,3,3,17,15,
December 2023,BALONNE,4,4,78,73,
December 2023,BANANA,7,7,135,135,663486.8
December 2023,BARCALDINE,2,2,14,14,
December 2023,BLACKALL TAMBO,2,2,18,18,
December 2023,BRISBANE,161,154,8616,7540,63101036.11
December 2023,BUNDABERG,32,31,1412,1102,6814506.45
December 2023,BURDEKIN,7,7,213,195,1024392.19
December 2023,CAIRNS,38,35,1909,1734,12572937.92
December 2023,CARPENTARIA,3,3,48,48,
December 2023,CASSOWARY COAST,14,14,378,376,2012856.31
December 2023,CENTRAL HIGHLANDS,15,15,365,350,1919882.5
December 2023,CHARTERS TOWERS,8,7,160,141,609227.62
December 2023,CLONCURRY,4,4,69,63,
December 2023,COOK,3,3,54,48,
December 2023,DOUGLAS,8,8,186,168,626394.04
December 2023,FLINDERS,2,2,28,28,
December 2023,FRASER COAST,31,31,1233,1180,8161652.79
December 2023,GLADSTONE,22,21,592,570,3454614.04
December 2023,GOLD COAST,126,122,5867,5355,40520902.37
December 2023,GOONDIWINDI,10,9,167,152,608266.22
December 2023,GYMPIE,17,17,426,413,2428380.41
December 2023,HINCHINBROOK,8,8,132,94,558910.12
December 2023,IPSWICH,31,30,1782,1467,12146726.68
December 2023,ISAAC,13,13,278,278,1531633.96
December 2023,LIVINGSTONE,11,11,353,307,2028746.4
December 2023,LOCKYER VALLEY,9,9,195,186,1622766.1
December 2023,LOGAN,34,31,2162,1974,21057703.28
December 2023,LONGREACH,4,4,91,76,
December 2023,MACKAY,35,32,1612,1515,10023633.15
December 2023,MARANOA,9,8,185,144,672643.25
December 2023,MAREEBA,5,5,188,156,
December 2023,MCKINLAY,1,1,17,10,
December 2023,MORETON BAY,62,59,3587,3288,27113235.25
December 2023,MOUNT ISA,6,6,398,391,2897083.75
December 2023,MURWEH,3,3,53,53,
December 2023,NOOSA,13,13,522,503,2691060.58
December 2023,NORTH BURNETT,7,6,64,57,387539.66
December 2023,PAROO,1,1,25,25,
December 2023,QUILPIE,1,1,6,6,
December 2023,REDLAND,27,26,1316,1141,7795092.15
December 2023,RICHMOND,1,1,8,8,
December 2023,ROCKHAMPTON,31,26,1114,856,6127412.17
December 2023,SCENIC RIM,14,13,257,196,1010434.21
December 2023,SOMERSET,7,5,93,62,
December 2023,SOUTH BURNETT,12,12,303,289,1534805.16
December 2023,SOUTHERN DOWNS,14,13,395,316,1828489.41
December 2023,SUNSHINE COAST,69,67,3296,2999,18457457.61
December 2023,TABLELANDS,5,4,153,133,
December 2023,TOOWOOMBA,47,46,1704,1492,8988392
December 2023,TORRES,5,5,148,97,
December 2023,TOWNSVILLE,43,38,2121,1664,12111985.85
December 2023,WEIPA,3,3,87,79,
December 2023,WESTERN DOWNS,19,19,390,325,1823576.94
December 2023,WHITSUNDAY,15,15,498,435,2797823.59
December 2023,WINTON,3,3,17,15,
January 2024,BALONNE,4,4,78,73,
January 2024,BANANA,7,7,135,135,585755.73
January 2024,BARCALDINE,2,2,14,14,
January 2024,BLACKALL TAMBO,2,2,18,18,
January 2024,BRISBANE,161,154,8616,7519,58252555.19
January 2024,BUNDABERG,32,31,1412,1102,6214039.96
January 2024,BURDEKIN,7,7,213,195,765189.57
January 2024,CAIRNS,38,35,1909,1738,12482047.76
January 2024,CARPENTARIA,3,3,48,48,
January 2024,CASSOWARY COAST,14,14,378,376,1729826.56
January 2024,CENTRAL HIGHLANDS,15,15,365,350,1987745.08
January 2024,CHARTERS TOWERS,8,7,160,141,568777.01
January 2024,CLONCURRY,4,3,69,53,
January 2024,COOK,3,3,54,48,
January 2024,DOUGLAS,8,8,186,168,780403.53
January 2024,FLINDERS,2,2,28,28,
January 2024,FRASER COAST,31,31,1233,1180,7297549.03
January 2024,GLADSTONE,22,21,592,576,2999771.37
January 2024,GOLD COAST,126,122,5867,5364,39465220.99
January 2024,GOONDIWINDI,10,9,167,152,530680.69
January 2024,GYMPIE,17,17,426,413,2313812.19
January 2024,HINCHINBROOK,8,8,132,94,457847.27
January 2024,IPSWICH,31,30,1782,1465,11124495.9
January 2024,ISAAC,12,12,274,274,1491829.68
January 2024,LIVINGSTONE,11,11,353,307,1856688.34
January 2024,LOCKYER VALLEY,9,9,195,186,1457928.64
January 2024,LOGAN,34,31,2162,1970,19273486.94
January 2024,LONGREACH,4,4,91,76,
January 2024,MACKAY,35,32,1612,1514,9038473.71
January 2024,MARANOA,9,8,185,144,608830.62
January 2024,MAREEBA,5,5,188,156,
January 2024,MCKINLAY,1,1,17,10,
January 2024,MORETON BAY,62,59,3587,3288,25449731.05
January 2024,MOUNT ISA,6,6,398,391,2437359.99
January 2024,MURWEH,3,3,53,53,
January 2024,NOOSA,13,13,522,502,2693520.85
January 2024,NORTH BURNETT,7,6,64,57,413533.29
January 2024,PAROO,1,1,25,25,
January 2024,QUILPIE,1,1,6,6,
January 2024,REDLAND,27,26,1316,1088,7077562.87
January 2024,RICHMOND,1,1,8,8,
January 2024,ROCKHAMPTON,31,26,1114,828,5875127.55
January 2024,SCENIC RIM,14,13,257,196,1083095.6
January 2024,SOMERSET,7,5,93,62,
January 2024,SOUTH BURNETT,12,12,303,289,1660913.24
January 2024,SOUTHERN DOWNS,14,13,395,316,1566298.67
January 2024,SUNSHINE COAST,69,67,3296,3004,17907881.83
January 2024,TABLELANDS,5,4,153,133,
January 2024,TOOWOOMBA,47,46,1704,1492,8352948.73
January 2024,TORRES,5,5,148,97,
January 2024,TOWNSVILLE,43,39,2121,1678,10880849.43
January 2024,WEIPA,3,3,87,79,
January 2024,WESTERN DOWNS,19,19,390,325,1669501.12
January 2024,WHITSUNDAY,15,15,498,436,2497300.72
January 2024,WINTON,3,3,17,15,
February 2024,BALONNE,4,4,78,73,
February 2024,BANANA,7,7,144,135,650665.72
February 2024,BARCALDINE,2,2,14,14,
February 2024,BLACKALL TAMBO,2,2,18,18,
February 2024,BRISBANE,161,154,8616,7523,55858807.81
February 2024,BUNDABERG,32,31,1412,1101,6093703.6
February 2024,BURDEKIN,7,7,213,195,786164.71
February 2024,CAIRNS,38,34,1909,1724,11876784.48
February 2024,CARPENTARIA,3,3,48,48,
February 2024,CASSOWARY COAST,14,14,378,376,1665780.34
February 2024,CENTRAL HIGHLANDS,15,15,365,350,1905079.65
February 2024,CHARTERS TOWERS,8,7,160,141,530855.4
February 2024,CLONCURRY,4,3,69,53,
February 2024,COOK,3,3,54,48,
February 2024,DOUGLAS,8,8,186,168,659893.94
February 2024,FLINDERS,2,2,28,28,
February 2024,FRASER COAST,31,31,1233,1180,7344530.13
February 2024,GLADSTONE,22,21,592,570,3126213.43
February 2024,GOLD COAST,126,123,5867,5368,37745415.87
February 2024,GOONDIWINDI,10,9,167,152,573107.21
February 2024,GYMPIE,17,17,426,413,2382715.55
February 2024,HINCHINBROOK,8,8,132,94,465503.52
February 2024,IPSWICH,31,30,1790,1460,10301538.29
February 2024,ISAAC,12,12,274,274,1404026.93
February 2024,LIVINGSTONE,11,11,353,308,1725489.56
February 2024,LOCKYER VALLEY,9,9,195,186,1527555.79
February 2024,LOGAN,35,31,2207,1970,18622500.39
February 2024,LONGREACH,4,4,91,76,
February 2024,MACKAY,35,32,1612,1515,9031888.57
February 2024,MARANOA,9,8,185,143,688751.36
February 2024,MAREEBA,5,5,188,156,
February 2024,MCKINLAY,1,1,17,10,
February 2024,MORETON BAY,63,59,3632,3288,23447217.55
February 2024,MOUNT ISA,6,6,398,391,2371690.88
February 2024,MURWEH,3,3,53,53,
February 2024,NOOSA,13,13,522,502,2420515.89
February 2024,NORTH BURNETT,7,6,64,57,337939.42
February 2024,PAROO,1,1,25,25,
February 2024,QUILPIE,1,1,6,6,
February 2024,REDLAND,27,26,1316,1143,6749870.58
February 2024,RICHMOND,1,1,8,8,
February 2024,ROCKHAMPTON,31,26,1114,753,5748189.38
February 2024,SCENIC RIM,14,13,257,196,965557.08
February 2024,SOMERSET,7,5,93,62,
February 2024,SOUTH BURNETT,12,12,303,291,1668500.1
February 2024,SOUTHERN DOWNS,14,13,395,316,1472053.33
February 2024,SUNSHINE COAST,69,67,3296,3005,17391179.51
February 2024,TABLELANDS,5,4,153,136,
February 2024,TOOWOOMBA,47,46,1704,1491,8054876.74
February 2024,TORRES,5,5,148,97,
February 2024,TOWNSVILLE,43,39,2121,1679,10766603.27
February 2024,WEIPA,3,3,87,79,
February 2024,WESTERN DOWNS,19,19,406,325,1713948.1
February 2024,WHITSUNDAY,15,15,498,436,2494045.6
February 2024,WINTON,3,3,17,15,
March 2024,BALONNE,4,4,78,73,
March 2024,BANANA,7,7,144,135,743342.72
March 2024,BARCALDINE,2,2,14,14,
March 2024,BLACKALL TAMBO,2,2,18,18,
March 2024,BRISBANE,161,154,8616,7497,59518739.25
March 2024,BUNDABERG,32,31,1412,1102,6465892.39
March 2024,BURDEKIN,7,7,213,195,920264.17
March 2024,CAIRNS,37,34,1899,1724,12340007.67
March 2024,CARPENTARIA,3,3,48,48,
March 2024,CASSOWARY COAST,14,14,378,376,1874959.25
March 2024,CENTRAL HIGHLANDS,15,15,365,350,1899421.96
March 2024,CHARTERS TOWERS,8,7,160,141,549274.1
March 2024,CLONCURRY,4,3,69,53,
March 2024,COOK,3,3,54,48,
March 2024,DOUGLAS,8,8,186,171,732349.6
March 2024,FLINDERS,2,2,28,28,
March 2024,FRASER COAST,31,31,1233,1180,7428460.96
March 2024,GLADSTONE,22,21,592,570,3417167.3
March 2024,GOLD COAST,125,122,5858,5358,39974173.17
March 2024,GOONDIWINDI,10,9,167,152,606075.78
March 2024,GYMPIE,17,17,426,413,2445272.94
March 2024,HINCHINBROOK,8,8,132,94,412792.87
March 2024,IPSWICH,31,30,1790,1460,11539128.57
March 2024,ISAAC,12,12,274,274,1389317.38
March 2024,LIVINGSTONE,11,11,353,307,1988884.91
March 2024,LOCKYER VALLEY,9,9,195,186,1654177.14
March 2024,LOGAN,35,31,2207,1970,19718762.22
March 2024,LONGREACH,4,4,91,76,
March 2024,MACKAY,35,32,1612,1515,9577761.4
March 2024,MARANOA,9,8,185,144,746328.94
March 2024,MAREEBA,5,5,188,156,
March 2024,MCKINLAY,1,1,17,10,
March 2024,MORETON BAY,63,59,3632,3288,25405539.4
March 2024,MOUNT ISA,6,6,398,391,2809883.89
March 2024,MURWEH,3,3,53,53,
March 2024,NOOSA,13,13,522,502,2511223.38
March 2024,NORTH BURNETT,7,6,64,57,413410.71
March 2024,PAROO,1,1,25,25,
March 2024,QUILPIE,1,1,6,6,
March 2024,REDLAND,27,26,1316,1145,7730297.27
March 2024,RICHMOND,1,1,8,8,
March 2024,ROCKHAMPTON,31,26,1114,753,5790608.37
March 2024,SCENIC RIM,13,13,212,196,1153022.17
March 2024,SOMERSET,7,5,93,62,
March 2024,SOUTH BURNETT,12,12,303,300,1768128.22
March 2024,SOUTHERN DOWNS,14,13,395,316,1649790.81
March 2024,SUNSHINE COAST,69,66,3296,2973,18265911.05
March 2024,TABLELANDS,5,4,153,133,
March 2024,TOOWOOMBA,47,46,1704,1492,8619851.78
March 2024,TORRES,5,5,148,97,
March 2024,TOWNSVILLE,43,39,2121,1656,11002615.35
March 2024,WEIPA,3,3,87,79,
March 2024,WESTERN DOWNS,19,19,406,327,1873429.82
March 2024,WHITSUNDAY,15,15,498,436,2731320.86
March 2024,WINTON,3,3,17,15,
April 2024,BALONNE,4,3,78,54,
April 2024,BANANA,7,7,144,135,702265.2
April 2024,BARCALDINE,2,2,14,14,
April 2024,BLACKALL TAMBO,2,2,18,18,
April 2024,BRISBANE,161,154,8616,7476,58790364.29
April 2024,BUNDABERG,32,31,1412,1108,6429168.4
April 2024,BURDEKIN,7,7,213,195,807834.97
April 2024,CAIRNS,37,34,1899,1723,12260991.33
April 2024,CARPENTARIA,3,3,48,48,
April 2024,CASSOWARY COAST,14,14,378,376,1865956.96
April 2024,CENTRAL HIGHLANDS,15,15,365,350,2213505.89
April 2024,CHARTERS TOWERS,8,7,160,141,585088.11
April 2024,CLONCURRY,4,4,69,63,
April 2024,COOK,3,3,54,48,
April 2024,DOUGLAS,8,8,186,171,746468.76
April 2024,FLINDERS,2,2,28,28,
April 2024,FRASER COAST,31,31,1233,1182,7348984.38
April 2024,GLADSTONE,22,21,592,570,3207703.52
April 2024,GOLD COAST,125,122,5858,5253,37810539.81
April 2024,GOONDIWINDI,10,9,167,152,589288.44
April 2024,GYMPIE,17,17,426,415,2242556.93
April 2024,HINCHINBROOK,8,8,132,94,441910.84
April 2024,IPSWICH,31,30,1790,1460,11407751.56
April 2024,ISAAC,12,12,274,274,1621953.13
April 2024,LIVINGSTONE,11,11,353,311,1844789.41
April 2024,LOCKYER VALLEY,9,9,195,186,1563659.48
April 2024,LOGAN,35,31,2187,1969,19040108.67
April 2024,LONGREACH,4,4,91,75,
April 2024,MACKAY,35,32,1602,1505,9477669.07
April 2024,MARANOA,9,8,185,144,756335.19
April 2024,MAREEBA,5,5,188,156,
April 2024,MCKINLAY,1,1,17,10,
April 2024,MORETON BAY,63,59,3632,3287,25364351.65
April 2024,MOUNT ISA,6,6,398,391,2686912.03
April 2024,MURWEH,3,3,53,53,
April 2024,NOOSA,13,13,522,502,2410966.26
April 2024,NORTH BURNETT,6,6,57,57,373429.38
April 2024,PAROO,1,1,25,25,
April 2024,QUILPIE,1,1,6,6,
April 2024,REDLAND,27,26,1316,1145,7122934.78
April 2024,RICHMOND,1,1,8,8,
April 2024,ROCKHAMPTON,31,26,1114,780,5663566.51
April 2024,SCENIC RIM,13,13,212,196,938244.02
April 2024,SOMERSET,7,5,93,62,
April 2024,SOUTH BURNETT,12,12,303,300,1816136.17
April 2024,SOUTHERN DOWNS,14,13,395,318,1705616.04
April 2024,SUNSHINE COAST,68,66,3295,2974,16462285.83
April 2024,TABLELANDS,5,4,153,133,
April 2024,TOOWOOMBA,47,46,1704,1495,8206414.39
April 2024,TORRES,5,5,148,97,
April 2024,TOWNSVILLE,43,39,2100,1635,10894913.94
April 2024,WEIPA,3,3,87,79,
April 2024,WESTERN DOWNS,19,19,406,327,1836848.53
April 2024,WHITSUNDAY,15,15,498,436,2826341
April 2024,WINTON,2,2,11,9,
May 2024,BALONNE,4,4,78,73,
May 2024,BANANA,7,7,144,135,864291.37
May 2024,BARCALDINE,2,2,14,14,
May 2024,BLACKALL TAMBO,2,2,18,18,
May 2024,BRISBANE,161,154,8652,7377,61941108.18
May 2024,BUNDABERG,32,31,1412,1106,6757159.69
May 2024,BURDEKIN,7,6,213,170,935101.13
May 2024,CAIRNS,37,34,1899,1724,12684113.06
May 2024,CARPENTARIA,3,3,48,48,
May 2024,CASSOWARY COAST,14,14,378,376,1772427.9
May 2024,CENTRAL HIGHLANDS,15,15,365,350,2095903.87
May 2024,CHARTERS TOWERS,8,7,160,141,635052.47
May 2024,CLONCURRY,4,4,69,63,
May 2024,COOK,3,3,54,48,
May 2024,DOUGLAS,8,8,186,171,851198.61
May 2024,FLINDERS,2,2,28,28,
May 2024,FRASER COAST,31,31,1233,1180,7804056.9
May 2024,GLADSTONE,22,21,592,570,3375705.05
May 2024,GOLD COAST,125,122,5858,5258,40670389.73
May 2024,GOONDIWINDI,10,9,167,153,660201.8
May 2024,GYMPIE,17,17,426,413,2421444.7
May 2024,HINCHINBROOK,8,8,132,96,497305.74
May 2024,IPSWICH,31,30,1794,1460,12126054.35
May 2024,ISAAC,12,12,274,274,1589632.3
May 2024,LIVINGSTONE,11,11,353,311,2101507.11
May 2024,LOCKYER VALLEY,9,9,195,186,1595274.47
May 2024,LOGAN,34,30,2187,1950,19923543.23
May 2024,LONGREACH,4,4,91,76,
May 2024,MACKAY,35,31,1602,1491,9740965.15
May 2024,MARANOA,9,8,185,144,723988.61
May 2024,MAREEBA,5,5,188,156,
May 2024,MCKINLAY,1,1,17,10,
May 2024,MORETON BAY,63,60,3632,3292,26283255.87
May 2024,MOUNT ISA,6,6,398,391,2896185.48
May 2024,MURWEH,3,3,53,53,
May 2024,NOOSA,13,13,522,505,2619212.7
May 2024,NORTH BURNETT,6,6,57,57,459172.19
May 2024,PAROO,1,1,25,25,
May 2024,QUILPIE,1,1,6,6,
May 2024,REDLAND,27,26,1316,1143,7654741.84
May 2024,RICHMOND,1,1,8,8,
May 2024,ROCKHAMPTON,31,26,1114,757,6384481.65
May 2024,SCENIC RIM,13,13,212,199,1269918.92
May 2024,SOMERSET,7,5,93,62,
May 2024,SOUTH BURNETT,12,12,303,300,1915442.15
May 2024,SOUTHERN DOWNS,14,13,395,316,1788804.07
May 2024,SUNSHINE COAST,68,66,3295,2974,18168712.68
May 2024,TABLELANDS,5,4,153,134,
May 2024,TOOWOOMBA,47,46,1704,1492,8752431.81
May 2024,TORRES,5,5,148,97,
May 2024,TOWNSVILLE,43,39,2085,1656,12106320.96
May 2024,WEIPA,3,3,87,79,
May 2024,WESTERN DOWNS,19,19,406,337,2020184.97
May 2024,WHITSUNDAY,15,15,498,436,2934289.94
May 2024,WINTON,2,2,11,9,
June 2024,BALONNE,4,4,78,73,
June 2024,BANANA,7,7,144,135,805015.03
June 2024,BARCALDINE,2,2,14,14,
June 2024,BLACKALL TAMBO,2,2,18,18,
June 2024,BRISBANE,160,154,8652,7429,59301874.65
June 2024,BUNDABERG,32,31,1412,1104,6753844.17
June 2024,BURDEKIN,7,7,213,200,976865.54
June 2024,CAIRNS,37,34,1899,1724,12692405.81
June 2024,CARPENTARIA,3,3,48,48,
June 2024,CASSOWARY COAST,14,14,378,376,1673430.87
June 2024,CENTRAL HIGHLANDS,15,15,365,350,2158116.89
June 2024,CHARTERS TOWERS,8,7,160,141,597919.49
June 2024,CLONCURRY,4,4,69,63,
June 2024,COOK,3,3,54,48,
June 2024,DOUGLAS,8,8,186,171,883876.95
June 2024,FLINDERS,2,2,28,28,
June 2024,FRASER COAST,31,31,1233,1182,7685784.19
June 2024,GLADSTONE,22,21,592,570,3666510.14
June 2024,GOLD COAST,125,122,5858,5255,39854590.78
June 2024,GOONDIWINDI,10,9,167,153,637736.95
June 2024,GYMPIE,17,17,426,413,2324692.67
June 2024,HINCHINBROOK,8,8,132,96,498000.3
June 2024,IPSWICH,31,30,1794,1460,11619841.26
June 2024,ISAAC,12,12,274,274,1661450.76
June 2024,LIVINGSTONE,11,11,353,311,1897749.32
June 2024,LOCKYER VALLEY,9,9,195,186,1783137.52
June 2024,LOGAN,34,30,2187,1950,19918175.44
June 2024,LONGREACH,4,4,91,76,
June 2024,MACKAY,34,31,1588,1491,9123969.08
June 2024,MARANOA,9,8,185,144,724840.56
June 2024,MAREEBA,5,5,188,156,
June 2024,MCKINLAY,1,1,17,10,
June 2024,MORETON BAY,63,60,3632,3291,25646677.07
June 2024,MOUNT ISA,6,6,398,391,2767488.98
June 2024,MURWEH,3,3,53,53,
June 2024,NOOSA,13,13,522,507,2505673.71
June 2024,NORTH BURNETT,6,6,57,57,458973.15
June 2024,PAROO,1,1,25,25,
June 2024,QUILPIE,1,1,6,6,
June 2024,REDLAND,27,26,1316,1144,7252941
June 2024,RICHMOND,1,1,8,8,
June 2024,ROCKHAMPTON,31,26,1114,805,6281269.45
June 2024,SCENIC RIM,13,13,212,199,1134970.72
June 2024,SOMERSET,7,5,93,62,
June 2024,SOUTH BURNETT,12,12,303,300,1674068.02
June 2024,SOUTHERN DOWNS,14,13,395,316,1574029.86
June 2024,SUNSHINE COAST,68,66,3295,2974,17363249.13
June 2024,TABLELANDS,5,4,153,133,
June 2024,TOOWOOMBA,47,46,1704,1492,8454356.5
June 2024,TORRES,5,5,148,97,
June 2024,TOWNSVILLE,43,39,2100,1661,11908689.86
June 2024,WEIPA,3,3,87,79,
June 2024,WESTERN DOWNS,19,19,406,337,1796546.29
June 2024,WHITSUNDAY,15,15,498,436,2659003.1
June 2024,WINTON,2,2,11,9,
July 2024,BALONNE,4,4,78,73,
July 2024,BANANA,7,7,144,135,881637.33
July 2024,BARCALDINE,2,2,14,14,
July 2024,BLACKALL TAMBO,2,2,18,18,
July 2024,BRISBANE,160,154,8633,7440,66254244.7
July 2024,BUNDABERG,32,31,1424,1104,7475939.5
July 2024,BURDEKIN,7,7,211,197,1143269.46
July 2024,CAIRNS,37,34,1899,1724,15789401.27
July 2024,CARPENTARIA,3,3,48,48,
July 2024,CASSOWARY COAST,14,14,378,351,2320960.52
July 2024,CENTRAL HIGHLANDS,15,15,365,350,2543619.48
July 2024,CHARTERS TOWERS,8,7,160,141,800858.53
July 2024,CLONCURRY,4,4,69,63,
July 2024,COOK,3,3,54,48,
July 2024,DOUGLAS,8,8,186,171,1058514.12
July 2024,FLINDERS,2,2,28,28,
July 2024,FRASER COAST,31,31,1233,1182,8631546.55
July 2024,GLADSTONE,22,21,592,570,4174995.98
July 2024,GOLD COAST,125,123,5858,5271,43854530.87
July 2024,GOONDIWINDI,10,9,167,153,800105.67
July 2024,GYMPIE,17,17,426,413,2689620.59
July 2024,HINCHINBROOK,8,8,132,99,553576.69
July 2024,IPSWICH,31,30,1794,1461,13604192.33
July 2024,ISAAC,12,12,274,274,1893784.38
July 2024,LIVINGSTONE,11,11,353,313,2178123.46
July 2024,LOCKYER VALLEY,9,9,195,186,2006502.76
July 2024,LOGAN,35,31,2237,1970,23797150.4
July 2024,LONGREACH,4,4,91,76,
July 2024,MACKAY,34,31,1607,1491,11127816.33
July 2024,MARANOA,9,8,185,144,848966.13
July 2024,MAREEBA,5,5,188,156,
July 2024,MCKINLAY,1,1,17,10,
July 2024,MORETON BAY,63,60,3610,3287,29132847.68
July 2024,MOUNT ISA,6,6,398,391,3599188.46
July 2024,MURWEH,3,3,53,53,
July 2024,NOOSA,13,13,517,501,2664829.11
July 2024,NORTH BURNETT,6,6,57,57,481665.48
July 2024,PAROO,1,1,25,25,
July 2024,QUILPIE,1,1,6,6,
July 2024,REDLAND,27,25,1316,1114,8020227.81
July 2024,RICHMOND,1,1,8,8,
July 2024,ROCKHAMPTON,31,26,1114,814,7134043.95
July 2024,SCENIC RIM,13,11,200,187,1226013.31
July 2024,SOMERSET,7,5,93,62,
July 2024,SOUTH BURNETT,12,12,303,300,2233968
July 2024,SOUTHERN DOWNS,14,13,395,321,1566941.99
July 2024,SUNSHINE COAST,68,66,3285,2971,19551511.41
July 2024,TABLELANDS,5,4,153,133,
July 2024,TOOWOOMBA,47,46,1695,1484,9437269.43
July 2024,TORRES,5,5,148,97,
July 2024,TOWNSVILLE,43,40,2090,1696,14170169.75
July 2024,WEIPA,3,3,87,79,
July 2024,WESTERN DOWNS,19,19,406,337,2216812.41
July 2024,WHITSUNDAY,15,15,498,435,3524249.03
July 2024,WINTON,2,2,11,9,
August 2024,BALONNE,4,4,78,73,
August 2024,BANANA,7,7,144,135,889079.61
August 2024,BARCALDINE,2,2,14,14,
August 2024,BLACKALL TAMBO,2,2,18,18,
August 2024,BRISBANE,160,154,8631,7440,70165666.95
August 2024,BUNDABERG,32,31,1424,1108,8176153.36
August 2024,BURDEKIN,7,7,211,198,1193889.55
August 2024,CAIRNS,37,34,1899,1724,15223003.67
August 2024,CARPENTARIA,3,3,48,48,
August 2024,CASSOWARY COAST,14,14,378,345,2412685.66
August 2024,CENTRAL HIGHLANDS,15,15,365,350,2682479.35
August 2024,CHARTERS TOWERS,8,7,160,141,682424.38
August 2024,CLONCURRY,4,4,69,63,
August 2024,COOK,3,3,54,48,
August 2024,DOUGLAS,8,8,186,182,1161075.46
August 2024,FLINDERS,2,2,28,28,
August 2024,FRASER COAST,31,31,1233,1181,9341361.5
August 2024,GLADSTONE,22,21,599,570,4301377.1
August 2024,GOLD COAST,125,123,5858,5269,45413546.86
August 2024,GOONDIWINDI,10,9,167,153,690534.33
August 2024,GYMPIE,17,17,426,413,2997653.75
August 2024,HINCHINBROOK,8,8,132,97,626574.73
August 2024,IPSWICH,31,30,1794,1460,14522395.21
August 2024,ISAAC,12,12,274,274,2159572.63
August 2024,LIVINGSTONE,11,11,353,311,2439843.87
August 2024,LOCKYER VALLEY,9,9,195,186,1891581.75
August 2024,LOGAN,35,32,2237,1977,23927342.63
August 2024,LONGREACH,4,4,91,76,
August 2024,MACKAY,34,31,1607,1491,11197508.22
August 2024,MARANOA,9,8,185,144,985064.51
August 2024,MAREEBA,5,5,188,155,
August 2024,MCKINLAY,1,1,17,10,
August 2024,MORETON BAY,63,60,3610,3246,29887339.84
August 2024,MOUNT ISA,6,6,398,391,3538692.21
August 2024,MURWEH,3,3,53,53,
August 2024,NOOSA,13,13,517,502,2826861.75
August 2024,NORTH BURNETT,6,6,57,57,491473.27
August 2024,PAROO,1,1,25,25,
August 2024,QUILPIE,1,1,6,6,
August 2024,REDLAND,27,25,1316,1100,8440208.91
August 2024,RICHMOND,1,1,8,8,
August 2024,ROCKHAMPTON,31,26,1114,816,7385348.39
August 2024,SCENIC RIM,11,11,215,187,1242954.52
August 2024,SOMERSET,7,5,93,62,
August 2024,SOUTH BURNETT,12,12,303,300,2149728.49
August 2024,SOUTHERN DOWNS,14,13,395,321,1914214.22
August 2024,SUNSHINE COAST,68,66,3289,2970,20771172.51
August 2024,TABLELANDS,5,4,153,133,
August 2024,TOOWOOMBA,47,46,1695,1488,9762993.05
August 2024,TORRES,5,5,148,97,
August 2024,TOWNSVILLE,43,39,2109,1684,14002737.84
August 2024,WEIPA,3,3,87,79,
August 2024,WESTERN DOWNS,19,19,406,337,2357186.18
August 2024,WHITSUNDAY,15,15,498,435,3618031.97
August 2024,WINTON,2,2,11,9,
September 2024,BALONNE,4,4,78,73,
September 2024,BANANA,7,6,144,131,838672.01
September 2024,BARCALDINE,2,2,14,14,
September 2024,BLACKALL TAMBO,2,2,18,18,
September 2024,BRISBANE,160,154,8631,7625,63885297.95
September 2024,BUNDABERG,32,32,1424,1138,7262897.1
September 2024,BURDEKIN,7,7,211,198,1116495.71
September 2024,CAIRNS,37,34,1899,1724,13423472.92
September 2024,CARPENTARIA,3,3,48,48,
September 2024,CASSOWARY COAST,14,14,378,359,1982794.34
September 2024,CENTRAL HIGHLANDS,15,15,365,350,2543747.4
September 2024,CHARTERS TOWERS,8,7,160,141,678462.69
September 2024,CLONCURRY,4,4,69,63,
September 2024,COOK,3,3,54,48,
September 2024,DOUGLAS,8,8,186,182,1049011.86
September 2024,FLINDERS,2,2,28,28,
September 2024,FRASER COAST,31,31,1233,1172,8180082.9
September 2024,GLADSTONE,22,21,599,570,3861308.81
September 2024,GOLD COAST,125,123,5858,5273,40447224.9
September 2024,GOONDIWINDI,10,9,167,153,632924.37
September 2024,GYMPIE,17,17,426,415,2510197.24
September 2024,HINCHINBROOK,8,8,132,97,616676.66
September 2024,IPSWICH,31,30,1794,1462,12763216.94
September 2024,ISAAC,12,12,274,274,1928494.28
September 2024,LIVINGSTONE,11,11,357,315,2245149
September 2024,LOCKYER VALLEY,9,9,195,186,1767583.52
September 2024,LOGAN,35,32,2237,1977,22353777.46
September 2024,LONGREACH,4,4,91,76,
September 2024,MACKAY,34,31,1607,1491,10181942.61
September 2024,MARANOA,9,8,185,144,789567.17
September 2024,MAREEBA,5,5,188,158,
September 2024,MCKINLAY,1,1,17,10,
September 2024,MORETON BAY,63,60,3610,3301,27503941.02
September 2024,MOUNT ISA,6,6,398,388,3055696.41
September 2024,MURWEH,3,3,53,53,
September 2024,NOOSA,13,13,517,502,2546707.18
September 2024,NORTH BURNETT,6,6,57,57,452186.42
September 2024,PAROO,1,1,25,25,
September 2024,QUILPIE,1,1,6,6,
September 2024,REDLAND,27,25,1316,1101,7698334.39
September 2024,RICHMOND,1,1,8,8,
September 2024,ROCKHAMPTON,31,26,1114,866,6620913.19
September 2024,SCENIC RIM,11,11,220,187,1116449.08
September 2024,SOMERSET,7,5,93,62,
September 2024,SOUTH BURNETT,12,12,303,300,1858394.8
September 2024,SOUTHERN DOWNS,14,13,395,321,1600841.82
September 2024,SUNSHINE COAST,68,66,3289,2952,18549477.96
September 2024,TABLELANDS,5,4,153,133,
September 2024,TOOWOOMBA,47,46,1695,1488,8938028
September 2024,TORRES,5,5,148,97,
September 2024,TOWNSVILLE,43,39,2109,1684,12580672.4
September 2024,WEIPA,3,3,87,82,
September 2024,WESTERN DOWNS,19,19,406,337,2033013.84
September 2024,WHITSUNDAY,17,15,554,435,3274782.01
September 2024,WINTON,2,2,11,9,
October 2024,BALONNE,4,4,78,73,
October 2024,BANANA,7,6,144,140,744116.2
October 2024,BARCALDINE,2,2,14,14,
October 2024,BLACKALL TAMBO,2,2,18,18,
October 2024,BRISBANE,160,154,8631,7631,65915369.82
October 2024,BUNDABERG,32,32,1424,1138,7477583.66
October 2024,BURDEKIN,7,7,211,198,1185623.66
October 2024,CAIRNS,37,34,1899,1722,13939420.67
October 2024,CARPENTARIA,3,3,48,47,
October 2024,CASSOWARY COAST,14,14,378,369,2175594.41
October 2024,CENTRAL HIGHLANDS,15,15,365,350,2346284.99
October 2024,CHARTERS TOWERS,8,7,160,141,720770.14
October 2024,CLONCURRY,4,4,69,63,
October 2024,COOK,3,3,54,48,
October 2024,DOUGLAS,8,8,186,182,932726.3
October 2024,FLINDERS,2,2,28,28,
October 2024,FRASER COAST,31,31,1233,1171,8633105.85
October 2024,GLADSTONE,22,21,599,570,3919118.37
October 2024,GOLD COAST,125,123,5858,5275,43527883.57
October 2024,GOONDIWINDI,10,9,167,153,732088.51
October 2024,GYMPIE,17,17,426,415,2709419.99
October 2024,HINCHINBROOK,8,8,132,97,556955.63
October 2024,IPSWICH,31,31,1794,1480,13619158.48
October 2024,ISAAC,12,12,274,274,1850251.01
October 2024,LIVINGSTONE,11,11,357,311,2361636.7
October 2024,LOCKYER VALLEY,9,9,195,186,1866460.63
October 2024,LOGAN,35,32,2237,1965,22287300.96
October 2024,LONGREACH,4,4,91,76,
October 2024,MACKAY,34,31,1607,1491,10448899.97
October 2024,MARANOA,9,8,185,144,925515.51
October 2024,MAREEBA,5,5,188,158,
October 2024,MCKINLAY,1,1,17,10,
October 2024,MORETON BAY,63,60,3610,3302,28023476.8
October 2024,MOUNT ISA,6,6,398,391,3151351.48
October 2024,MURWEH,3,3,53,53,
October 2024,NOOSA,13,13,517,502,2795040.13
October 2024,NORTH BURNETT,6,6,57,57,429656.98
October 2024,PAROO,1,1,25,25,
October 2024,QUILPIE,1,1,6,6,
October 2024,REDLAND,27,25,1316,1101,7703360.5
October 2024,RICHMOND,1,1,8,8,
October 2024,ROCKHAMPTON,31,26,1114,866,7179949.16
October 2024,SCENIC RIM,11,11,220,187,1172352.36
October 2024,SOMERSET,7,5,93,62,
October 2024,SOUTH BURNETT,12,12,303,300,1989621.09
October 2024,SOUTHERN DOWNS,14,13,395,321,1610757.07
October 2024,SUNSHINE COAST,68,66,3289,2978,19434774.38
October 2024,TABLELANDS,5,4,153,133,
October 2024,TOOWOOMBA,47,46,1698,1490,9108064.99
October 2024,TORRES,5,5,148,97,
October 2024,TOWNSVILLE,43,39,2111,1684,13312508.03
October 2024,WEIPA,3,3,87,79,
October 2024,WESTERN DOWNS,19,19,406,337,2126611.85
October 2024,WHITSUNDAY,17,15,554,435,3427081.59
October 2024,WINTON,2,2,11,9,
November 2024,BALONNE,4,4,78,73,
November 2024,BANANA,6,6,140,140,820242.57
November 2024,BARCALDINE,2,2,14,14,
November 2024,BLACKALL TAMBO,2,2,18,18,
November 2024,BRISBANE,160,154,8631,7630,66847299.54
November 2024,BUNDABERG,32,32,1420,1135,7509540.66
November 2024,BURDEKIN,7,6,207,194,1242848.78
November 2024,CAIRNS,37,34,1895,1717,13582256.67
November 2024,CARPENTARIA,3,3,54,47,
November 2024,CASSOWARY COAST,14,14,378,359,2118160.5
November 2024,CENTRAL HIGHLANDS,15,15,365,350,2439518.1
November 2024,CHARTERS TOWERS,7,7,155,141,688330.79
November 2024,CLONCURRY,4,4,69,63,
November 2024,COOK,3,3,54,48,
November 2024,DOUGLAS,8,8,186,184,906652.29
November 2024,FLINDERS,2,2,28,28,
November 2024,FRASER COAST,31,31,1233,1171,8310826.49
November 2024,GLADSTONE,22,21,599,570,3849878.7
November 2024,GOLD COAST,125,123,5858,5279,42242113.76
November 2024,GOONDIWINDI,10,9,167,153,762876.23
November 2024,GYMPIE,17,17,426,415,2840524.68
November 2024,HINCHINBROOK,8,8,132,97,612489.61
November 2024,IPSWICH,31,31,1790,1476,12980994.75
November 2024,ISAAC,12,12,274,274,1809972.09
November 2024,LIVINGSTONE,11,11,357,315,2278494.8
November 2024,LOCKYER VALLEY,9,9,195,186,1789403.62
November 2024,LOGAN,35,32,2237,1997,22060444.02
November 2024,LONGREACH,4,4,91,76,
November 2024,MACKAY,34,31,1607,1491,10795072.55
November 2024,MARANOA,9,8,185,144,804612.24
November 2024,MAREEBA,5,5,188,158,
November 2024,MCKINLAY,1,1,17,10,
November 2024,MORETON BAY,63,60,3610,3299,27783932.18
November 2024,MOUNT ISA,6,6,398,391,3095348.69
November 2024,MURWEH,3,3,53,53,
November 2024,NOOSA,13,13,517,502,2580090.58
November 2024,NORTH BURNETT,6,6,57,57,377624.74
November 2024,PAROO,1,1,25,25,
November 2024,QUILPIE,1,1,6,6,
November 2024,REDLAND,27,25,1316,1102,8485736.98
November 2024,RICHMOND,1,1,8,8,
November 2024,ROCKHAMPTON,31,26,1209,866,7029521.62
November 2024,SCENIC RIM,11,11,220,187,1207384.71
November 2024,SOMERSET,7,5,93,62,
November 2024,SOUTH BURNETT,12,12,303,300,1848507.52
November 2024,SOUTHERN DOWNS,14,13,395,321,1715562.61
November 2024,SUNSHINE COAST,68,66,3289,2978,20127017.28
November 2024,TABLELANDS,5,4,153,133,
November 2024,TOOWOOMBA,47,46,1698,1488,9381078.39
November 2024,TORRES,5,5,148,97,
November 2024,TOWNSVILLE,43,38,2096,1639,13243839.47
November 2024,WEIPA,3,3,87,79,
November 2024,WESTERN DOWNS,19,19,406,337,1685406.13
November 2024,WHITSUNDAY,17,15,549,430,3172126.83
November 2024,WINTON,2,2,11,9,
December 2024,BALONNE,4,4,78,73,
December 2024,BANANA,6,6,140,140,754249.96
December 2024,BARCALDINE,2,2,14,14,
December 2024,BLACKALL TAMBO,2,2,18,18,
December 2024,BRISBANE,160,153,8631,7600,69211610.2
December 2024,BUNDABERG,32,32,1342,1099,7723555.57
December 2024,BURDEKIN,6,6,207,194,1108121.56
December 2024,CAIRNS,37,34,1895,1720,13824393.29
December 2024,CARPENTARIA,3,3,54,47,
December 2024,CASSOWARY COAST,14,14,378,359,2040936.95
December 2024,CENTRAL HIGHLANDS,15,15,365,350,2415568.22
December 2024,CHARTERS TOWERS,7,7,155,141,743118.25
December 2024,CLONCURRY,4,4,69,63,
December 2024,COOK,3,3,54,48,
December 2024,DOUGLAS,8,8,186,184,1047140.03
December 2024,FLINDERS,2,2,28,28,
December 2024,FRASER COAST,31,31,1233,1170,8683153.17
December 2024,GLADSTONE,22,21,599,571,4152618.71
December 2024,GOLD COAST,125,122,5872,5268,43281878.92
December 2024,GOONDIWINDI,10,9,162,153,725228.54
December 2024,GYMPIE,17,17,426,415,2919743.57
December 2024,HINCHINBROOK,8,8,132,97,466727.47
December 2024,IPSWICH,31,31,1773,1476,13639583.77
December 2024,ISAAC,12,12,274,274,1603332.93
December 2024,LIVINGSTONE,11,11,357,315,2213634.79
December 2024,LOCKYER VALLEY,9,9,195,186,1846122.06
December 2024,LOGAN,35,32,2237,1999,23373882.46
December 2024,LONGREACH,4,4,91,76,
December 2024,MACKAY,34,31,1607,1490,10932725.16
December 2024,MARANOA,9,8,185,144,774190.64
December 2024,MAREEBA,5,5,188,158,
December 2024,MCKINLAY,1,1,17,10,
December 2024,MORETON BAY,63,59,3598,3294,28551441.73
December 2024,MOUNT ISA,6,6,398,391,3197400.3
December 2024,MURWEH,3,3,53,53,
December 2024,NOOSA,13,13,517,502,2831561.28
December 2024,NORTH BURNETT,6,6,57,57,457915.36
December 2024,PAROO,1,1,25,25,
December 2024,QUILPIE,1,1,6,6,
December 2024,REDLAND,27,25,1325,1104,8478175.19
December 2024,RICHMOND,1,1,8,8,
December 2024,ROCKHAMPTON,31,26,1209,866,6857726.1
December 2024,SCENIC RIM,11,11,220,187,1161436.26
December 2024,SOMERSET,7,5,93,62,
December 2024,SOUTH BURNETT,12,12,303,300,1881134.57
December 2024,SOUTHERN DOWNS,14,13,395,321,1722413.93
December 2024,SUNSHINE COAST,67,66,3254,2978,20125173.81
December 2024,TABLELANDS,5,4,153,133,
December 2024,TOOWOOMBA,47,46,1698,1488,9538549.63
December 2024,TORRES,5,5,148,97,
December 2024,TOWNSVILLE,43,38,2105,1648,12961724.73
December 2024,WEIPA,3,3,87,79,
December 2024,WESTERN DOWNS,19,19,406,337,2041030.38
December 2024,WHITSUNDAY,17,16,555,441,2907777.07
December 2024,WINTON,2,2,11,9,
January 2025,BALONNE,4,4,78,73,
January 2025,BANANA,6,6,140,140,734358.71
January 2025,BARCALDINE,2,2,14,14,
January 2025,BLACKALL TAMBO,2,2,18,18,
January 2025,BRISBANE,160,153,8631,7601,65024565.44
January 2025,BUNDABERG,32,32,1342,1082,7059426.74
January 2025,BURDEKIN,6,6,207,194,821842.59
January 2025,CAIRNS,37,34,1895,1720,13134102.95
January 2025,CARPENTARIA,3,3,54,47,
January 2025,CASSOWARY COAST,14,14,378,371,1957218.26
January 2025,CENTRAL HIGHLANDS,15,15,365,350,2096928.8
January 2025,CHARTERS TOWERS,7,7,155,141,655725.44
January 2025,CLONCURRY,4,4,69,63,
January 2025,COOK,3,3,54,48,
January 2025,DOUGLAS,8,8,186,184,836441.33
January 2025,FLINDERS,2,2,28,28,
January 2025,FRASER COAST,31,31,1233,1174,8264904.52
January 2025,GLADSTONE,22,21,599,571,3576363.92
January 2025,GOLD COAST,124,122,5872,5270,42523134.87
January 2025,GOONDIWINDI,9,8,162,148,596789.38
January 2025,GYMPIE,17,17,426,415,2802870.96
January 2025,HINCHINBROOK,8,8,132,97,506720.55
January 2025,IPSWICH,31,31,1773,1476,12656237.79
January 2025,ISAAC,12,12,274,274,1431110.93
January 2025,LIVINGSTONE,11,11,357,315,2135154.92
January 2025,LOCKYER VALLEY,9,9,195,186,1758427.22
January 2025,LOGAN,35,32,2237,1998,21403148.59
January 2025,LONGREACH,4,4,91,76,
January 2025,MACKAY,34,31,1607,1455,10161369.55
January 2025,MARANOA,9,8,185,144,700100.39
January 2025,MAREEBA,5,5,188,158,
January 2025,MCKINLAY,1,1,17,10,
January 2025,MORETON BAY,62,59,3598,3294,27156184.45
January 2025,MOUNT ISA,6,6,398,391,2752226.49
January 2025,MURWEH,3,3,53,53,
January 2025,NOOSA,13,13,517,502,2802236.55
January 2025,NORTH BURNETT,6,6,57,57,373257.19
January 2025,PAROO,1,1,25,25,
January 2025,QUILPIE,1,1,6,6,
January 2025,REDLAND,27,25,1325,1104,8053551.96
January 2025,RICHMOND,1,1,8,8,
January 2025,ROCKHAMPTON,31,26,1209,869,6792263.07
January 2025,SCENIC RIM,11,11,220,187,1113602.94
January 2025,SOMERSET,7,5,93,62,
January 2025,SOUTH BURNETT,12,12,303,300,1804533.59
January 2025,SOUTHERN DOWNS,14,13,395,321,1737350.79
January 2025,SUNSHINE COAST,67,66,3254,2979,18588345.5
January 2025,TABLELANDS,5,4,153,133,
January 2025,TOOWOOMBA,47,46,1698,1484,8548384.77
January 2025,TORRES,5,5,148,97,
January 2025,TOWNSVILLE,43,38,2105,1647,12073376.29
January 2025,WEIPA,3,3,87,79,
January 2025,WESTERN DOWNS,19,19,406,337,1851138.73
January 2025,WHITSUNDAY,17,16,555,441,2688126.47
January 2025,WINTON,2,2,11,9,
February 2025,BALONNE,4,4,78,73,
February 2025,BANANA,6,6,140,140,674973.06
February 2025,BARCALDINE,2,2,14,14,
February 2025,BLACKALL TAMBO,2,2,18,18,
February 2025,BRISBANE,160,153,8638,7603,59795169.09
February 2025,BUNDABERG,34,32,1587,1099,6380527.47
February 2025,BURDEKIN,6,6,207,194,881143.38
February 2025,CAIRNS,38,34,1940,1719,11963430.62
February 2025,CARPENTARIA,3,3,54,47,
February 2025,CASSOWARY COAST,14,14,378,370,1858563.15
February 2025,CENTRAL HIGHLANDS,15,15,365,350,1924032.51
February 2025,CHARTERS TOWERS,7,7,155,141,685506.9
February 2025,CLONCURRY,4,4,69,63,
February 2025,COOK,3,3,54,48,
February 2025,DOUGLAS,8,8,186,184,709618.33
February 2025,FLINDERS,2,2,28,28,
February 2025,FRASER COAST,31,31,1223,1179,7743936.38
February 2025,GLADSTONE,22,21,599,577,3418272.97
February 2025,GOLD COAST,124,122,5889,5234,37842123.31
February 2025,GOONDIWINDI,9,8,162,148,596371.39
February 2025,GYMPIE,17,17,426,415,2477393.29
February 2025,HINCHINBROOK,8,8,139,97,359859.28
February 2025,IPSWICH,31,31,1773,1480,11649475.8
February 2025,ISAAC,12,12,274,274,1559106.47
February 2025,LIVINGSTONE,11,11,357,315,2069600.12
February 2025,LOCKYER VALLEY,9,9,195,186,1593096.8
February 2025,LOGAN,35,32,2237,1999,19654760.2
February 2025,LONGREACH,4,4,91,76,
February 2025,MACKAY,34,31,1621,1454,9279553.51
February 2025,MARANOA,9,8,185,145,704670.45
February 2025,MAREEBA,5,5,188,158,
February 2025,MCKINLAY,1,1,17,10,
February 2025,MORETON BAY,62,59,3598,3196,24834960.31
February 2025,MOUNT ISA,6,6,398,391,2628836.37
February 2025,MURWEH,3,3,53,53,
February 2025,NOOSA,13,13,517,505,2536940.56
February 2025,NORTH BURNETT,6,6,57,57,322753.1
February 2025,PAROO,1,1,25,25,
February 2025,QUILPIE,1,1,6,6,
February 2025,REDLAND,27,25,1310,1104,7245571.19
February 2025,RICHMOND,1,1,8,8,
February 2025,ROCKHAMPTON,31,26,1209,866,5917995.98
February 2025,SCENIC RIM,11,11,223,187,1095683.72
February 2025,SOMERSET,7,5,93,62,
February 2025,SOUTH BURNETT,12,12,303,298,1685575.14
February 2025,SOUTHERN DOWNS,14,13,404,321,1722884.53
February 2025,SUNSHINE COAST,67,66,3254,2956,17235264.13
February 2025,TABLELANDS,5,4,153,133,
February 2025,TOOWOOMBA,47,45,1694,1484,8278177.09
February 2025,TORRES,5,5,148,97,
February 2025,TOWNSVILLE,43,38,2085,1621,11329984.02
February 2025,WEIPA,3,3,87,79,
February 2025,WESTERN DOWNS,19,19,406,337,1598379.75
February 2025,WHITSUNDAY,17,17,555,481,2514190.65
February 2025,WINTON,2,2,11,9,
March 2025,BALONNE,4,4,78,73,
March 2025,BANANA,6,6,140,140,650003.39
March 2025,BARCALDINE,2,2,14,14,
March 2025,BLACKALL TAMBO,2,2,18,18,
March 2025,BRISBANE,159,153,8593,7610,64773711.19
March 2025,BUNDABERG,34,33,1587,1158,7185566.41
March 2025,BURDEKIN,6,6,207,194,954396.7
March 2025,CAIRNS,38,34,1940,1720,13455913.29
March 2025,CARPENTARIA,3,3,54,47,
March 2025,CASSOWARY COAST,14,14,373,370,2091548.03
March 2025,CENTRAL HIGHLANDS,15,15,365,350,2258630.2
March 2025,CHARTERS TOWERS,7,7,155,141,673620.54
March 2025,CLONCURRY,4,4,69,63,
March 2025,COOK,3,3,54,48,
March 2025,DOUGLAS,8,8,186,184,830209.96
March 2025,FLINDERS,2,2,28,28,
March 2025,FRASER COAST,31,31,1223,1175,8237024.99
March 2025,GLADSTONE,22,21,599,577,3966089.57
March 2025,GOLD COAST,124,122,5889,5371,40315089.84
March 2025,GOONDIWINDI,9,8,162,148,720601.41
March 2025,GYMPIE,17,17,426,415,2559005.61
March 2025,HINCHINBROOK,8,8,139,97,619468.8
March 2025,IPSWICH,31,31,1773,1476,13186578.93
March 2025,ISAAC,12,12,274,274,1729026.32
March 2025,LIVINGSTONE,11,11,357,315,2243456.81
March 2025,LOCKYER VALLEY,9,9,195,186,1640620.31
March 2025,LOGAN,35,32,2237,1999,21698363.41
March 2025,LONGREACH,4,4,91,76,
March 2025,MACKAY,34,31,1621,1357,10588099.59
March 2025,MARANOA,9,8,185,144,769027.76
March 2025,MAREEBA,5,5,188,158,
March 2025,MCKINLAY,1,1,17,10,
March 2025,MORETON BAY,62,59,3598,3205,27281547.34
March 2025,MOUNT ISA,6,6,398,391,2755345.99
March 2025,MURWEH,3,3,53,53,
March 2025,NOOSA,13,13,517,502,2607140.01
March 2025,NORTH BURNETT,6,6,57,57,388516.81
March 2025,PAROO,1,1,25,25,
March 2025,QUILPIE,1,1,6,6,
March 2025,REDLAND,27,25,1310,1104,7862528.18
March 2025,RICHMOND,1,1,8,8,
March 2025,ROCKHAMPTON,31,26,1201,866,7087833.12
March 2025,SCENIC RIM,11,11,223,187,1211612.46
March 2025,SOMERSET,7,5,93,62,
March 2025,SOUTH BURNETT,12,12,303,304,1787149.93
March 2025,SOUTHERN DOWNS,14,13,404,321,1904443.87
March 2025,SUNSHINE COAST,67,66,3266,2945,18570385.53
March 2025,TABLELANDS,5,4,153,133,
March 2025,TOOWOOMBA,47,45,1694,1431,9567307.3
March 2025,TORRES,5,5,148,97,
March 2025,TOWNSVILLE,43,38,2085,1641,13524649.28
March 2025,WEIPA,3,3,87,79,
March 2025,WESTERN DOWNS,19,19,406,337,2001831.86
March 2025,WHITSUNDAY,17,17,555,489,2913903.29
March 2025,WINTON,2,2,11,9,
April 2025,BALONNE,4,4,78,73,
April 2025,BANANA,6,6,140,140,615853.85
April 2025,BARCALDINE,2,2,11,11,
April 2025,BLACKALL TAMBO,2,2,18,18,
April 2025,BRISBANE,159,153,8593,7605,65167962.74
April 2025,BUNDABERG,34,32,1587,1155,6949251.31
April 2025,BURDEKIN,6,6,207,194,946716.33
April 2025,CAIRNS,38,34,1940,1719,13029426.8
April 2025,CARPENTARIA,3,3,54,47,
April 2025,CASSOWARY COAST,14,14,373,370,1990182.77
April 2025,CENTRAL HIGHLANDS,15,15,365,350,2059867.43
April 2025,CHARTERS TOWERS,7,7,155,141,640855.44
April 2025,CLONCURRY,4,4,69,63,
April 2025,COOK,3,3,59,48,
April 2025,DOUGLAS,8,8,186,184,897263.21
April 2025,FLINDERS,2,2,28,28,
April 2025,FRASER COAST,31,31,1223,1174,8116572.69
April 2025,GLADSTONE,22,21,599,577,3752885.46
April 2025,GOLD COAST,124,122,5894,5398,42809451.22
April 2025,GOONDIWINDI,9,8,162,148,662578.64
April 2025,GYMPIE,17,17,426,415,2504982.18
April 2025,HINCHINBROOK,8,8,139,97,518217.01
April 2025,IPSWICH,32,31,1827,1476,12561423.59
April 2025,ISAAC,12,12,274,274,1454512.1
April 2025,LIVINGSTONE,11,11,357,315,2133034.31
April 2025,LOCKYER VALLEY,9,9,190,181,1800727.8
April 2025,LOGAN,35,32,2192,1999,22781828.48
April 2025,LONGREACH,4,4,91,76,
April 2025,MACKAY,34,31,1621,1476,10097372.12
April 2025,MARANOA,9,8,185,144,809020.79
April 2025,MAREEBA,5,5,188,158,
April 2025,MCKINLAY,1,1,17,10,
April 2025,MORETON BAY,62,59,3598,3206,27552642.76
April 2025,MOUNT ISA,6,6,398,390,2664505.31
April 2025,MURWEH,3,3,53,53,
April 2025,NOOSA,13,13,517,506,2668220.23
April 2025,NORTH BURNETT,6,6,57,57,361101.54
April 2025,PAROO,1,1,25,25,
April 2025,QUILPIE,1,1,6,6,
April 2025,REDLAND,27,24,1310,1089,8357147.21
April 2025,RICHMOND,1,1,8,8,
April 2025,ROCKHAMPTON,31,25,1201,858,6292123.81
April 2025,SCENIC RIM,11,10,215,179,1158631.94
April 2025,SOMERSET,7,5,93,62,
April 2025,SOUTH BURNETT,12,12,303,303,1792798.79
April 2025,SOUTHERN DOWNS,14,13,404,321,1918268.96
April 2025,SUNSHINE COAST,67,66,3266,2939,18646299.33
April 2025,TABLELANDS,5,4,153,133,
April 2025,TOOWOOMBA,46,45,1694,1430,9096955.29
April 2025,TORRES,5,5,148,97,
April 2025,TOWNSVILLE,43,38,2085,1653,12800349.32
April 2025,WEIPA,3,3,87,79,
April 2025,WESTERN DOWNS,19,19,406,337,1988641.28
April 2025,WHITSUNDAY,17,17,555,489,3006935
April 2025,WINTON,2,2,11,9,
May 2025,BALONNE,4,4,78,73,
May 2025,BANANA,6,6,140,140,792220.56
May 2025,BARCALDINE,2,2,11,11,
May 2025,BLACKALL TAMBO,2,2,18,18,
May 2025,BRISBANE,159,154,8593,7638,72022542.64
May 2025,BUNDABERG,34,32,1587,1153,7626423.62
May 2025,BURDEKIN,6,6,207,194,1042617.07
May 2025,CAIRNS,38,34,1940,1720,13378731.2
May 2025,CARPENTARIA,3,3,54,47,
May 2025,CASSOWARY COAST,14,14,373,370,2051815.99
May 2025,CENTRAL HIGHLANDS,15,15,365,350,2465462.57
May 2025,CHARTERS TOWERS,7,7,155,141,671026.67
May 2025,CLONCURRY,4,4,69,63,
May 2025,COOK,3,3,59,48,
May 2025,DOUGLAS,8,8,186,184,1080365.77
May 2025,FLINDERS,2,2,37,28,
May 2025,FRASER COAST,31,31,1223,1177,8730166.4
May 2025,GLADSTONE,22,21,599,577,4272998.19
May 2025,GOLD COAST,124,122,5894,5399,45742836.2
May 2025,GOONDIWINDI,9,8,162,148,858039.81
May 2025,GYMPIE,17,17,426,415,2847521.12
May 2025,HINCHINBROOK,8,8,139,98,645543.96
May 2025,IPSWICH,32,31,1812,1476,14174789.13
May 2025,ISAAC,12,12,274,274,1778257.07
May 2025,LIVINGSTONE,11,11,357,312,2433905.7
May 2025,LOCKYER VALLEY,9,9,190,181,1918122.39
May 2025,LOGAN,34,32,2189,2012,23817566.32
May 2025,LONGREACH,4,4,91,76,
May 2025,MACKAY,34,31,1621,1500,11391907.29
May 2025,MARANOA,9,8,185,144,792213.43
May 2025,MAREEBA,5,5,188,158,
May 2025,MCKINLAY,1,1,17,10,
May 2025,MORETON BAY,62,60,3598,3230,29144268.81
May 2025,MOUNT ISA,6,6,398,391,2814969.42
May 2025,MURWEH,3,3,53,53,
May 2025,NOOSA,13,13,517,502,2924306.7
May 2025,NORTH BURNETT,6,6,57,57,470806.94
May 2025,PAROO,1,1,25,25,
May 2025,QUILPIE,1,1,6,6,
May 2025,REDLAND,27,24,1310,1086,8569074
May 2025,RICHMOND,1,1,8,8,
May 2025,ROCKHAMPTON,31,25,1201,858,7292193.14
May 2025,SCENIC RIM,10,10,215,179,1305703.14
May 2025,SOMERSET,7,5,93,62,
May 2025,SOUTH BURNETT,12,12,309,303,1834241.61
May 2025,SOUTHERN DOWNS,14,13,415,321,1984496.95
May 2025,SUNSHINE COAST,67,66,3268,2936,19910615.53
May 2025,TABLELANDS,5,4,153,133,
May 2025,TOOWOOMBA,46,45,1694,1432,9580382.37
May 2025,TORRES,5,5,148,97,
May 2025,TOWNSVILLE,43,38,2094,1653,13700350.76
May 2025,WEIPA,3,3,87,79,
May 2025,WESTERN DOWNS,19,19,406,337,2226663.41
May 2025,WHITSUNDAY,17,17,555,489,3277492.72
May 2025,WINTON,2,2,11,9,
June 2025,BALONNE,4,4,78,73,
June 2025,BANANA,6,6,140,140,799438.25
June 2025,BARCALDINE,2,2,11,11,
June 2025,BLACKALL TAMBO,2,2,18,18,
June 2025,BRISBANE,159,155,8583,7623,67433309.5
June 2025,BUNDABERG,34,32,1587,1162,7181212.84
June 2025,BURDEKIN,6,6,207,194,1059699.83
June 2025,CAIRNS,38,34,1940,1723,13177098.87
June 2025,CARPENTARIA,3,3,54,47,
June 2025,CASSOWARY COAST,14,14,373,370,2021633.57
June 2025,CENTRAL HIGHLANDS,15,15,365,350,2221671.88
June 2025,CHARTERS TOWERS,7,7,155,141,769343.2
June 2025,CLONCURRY,4,4,69,63,
June 2025,COOK,3,3,59,48,
June 2025,DOUGLAS,8,8,186,184,1022092.5
June 2025,FLINDERS,2,2,37,28,
June 2025,FRASER COAST,31,31,1223,1177,8048158.64
June 2025,GLADSTONE,22,21,599,577,4018087.68
June 2025,GOLD COAST,124,122,5913,5415,43397531.93
June 2025,GOONDIWINDI,9,8,162,148,692706.09
June 2025,GYMPIE,17,17,426,415,2690834.96
June 2025,HINCHINBROOK,8,8,139,98,480718.25
June 2025,IPSWICH,32,31,1821,1476,12592226.82
June 2025,ISAAC,12,12,274,274,1749207.35
June 2025,LIVINGSTONE,11,11,357,312,2278772.46
June 2025,LOCKYER VALLEY,9,9,190,181,1799476.04
June 2025,LOGAN,33,32,2189,2012,22929437.91
June 2025,LONGREACH,4,4,91,76,
June 2025,MACKAY,34,31,1621,1500,10393686.81
June 2025,MARANOA,9,8,185,144,775714.99
June 2025,MAREEBA,5,5,188,158,
June 2025,MCKINLAY,1,1,17,10,
June 2025,MORETON BAY,62,60,3598,3230,27854015.59
June 2025,MOUNT ISA,6,6,398,390,2923628.18
June 2025,MURWEH,3,3,53,53,
June 2025,NOOSA,13,13,517,505,2692223.68
June 2025,NORTH BURNETT,6,6,57,57,441766.11
June 2025,PAROO,1,1,25,25,
June 2025,QUILPIE,1,1,6,6,
June 2025,REDLAND,27,24,1295,1083,8297932.46
June 2025,RICHMOND,1,1,8,8,
June 2025,ROCKHAMPTON,30,25,1201,858,6580890.97
June 2025,SCENIC RIM,10,10,215,179,1195664.89
June 2025,SOMERSET,7,5,93,62,
June 2025,SOUTH BURNETT,12,12,309,303,1789791.62
June 2025,SOUTHERN DOWNS,14,13,415,321,1724339.75
June 2025,SUNSHINE COAST,67,66,3268,2935,18712046.26
June 2025,TABLELANDS,5,4,153,133,
June 2025,TOOWOOMBA,46,45,1694,1426,9053722.66
June 2025,TORRES,5,5,148,97,
June 2025,TOWNSVILLE,42,38,2094,1653,13063380.54
June 2025,WEIPA,3,3,87,79,
June 2025,WESTERN DOWNS,19,19,406,337,2058268.78
June 2025,WHITSUNDAY,17,17,555,498,3225439.87
June 2025,WINTON,2,2,11,9,
July 2025,BALONNE,4,4,78,73,
July 2025,BANANA,6,6,140,140,1033995.93
July 2025,BARCALDINE,2,1,,1,
July 2025,BLACKALL TAMBO,2,2,18,18,
July 2025,BRISBANE,160,155,8585,7651,75357358.1
July 2025,BUNDABERG,34,32,1587,1163,8241902.84
July 2025,BURDEKIN,6,5,196,183,
July 2025,CAIRNS,38,34,1940,1719,16531002.42
July 2025,CARPENTARIA,3,3,54,48,
July 2025,CASSOWARY COAST,14,14,373,370,2495328.32
July 2025,CENTRAL HIGHLANDS,15,15,365,350,2886047.47
July 2025,CHARTERS TOWERS,7,7,155,141,800278.43
July 2025,CLONCURRY,4,4,69,63,
July 2025,COOK,3,3,59,48,
July 2025,DOUGLAS,8,8,186,184,1121303.62
July 2025,FLINDERS,2,2,37,28,
July 2025,FRASER COAST,31,31,1223,1178,9447318.25
July 2025,GLADSTONE,22,21,599,577,4665387.6
July 2025,GOLD COAST,124,122,5907,5394,48097099.15
July 2025,GOONDIWINDI,9,8,162,148,856199.71
July 2025,GYMPIE,17,17,426,415,3037111.56
July 2025,HINCHINBROOK,8,8,139,98,664438.82
July 2025,IPSWICH,32,32,1821,1514,15142287.08
July 2025,ISAAC,12,12,277,274,1917122.31
July 2025,LIVINGSTONE,11,11,357,312,2784246.59
July 2025,LOCKYER VALLEY,9,9,190,181,2206657.4
July 2025,LOGAN,33,32,2189,2012,26809124.26
July 2025,LONGREACH,4,4,91,76,
July 2025,MACKAY,34,31,1610,1497,11993098.28
July 2025,MARANOA,9,8,185,144,921868.5
July 2025,MAREEBA,5,5,188,158,
July 2025,MCKINLAY,1,1,17,10,
July 2025,MORETON BAY,62,60,3593,3235,32218936.48
July 2025,MOUNT ISA,6,6,398,393,3385790.73
July 2025,MURWEH,3,3,53,53,
July 2025,NOOSA,13,13,517,502,2982258.69
July 2025,NORTH BURNETT,6,5,52,52,
July 2025,PAROO,1,1,25,25,
July 2025,QUILPIE,1,1,6,6,
July 2025,REDLAND,27,24,1295,1089,9051947.62
July 2025,RICHMOND,1,1,8,8,
July 2025,ROCKHAMPTON,30,26,1201,887,7859963.88
July 2025,SCENIC RIM,10,10,215,185,1388384
July 2025,SOMERSET,7,5,93,62,
July 2025,SOUTH BURNETT,12,12,309,307,2165018.91
July 2025,SOUTHERN DOWNS,14,13,413,319,2028512.87
July 2025,SUNSHINE COAST,67,66,3268,2966,21122407.77
July 2025,TABLELANDS,5,4,153,133,
July 2025,TOOWOOMBA,46,45,1694,1474,10951523.32
July 2025,TORRES,5,5,148,96,
July 2025,TOWNSVILLE,42,38,2098,1655,15464912
July 2025,WEIPA,3,3,87,79,
July 2025,WESTERN DOWNS,19,19,406,337,2385838.12
July 2025,WHITSUNDAY,17,17,555,495,3833516.46
July 2025,WINTON,2,2,11,9,
August 2025,BALONNE,4,4,78,73,
August 2025,BANANA,6,6,140,140,913740.17
August 2025,BARCALDINE,1,,,,
August 2025,BLACKALL TAMBO,2,2,18,18,
August 2025,BRISBANE,160,155,8535,7581,78486664.49
August 2025,BUNDABERG,34,32,1587,1168,8839846.29
August 2025,BURDEKIN,6,5,196,183,
August 2025,CAIRNS,38,34,1940,1715,15978240.73
August 2025,CARPENTARIA,3,3,54,48,
August 2025,CASSOWARY COAST,14,14,373,369,2638752.41
August 2025,CENTRAL HIGHLANDS,15,15,365,350,2836462.18
August 2025,CHARTERS TOWERS,7,7,155,141,880333.3
August 2025,CLONCURRY,4,4,69,63,
August 2025,COOK,3,3,59,48,
August 2025,DOUGLAS,8,8,186,184,1201929.29
August 2025,FLINDERS,2,2,37,28,
August 2025,FRASER COAST,31,31,1223,1177,9736536.48
August 2025,GLADSTONE,22,21,599,577,4659964.07
August 2025,GOLD COAST,124,122,5907,5398,52122758.03
August 2025,GOONDIWINDI,9,8,162,148,874528.99
August 2025,GYMPIE,17,17,435,415,2970496.83
August 2025,HINCHINBROOK,8,8,139,98,575749.83
August 2025,IPSWICH,32,32,1821,1525,15993766.74
August 2025,ISAAC,12,12,277,274,1975023.14
August 2025,LIVINGSTONE,11,11,357,311,2723931.07
August 2025,LOCKYER VALLEY,9,9,190,181,2398453.03
August 2025,LOGAN,33,32,2189,2012,27559334.09
August 2025,LONGREACH,4,4,91,76,
August 2025,MACKAY,34,31,1618,1488,12647089.61
August 2025,MARANOA,9,8,185,143,982849.25
August 2025,MAREEBA,5,5,188,158,
August 2025,MCKINLAY,1,1,17,10,
August 2025,MORETON BAY,62,60,3626,3231,33414000.08
August 2025,MOUNT ISA,6,6,398,390,3390614.65
August 2025,MURWEH,3,3,53,53,
August 2025,NOOSA,13,13,517,502,2953549.84
August 2025,NORTH BURNETT,5,5,52,52,
August 2025,PAROO,1,1,25,25,
August 2025,QUILPIE,1,1,6,6,
August 2025,REDLAND,27,24,1295,1082,9399631.57
August 2025,RICHMOND,1,1,8,8,
August 2025,ROCKHAMPTON,30,26,1201,887,8307946.95
August 2025,SCENIC RIM,10,10,215,185,1263146.63
August 2025,SOMERSET,7,5,93,62,
August 2025,SOUTH BURNETT,12,12,309,307,2001098.86
August 2025,SOUTHERN DOWNS,14,13,413,319,2087868.9
August 2025,SUNSHINE COAST,67,65,3295,2979,21857155.48
August 2025,TABLELANDS,5,4,153,133,
August 2025,TOOWOOMBA,46,44,1694,1464,10537750.06
August 2025,TORRES,5,5,148,97,
August 2025,TOWNSVILLE,42,38,2098,1638,14968540.76
August 2025,WEIPA,3,3,87,79,
August 2025,WESTERN DOWNS,19,19,406,337,2278371.35
August 2025,WHITSUNDAY,17,17,555,495,3983205.79
August 2025,WINTON,2,2,11,9,
September 2025,BALONNE,4,4,78,73,
September 2025,BANANA,6,6,140,140,884822.23
September 2025,BARCALDINE,1,,,,
September 2025,BLACKALL TAMBO,2,2,18,18,
September 2025,BRISBANE,160,155,8535,7680,71203485.98
September 2025,BUNDABERG,34,32,1587,1169,7991263.38
September 2025,BURDEKIN,6,5,196,183,
September 2025,CAIRNS,38,34,1940,1720,14221358.74
September 2025,CARPENTARIA,3,3,54,48,
September 2025,CASSOWARY COAST,14,14,373,369,2428835.12
September 2025,CENTRAL HIGHLANDS,15,15,365,351,2629422.11
September 2025,CHARTERS TOWERS,7,7,155,140,708067.45
September 2025,CLONCURRY,4,4,69,63,
September 2025,COOK,3,3,59,48,
September 2025,DOUGLAS,9,8,202,184,1070914.1
September 2025,FLINDERS,2,2,37,28,
September 2025,FRASER COAST,31,31,1223,1179,8775766.13
September 2025,GLADSTONE,22,21,599,577,4320368.12
September 2025,GOLD COAST,124,122,5907,5430,45617004.06
September 2025,GOONDIWINDI,9,8,162,148,663791.22
September 2025,GYMPIE,17,17,435,415,2959480.77
September 2025,HINCHINBROOK,8,8,139,98,638581.69
September 2025,IPSWICH,32,32,1821,1526,14545287.16
September 2025,ISAAC,12,12,277,274,1835183.28
September 2025,LIVINGSTONE,11,11,357,312,2458010.78
September 2025,LOCKYER VALLEY,9,9,190,181,2072675.84
September 2025,LOGAN,33,31,2149,1972,25033573.97
September 2025,LONGREACH,4,4,91,76,
September 2025,MACKAY,34,31,1618,1488,11376004.65
September 2025,MARANOA,9,8,185,144,841840
September 2025,MAREEBA,5,5,188,158,
September 2025,MCKINLAY,1,1,17,10,
September 2025,MORETON BAY,62,60,3626,3235,29640691.66
September 2025,MOUNT ISA,6,6,398,391,2935533.08
September 2025,MURWEH,3,3,53,53,
September 2025,NOOSA,13,12,517,467,2594373.9
September 2025,NORTH BURNETT,5,5,52,52,
September 2025,PAROO,1,1,25,25,
September 2025,QUILPIE,1,1,6,6,
September 2025,REDLAND,27,24,1295,1083,8620072.02
September 2025,RICHMOND,1,1,8,8,
September 2025,ROCKHAMPTON,30,26,1201,887,7347951.11
September 2025,SCENIC RIM,10,10,215,185,1360720.23
September 2025,SOMERSET,7,5,93,62,
September 2025,SOUTH BURNETT,12,12,309,307,1829158.02
September 2025,SOUTHERN DOWNS,14,13,413,319,1864317.59
September 2025,SUNSHINE COAST,66,65,3295,2992,20287081.92
September 2025,TABLELANDS,5,4,153,133,
September 2025,TOOWOOMBA,46,45,1694,1476,9568838.56
September 2025,TORRES,5,5,148,97,
September 2025,TOWNSVILLE,43,38,2143,1653,13383179.56
September 2025,WEIPA,3,3,87,79,
September 2025,WESTERN DOWNS,19,19,406,337,2193399.44
September 2025,WHITSUNDAY,17,17,555,499,3511721.58
September 2025,WINTON,2,2,11,9,
October 2025,BALONNE,4,4,78,73,
October 2025,BANANA,6,6,140,144,927234.65
October 2025,BARCALDINE,1,,,,
October 2025,BLACKALL TAMBO,2,2,18,18,
October 2025,BRISBANE,160,155,8540,7726,75275697.81
October 2025,BUNDABERG,34,32,1587,1173,8399264.65
October 2025,BURDEKIN,6,5,196,183,
October 2025,CAIRNS,38,34,1940,1720,15101652.64
October 2025,CARPENTARIA,3,3,54,48,
October 2025,CASSOWARY COAST,14,14,378,374,2436847.21
October 2025,CENTRAL HIGHLANDS,15,15,365,350,2710725.46
October 2025,CHARTERS TOWERS,7,7,155,142,743238.9
October 2025,CLONCURRY,4,4,69,63,
October 2025,COOK,3,3,59,49,
October 2025,DOUGLAS,9,8,202,184,1035723.28
October 2025,FLINDERS,2,2,37,28,
October 2025,FRASER COAST,31,31,1223,1191,9330908.08
October 2025,GLADSTONE,22,21,599,583,4269628.74
October 2025,GOLD COAST,124,122,5912,5493,49290652.81
October 2025,GOONDIWINDI,9,8,162,148,883357.65
October 2025,GYMPIE,17,17,435,421,2755409.19
October 2025,HINCHINBROOK,8,8,129,98,595538.64
October 2025,IPSWICH,32,32,1826,1538,15339486.11
October 2025,ISAAC,12,12,277,275,1929877.11
October 2025,LIVINGSTONE,11,11,365,315,2664065.5
October 2025,LOCKYER VALLEY,9,9,201,181,2092214.11
October 2025,LOGAN,33,31,2154,2003,26201572.43
October 2025,LONGREACH,4,4,91,76,
October 2025,MACKAY,34,31,1627,1480,11867263.03
October 2025,MARANOA,9,8,185,144,856250.73
October 2025,MAREEBA,5,5,188,163,
October 2025,MCKINLAY,1,1,17,10,
October 2025,MORETON BAY,62,60,3626,3260,32227584.51
October 2025,MOUNT ISA,6,6,398,392,3144212.34
October 2025,MURWEH,3,3,53,53,
October 2025,NOOSA,13,13,517,501,2866637.44
October 2025,NORTH BURNETT,5,5,54,52,
October 2025,PAROO,1,1,25,25,
October 2025,QUILPIE,1,1,6,6,
October 2025,REDLAND,27,25,1295,1101,9315917.59
October 2025,RICHMOND,1,1,8,8,
October 2025,ROCKHAMPTON,30,27,1201,927,8029828.13
October 2025,SCENIC RIM,10,10,215,185,1243794.41
October 2025,SOMERSET,7,5,102,62,
October 2025,SOUTH BURNETT,12,12,309,307,2020759.62
October 2025,SOUTHERN DOWNS,14,13,413,319,1913448.03
October 2025,SUNSHINE COAST,66,65,3295,3006,21497452.97
October 2025,TABLELANDS,5,4,153,133,
October 2025,TOOWOOMBA,46,45,1680,1496,9923088.14
October 2025,TORRES,5,5,148,97,
October 2025,TOWNSVILLE,43,38,2143,1660,13867177.73
October 2025,WEIPA,3,3,87,79,
October 2025,WESTERN DOWNS,19,19,406,344,2412131.44
October 2025,WHITSUNDAY,17,17,555,497,3757031.4
October 2025,WINTON,2,2,11,9,
November 2025,BALONNE,4,4,78,73,
November 2025,BANANA,6,6,140,140,982511.06
November 2025,BARCALDINE,1,,,,
November 2025,BLACKALL TAMBO,2,2,18,18,
November 2025,BRISBANE,161,155,8590,7682,71280183.58
November 2025,BUNDABERG,34,32,1587,1169,8068926.24
November 2025,BURDEKIN,6,5,196,183,
November 2025,CAIRNS,38,34,1940,1720,14493108.7
November 2025,CARPENTARIA,3,3,54,48,
November 2025,CASSOWARY COAST,14,14,378,369,2328607.86
November 2025,CENTRAL HIGHLANDS,15,15,365,349,2382628.19
November 2025,CHARTERS TOWERS,7,7,155,140,725657.82
November 2025,CLONCURRY,4,4,69,63,
November 2025,COOK,3,3,59,48,
November 2025,DOUGLAS,9,8,202,184,993646.93
November 2025,FLINDERS,2,2,37,28,
November 2025,FRASER COAST,31,31,1223,1178,9227329.97
November 2025,GLADSTONE,22,21,599,577,4377510.24
November 2025,GOLD COAST,124,122,5912,5432,47966330.67
November 2025,GOONDIWINDI,9,8,162,148,836132.07
November 2025,GYMPIE,17,17,435,415,2873350.91
November 2025,HINCHINBROOK,8,7,129,94,584887.27
November 2025,IPSWICH,32,32,1826,1534,14784357.91
November 2025,ISAAC,12,12,277,274,1769571.08
November 2025,LIVINGSTONE,11,11,365,315,2267606.22
November 2025,LOCKYER VALLEY,9,9,201,181,1900184.87
November 2025,LOGAN,33,31,2154,1972,24597495.43
November 2025,LONGREACH,4,4,91,76,
November 2025,MACKAY,34,31,1635,1493,11501281.24
November 2025,MARANOA,9,8,185,144,855904.74
November 2025,MAREEBA,5,5,188,158,
November 2025,MCKINLAY,1,1,17,10,
November 2025,MORETON BAY,62,60,3626,3295,29611860.65
November 2025,MOUNT ISA,6,6,398,391,2824831.02
November 2025,MURWEH,3,3,53,53,
November 2025,NOOSA,13,13,517,502,2947809.04
November 2025,NORTH BURNETT,5,5,54,52,
November 2025,PAROO,1,1,25,25,
November 2025,QUILPIE,1,1,6,6,
November 2025,REDLAND,27,26,1295,1133,8818728.18
November 2025,RICHMOND,1,1,8,8,
November 2025,ROCKHAMPTON,30,28,1201,972,7649419
November 2025,SCENIC RIM,10,10,215,185,1300828.99
November 2025,SOMERSET,7,5,102,62,
November 2025,SOUTH BURNETT,12,12,309,307,1995866.16
November 2025,SOUTHERN DOWNS,14,13,413,325,1872727.34
November 2025,SUNSHINE COAST,66,65,3295,2995,21024637.54
November 2025,TABLELANDS,5,4,153,133,
November 2025,TOOWOOMBA,46,44,1680,1469,9914057.74
November 2025,TORRES,5,5,148,97,
November 2025,TOWNSVILLE,43,38,2143,1653,13426572.38
November 2025,WEIPA,3,3,87,79,
November 2025,WESTERN DOWNS,19,19,406,340,2267915.53
November 2025,WHITSUNDAY,17,17,555,495,3384480.8
November 2025,WINTON,2,2,11,9,
December 2025,BALONNE,4,4,78,73,
December 2025,BANANA,6,6,140,140,838702.84
December 2025,BLACKALL TAMBO,2,2,18,18,
December 2025,BRISBANE,160,156,8545,7693,76833894.78
December 2025,BUNDABERG,34,32,1587,1169,7968976.83
December 2025,BURDEKIN,6,5,196,183,
December 2025,CAIRNS,38,34,1940,1723,14992053.14
December 2025,CARPENTARIA,3,3,54,48,
December 2025,CASSOWARY COAST,14,14,378,369,2329435.28
December 2025,CENTRAL HIGHLANDS,15,15,365,350,2412768.11
December 2025,CHARTERS TOWERS,7,7,155,141,789339.41
December 2025,CLONCURRY,4,4,69,63,
December 2025,COOK,3,3,59,48,
December 2025,DOUGLAS,9,8,202,184,959415.14
December 2025,FLINDERS,2,2,37,28,
December 2025,FRASER COAST,31,31,1223,1178,9072517.27
December 2025,GLADSTONE,22,21,599,576,4517665.71
December 2025,GOLD COAST,124,121,5880,5416,48928511.49
December 2025,GOONDIWINDI,9,8,162,148,766614.23
December 2025,GYMPIE,17,17,435,415,2855483.82
December 2025,HINCHINBROOK,7,7,129,95,601206.91
December 2025,IPSWICH,32,32,1824,1532,15251747.94
December 2025,ISAAC,12,12,277,274,1752885.78
December 2025,LIVINGSTONE,11,11,365,315,2496062.8
December 2025,LOCKYER VALLEY,9,9,201,181,2021839.27
December 2025,LOGAN,32,31,2153,1981,25619648.75
December 2025,LONGREACH,4,4,91,76,
December 2025,MACKAY,34,31,1608,1495,11711938.4
December 2025,MARANOA,9,8,185,144,770087.33
December 2025,MAREEBA,5,5,188,158,
December 2025,MCKINLAY,1,1,17,10,
December 2025,MORETON BAY,62,60,3619,3303,32267398.52
December 2025,MOUNT ISA,6,6,398,391,2997937.71
December 2025,MURWEH,3,3,53,53,
December 2025,NOOSA,13,13,517,503,3283753.41
December 2025,NORTH BURNETT,5,5,54,52,
December 2025,PAROO,1,1,25,25,
December 2025,QUILPIE,1,1,6,6,
December 2025,REDLAND,27,26,1287,1131,9060664.1
December 2025,RICHMOND,1,1,8,8,
December 2025,ROCKHAMPTON,30,28,1198,969,7977414.46
December 2025,SCENIC RIM,10,10,215,185,1301786.79
December 2025,SOMERSET,7,5,102,62,
December 2025,SOUTH BURNETT,12,12,309,307,1926682.17
December 2025,SOUTHERN DOWNS,14,13,413,325,1999979.14
December 2025,SUNSHINE COAST,66,65,3285,2989,21401862.61
December 2025,TABLELANDS,5,4,153,133,
December 2025,TOOWOOMBA,45,43,1670,1454,10234172.98
December 2025,TORRES,5,5,148,97,
December 2025,TOWNSVILLE,43,38,2143,1656,14088957.58
December 2025,WEIPA,3,3,87,79,
December 2025,WESTERN DOWNS,19,19,406,340,2107565.5
December 2025,WHITSUNDAY,17,17,555,495,3137816.73
December 2025,WINTON,2,2,11,9,
January 2026,BALONNE,4,4,78,73,
January 2026,BANANA,6,6,140,140,780172.47
January 2026,BLACKALL TAMBO,2,2,18,18,
January 2026,BRISBANE,160,155,8543,7591,71230642.57
January 2026,BUNDABERG,34,32,1587,1169,8095065.77
January 2026,BURDEKIN,6,5,196,183,
January 2026,CAIRNS,38,34,1950,1720,13523463.86
January 2026,CARPENTARIA,3,3,54,48,
January 2026,CASSOWARY COAST,14,14,378,369,2292831.88
January 2026,CENTRAL HIGHLANDS,15,15,365,350,2303359.65
January 2026,CHARTERS TOWERS,7,7,155,141,722354.06
January 2026,CLONCURRY,4,4,69,63,
January 2026,COOK,3,3,59,48,
January 2026,DOUGLAS,9,8,202,184,822695.72
January 2026,FLINDERS,2,2,37,28,
January 2026,FRASER COAST,31,31,1223,1178,9092655.84
January 2026,GLADSTONE,22,21,599,577,4022451.31
January 2026,GOLD COAST,123,121,5886,5424,48737123.43
January 2026,GOONDIWINDI,9,8,162,148,707305.71
January 2026,GYMPIE,17,17,435,415,2860202.05
January 2026,HINCHINBROOK,7,7,129,95,535624.27
January 2026,IPSWICH,32,32,1824,1545,13922750.05
January 2026,ISAAC,12,12,277,274,1624865.32
January 2026,LIVINGSTONE,11,11,365,315,2369290.12
January 2026,LOCKYER VALLEY,9,9,201,181,2011850.66
January 2026,LOGAN,32,31,2153,1997,24128616.98
January 2026,LONGREACH,4,4,91,76,
January 2026,MACKAY,34,31,1608,1484,10910900.34
January 2026,MARANOA,9,8,185,144,689891.4
January 2026,MAREEBA,5,5,188,158,
January 2026,MCKINLAY,1,1,17,10,
January 2026,MORETON BAY,61,60,3574,3269,30251057
January 2026,MOUNT ISA,6,6,398,391,2828865.26
January 2026,MURWEH,3,3,53,53,
January 2026,NOOSA,13,13,517,502,3428288.56
January 2026,NORTH BURNETT,5,5,54,52,
January 2026,PAROO,1,1,25,25,
January 2026,QUILPIE,1,1,6,6,
January 2026,REDLAND,27,26,1287,1131,9129805.85
January 2026,RICHMOND,1,1,8,8,
January 2026,ROCKHAMPTON,30,28,1198,969,6979622.6
January 2026,SCENIC RIM,10,10,215,185,1287665.88
January 2026,SOMERSET,7,5,102,64,
January 2026,SOUTH BURNETT,12,12,309,307,1736352.17
January 2026,SOUTHERN DOWNS,14,13,413,324,1920949.79
January 2026,SUNSHINE COAST,66,65,3285,2989,20965585.18
January 2026,TABLELANDS,5,4,153,133,
January 2026,TOOWOOMBA,45,44,1670,1457,9621443.71
January 2026,TORRES,5,5,148,97,
January 2026,TOWNSVILLE,42,38,2118,1657,12864151.52
January 2026,WEIPA,3,3,87,79,
January 2026,WESTERN DOWNS,19,19,406,340,1942750.07
January 2026,WHITSUNDAY,17,17,555,491,2873647.72
January 2026,WINTON,2,2,11,9,
February 2026,BALONNE,4,4,78,73,
February 2026,BANANA,6,6,140,140,688940.75
February 2026,BLACKALL TAMBO,2,2,18,18,
February 2026,BRISBANE,159,155,8486,7647,64138903.18
February 2026,BUNDABERG,34,32,1587,1169,6942000.1
February 2026,BURDEKIN,6,5,196,183,
February 2026,CAIRNS,38,34,1950,1720,12314406.26
February 2026,CARPENTARIA,3,3,54,48,
February 2026,CASSOWARY COAST,14,14,378,369,1845427.63
February 2026,CENTRAL HIGHLANDS,15,15,365,350,2102249.31
February 2026,CHARTERS TOWERS,7,7,155,144,577776.74
February 2026,CLONCURRY,4,4,69,63,
February 2026,COOK,3,3,59,50,
February 2026,DOUGLAS,9,8,202,184,700471.48
February 2026,FLINDERS,2,2,37,28,
February 2026,FRASER COAST,31,31,1223,1178,8177872.24
February 2026,GLADSTONE,22,21,610,577,3665525.89
February 2026,GOLD COAST,123,121,5886,5423,43190550.16
February 2026,GOONDIWINDI,9,8,162,148,625183.88
February 2026,GYMPIE,17,17,435,415,2534560.2
February 2026,HINCHINBROOK,7,7,129,95,496787.42
February 2026,IPSWICH,32,32,1824,1545,13425912.94
February 2026,ISAAC,12,12,277,274,1665916.32
February 2026,LIVINGSTONE,11,11,367,315,2160665.4
February 2026,LOCKYER VALLEY,9,9,201,184,1601723.13
February 2026,LOGAN,32,31,2153,1998,21910419.87
February 2026,LONGREACH,4,4,91,76,
February 2026,MACKAY,35,31,1628,1488,10046642.8
February 2026,MARANOA,9,8,185,144,705994.2
February 2026,MAREEBA,5,5,188,158,
February 2026,MCKINLAY,1,1,17,10,
February 2026,MORETON BAY,61,59,3566,3262,26348743.78
February 2026,MOUNT ISA,6,6,398,390,2890950.28
February 2026,MURWEH,3,3,61,53,
February 2026,NOOSA,12,12,516,498,2851982.63
February 2026,NORTH BURNETT,4,4,54,46,
February 2026,PAROO,1,1,25,25,
February 2026,QUILPIE,1,1,6,6,
February 2026,REDLAND,27,26,1287,1127,8045165.37
February 2026,RICHMOND,1,1,8,8,
February 2026,ROCKHAMPTON,30,29,1208,988,6575079
February 2026,SCENIC RIM,10,10,215,184,1296685.8
February 2026,SOMERSET,7,5,102,64,
February 2026,SOUTH BURNETT,12,12,309,307,1673570.17
February 2026,SOUTHERN DOWNS,14,13,413,325,1793815.07
February 2026,SUNSHINE COAST,66,65,3285,2989,18100864.42
February 2026,TABLELANDS,5,4,153,133,
February 2026,TOOWOOMBA,45,44,1663,1451,9027269.19
February 2026,TORRES,5,5,148,97,
February 2026,TOWNSVILLE,42,38,2118,1657,12476757.49
February 2026,WEIPA,3,3,87,79,
February 2026,WESTERN DOWNS,19,19,406,340,1773870.96
February 2026,WHITSUNDAY,17,17,555,495,2728714.47
February 2026,WINTON,2,2,11,9,
March 2026,BALONNE,4,4,78,73,
March 2026,BANANA,6,6,140,140,873698.22
March 2026,BLACKALL TAMBO,2,2,18,18,
March 2026,BRISBANE,159,155,8486,7601,70568138.52
March 2026,BUNDABERG,34,31,1587,1140,7178932
March 2026,BURDEKIN,6,5,196,183,
March 2026,CAIRNS,38,33,1950,1680,13500144
March 2026,CARPENTARIA,3,3,60,48,
March 2026,CASSOWARY COAST,14,14,378,369,2190373.43
March 2026,CENTRAL HIGHLANDS,15,15,365,350,2385739.81
March 2026,CHARTERS TOWERS,7,7,155,144,696077.65
March 2026,CLONCURRY,4,4,69,63,
March 2026,COOK,3,3,59,53,
March 2026,DOUGLAS,9,8,202,184,861111.24
March 2026,FLINDERS,2,2,37,28,
March 2026,FRASER COAST,31,31,1223,1178,8789915.66
March 2026,GLADSTONE,22,21,610,577,4187555.02
March 2026,GOLD COAST,123,121,5886,5423,44931261.67
March 2026,GOONDIWINDI,9,8,162,148,646502.92
March 2026,GYMPIE,17,17,435,415,2789554.33
March 2026,HINCHINBROOK,7,7,129,95,517885.65
March 2026,IPSWICH,32,32,1824,1556,14228605.4
March 2026,ISAAC,12,12,277,274,1608896.89
March 2026,LIVINGSTONE,11,11,367,315,2090669.89
March 2026,LOCKYER VALLEY,9,9,201,184,1735451.36
March 2026,LOGAN,32,31,2153,2012,23953737.2
March 2026,LONGREACH,4,4,91,81,
March 2026,MACKAY,35,31,1628,1485,10613325.12
March 2026,MARANOA,9,8,185,144,822851.15
March 2026,MAREEBA,5,5,188,158,
March 2026,MCKINLAY,1,1,17,10,
March 2026,MORETON BAY,60,59,3566,3268,29139616.55
March 2026,MOUNT ISA,6,6,398,392,3048738.99
March 2026,MURWEH,3,3,61,53,
March 2026,NOOSA,12,12,516,497,3054653.27
March 2026,NORTH BURNETT,4,4,63,46,
March 2026,PAROO,1,1,25,25,
March 2026,QUILPIE,1,1,6,6,
March 2026,REDLAND,27,26,1287,1133,8661841.77
March 2026,RICHMOND,1,1,8,8,
March 2026,ROCKHAMPTON,30,29,1208,995,6791134.43
March 2026,SCENIC RIM,10,10,215,187,1354089.8
March 2026,SOMERSET,7,5,102,64,
March 2026,SOUTH BURNETT,12,12,318,307,2039896.43
March 2026,SOUTHERN DOWNS,14,13,422,325,2018415.59
March 2026,SUNSHINE COAST,66,65,3285,2990,20243453.45
March 2026,TABLELANDS,5,4,153,133,
March 2026,TOOWOOMBA,45,44,1663,1449,9489605.44
March 2026,TORRES,5,5,148,97,
March 2026,TOWNSVILLE,42,38,2118,1657,12960866.85
March 2026,WEIPA,3,3,87,79,
March 2026,WESTERN DOWNS,19,19,413,340,2027309.48
March 2026,WHITSUNDAY,17,17,602,495,3222505.4
March 2026,WINTON,2,2,11,9,
April 2026,BALONNE,4,4,78,73,
April 2026,BANANA,6,6,140,140,850976.58
April 2026,BLACKALL TAMBO,2,2,18,18,
April 2026,BRISBANE,159,155,8468,7628,68837888.44
April 2026,BUNDABERG,34,31,1587,1142,7224290.51
April 2026,BURDEKIN,6,5,196,183,
April 2026,CAIRNS,37,33,1930,1680,13326079.22
April 2026,CARPENTARIA,3,3,60,48,
April 2026,CASSOWARY COAST,14,14,378,370,2174677.85
April 2026,CENTRAL HIGHLANDS,15,15,365,350,2338544.1
April 2026,CHARTERS TOWERS,7,7,155,144,689582.16
April 2026,CLONCURRY,4,4,69,63,
April 2026,COOK,3,3,59,53,
April 2026,DOUGLAS,9,8,202,184,926984.37
April 2026,FLINDERS,2,2,37,28,
April 2026,FRASER COAST,31,31,1223,1178,8197556.52
April 2026,GLADSTONE,22,21,610,577,3952040.36
April 2026,GOLD COAST,123,121,5904,5453,43967941.35
April 2026,GOONDIWINDI,9,8,162,148,577810.88
April 2026,GYMPIE,17,17,435,415,2691781.89
April 2026,HINCHINBROOK,7,7,129,100,513440.74
April 2026,IPSWICH,32,32,1820,1556,13585354.48
April 2026,ISAAC,12,12,277,274,1579253.95
April 2026,LIVINGSTONE,11,11,367,301,2440906.73
April 2026,LOCKYER VALLEY,9,9,201,184,1900413.97
April 2026,LOGAN,32,31,2153,2006,23757528.48
April 2026,LONGREACH,4,4,91,81,
April 2026,MACKAY,35,30,1619,1473,10366730.03
April 2026,MARANOA,9,8,185,144,685315.13
April 2026,MAREEBA,5,5,188,158,
April 2026,MCKINLAY,1,1,17,10,
April 2026,MORETON BAY,60,59,3566,3262,28612801.76
April 2026,MOUNT ISA,6,6,398,368,2830750.37
April 2026,MURWEH,3,3,61,53,
April 2026,NOOSA,12,12,516,501,2907835.67
April 2026,NORTH BURNETT,4,4,63,46,
April 2026,PAROO,1,1,25,25,
April 2026,QUILPIE,1,1,6,6,
April 2026,REDLAND,27,26,1287,1133,8819220.12
April 2026,RICHMOND,1,1,8,8,
April 2026,ROCKHAMPTON,30,29,1208,997,7213411.51
April 2026,SCENIC RIM,10,10,230,187,1307822.82
April 2026,SOMERSET,7,5,102,64,
April 2026,SOUTH BURNETT,12,12,318,307,1896702.04
April 2026,SOUTHERN DOWNS,14,13,422,325,1806439.93
April 2026,SUNSHINE COAST,66,65,3285,2992,18648167.71
April 2026,TABLELANDS,5,4,153,133,
April 2026,TOOWOOMBA,45,44,1647,1449,9249742.65
April 2026,TORRES,5,5,148,97,
April 2026,TOWNSVILLE,42,38,2118,1657,12586547.15
April 2026,WEIPA,3,3,87,79,
April 2026,WESTERN DOWNS,19,19,413,340,2033166.85
April 2026,WHITSUNDAY,17,17,602,495,3312034.71
April 2026,WINTON,2,2,11,9,
May 2026,BALONNE,4,4,78,73,
May 2026,BANANA,6,6,140,140,1040644.98
May 2026,BLACKALL TAMBO,2,2,18,18,
May 2026,BRISBANE,159,155,8468,7613,75838096.76
May 2026,BUNDABERG,34,31,1587,1142,7943130.8
May 2026,BURDEKIN,6,5,196,183,
May 2026,CAIRNS,37,34,1930,1700,14266306.71
May 2026,CARPENTARIA,3,3,60,48,
May 2026,CASSOWARY COAST,14,14,378,370,2316686.82
May 2026,CENTRAL HIGHLANDS,15,15,365,350,2585155.02
May 2026,CHARTERS TOWERS,7,7,155,144,659945.82
May 2026,CLONCURRY,4,4,69,63,
May 2026,COOK,3,3,59,53,
May 2026,DOUGLAS,9,8,202,184,1028104.66
May 2026,FLINDERS,2,2,37,28,
May 2026,FRASER COAST,31,31,1223,1178,8919159.6
May 2026,GLADSTONE,22,21,610,577,4381922.51
May 2026,GOLD COAST,123,121,5903,5461,47294268.56
May 2026,GOONDIWINDI,9,8,162,148,744903.25
May 2026,GYMPIE,17,17,435,414,2980490.3
May 2026,HINCHINBROOK,7,7,129,100,506654.74
May 2026,IPSWICH,32,32,1820,1551,15176351.53
May 2026,ISAAC,12,12,277,274,1547093.67
May 2026,LIVINGSTONE,11,11,367,250,2376105.53
May 2026,LOCKYER VALLEY,9,9,201,184,1929696.3
May 2026,LOGAN,32,31,2153,2014,25290008.3
May 2026,LONGREACH,4,4,91,81,
May 2026,MACKAY,35,30,1627,1472,11126548.37
May 2026,MARANOA,9,8,185,144,811358.15
May 2026,MAREEBA,5,5,188,158,
May 2026,MCKINLAY,1,1,17,10,
May 2026,MORETON BAY,60,59,3566,3264,30410961.71
May 2026,MOUNT ISA,6,6,398,368,2618384.47
May 2026,MURWEH,3,3,61,53,
May 2026,NOOSA,12,12,516,501,3071438.3
May 2026,NORTH BURNETT,4,4,63,46,
May 2026,PAROO,1,1,25,25,
May 2026,QUILPIE,1,1,6,6,
May 2026,REDLAND,27,26,1287,1124,9059353.24
May 2026,RICHMOND,1,1,8,8,
May 2026,ROCKHAMPTON,30,29,1208,996,7495068.76
May 2026,SCENIC RIM,10,10,230,191,1476419.87
May 2026,SOMERSET,7,5,102,64,
May 2026,SOUTH BURNETT,12,12,318,307,2064256.97
May 2026,SOUTHERN DOWNS,14,13,422,339,1872336
May 2026,SUNSHINE COAST,66,64,3278,2983,20610284.61
May 2026,TABLELANDS,5,4,153,133,
May 2026,TOOWOOMBA,45,44,1647,1438,10149968.98
May 2026,TORRES,5,5,148,97,
May 2026,TOWNSVILLE,42,39,2118,1687,13555555.06
May 2026,WEIPA,3,3,87,79,
May 2026,WESTERN DOWNS,19,19,413,340,2201193.49
May 2026,WHITSUNDAY,17,17,602,495,3673235.36
May 2026,WINTON,2,2,11,9,
June 2026,BALONNE,4,4,78,73,
June 2026,BANANA,6,6,140,140,945486.03
June 2026,BLACKALL TAMBO,2,2,18,18,
June 2026,BRISBANE,159,156,8468,7636,70711096.78
June 2026,BUNDABERG,34,31,1587,1142,7712518.31
June 2026,BURDEKIN,5,5,187,183,
June 2026,CAIRNS,38,34,1975,1700,13650328.38
June 2026,CARPENTARIA,3,3,60,48,
June 2026,CASSOWARY COAST,14,14,378,370,2361763.16
June 2026,CENTRAL HIGHLANDS,15,15,365,350,2680939
June 2026,CHARTERS TOWERS,7,7,155,144,704948.97
June 2026,CLONCURRY,4,4,69,63,
June 2026,COOK,3,3,59,53,
June 2026,DOUGLAS,9,8,202,184,1035878.81
June 2026,FLINDERS,2,2,37,28,
June 2026,FRASER COAST,31,31,1223,1178,8974049.19
June 2026,GLADSTONE,22,21,610,577,4358706.53
June 2026,GOLD COAST,123,121,5903,5469,44317542.41
June 2026,GOONDIWINDI,9,8,162,148,659533.21
June 2026,GYMPIE,17,17,435,413,2780806.16
June 2026,HINCHINBROOK,7,7,129,100,532859.05
June 2026,IPSWICH,32,32,1820,1551,14160706.95
June 2026,ISAAC,12,12,277,274,1510439.83
June 2026,LIVINGSTONE,11,11,367,250,2113604.19
June 2026,LOCKYER VALLEY,9,9,201,184,1843007.33
June 2026,LOGAN,32,31,2153,2014,23149134.19
June 2026,LONGREACH,4,4,91,81,
June 2026,MACKAY,35,30,1627,1485,10694994.83
June 2026,MARANOA,9,8,185,144,850162.11
June 2026,MAREEBA,5,5,188,159,
June 2026,MCKINLAY,1,1,17,10,
June 2026,MORETON BAY,60,59,3576,3264,28628392.12
June 2026,MOUNT ISA,6,6,398,391,2778396.8
June 2026,MURWEH,3,3,61,53,
June 2026,NOOSA,12,12,516,501,2905579.84
June 2026,NORTH BURNETT,4,4,63,46,
June 2026,PAROO,1,1,25,25,
June 2026,QUILPIE,1,1,6,6,
June 2026,REDLAND,27,26,1287,1124,8438275.47
June 2026,RICHMOND,1,1,8,8,
June 2026,ROCKHAMPTON,30,28,1208,977,7402745.26
June 2026,SCENIC RIM,10,10,230,191,1432993
June 2026,SOMERSET,7,5,102,64,
June 2026,SOUTH BURNETT,12,12,318,307,1921141.25
June 2026,SOUTHERN DOWNS,14,13,422,341,1675982.85
June 2026,SUNSHINE COAST,65,64,3278,2974,18982537.27
June 2026,TABLELANDS,5,4,153,133,
June 2026,TOOWOOMBA,45,44,1647,1443,9788589.25
June 2026,TORRES,5,5,148,97,
June 2026,TOWNSVILLE,42,39,2118,1687,12764938.08
June 2026,WEIPA,3,3,87,79,
June 2026,WESTERN DOWNS,19,19,413,340,2378419.25
June 2026,WHITSUNDAY,17,17,602,495,3458737.45
June 2026,WINTON,2,2,11,9,
July 2026,BALONNE,4,4,78,73,
July 2026,BANANA,7,6,160,140,960089.52
July 2026,BLACKALL TAMBO,2,2,18,18,
July 2026,BRISBANE,159,156,8477,7641,79494676.18
July 2026,BUNDABERG,34,31,1587,1142,9000229.48
July 2026,BURDEKIN,5,5,187,183,
July 2026,CAIRNS,38,35,1980,1738,17135910.14
July 2026,CARPENTARIA,3,3,60,48,
July 2026,CASSOWARY COAST,14,14,399,370,2671485.88
July 2026,CENTRAL HIGHLANDS,15,15,365,350,2853637.1
July 2026,CHARTERS TOWERS,7,7,155,144,820203.06
July 2026,CLONCURRY,4,4,69,63,
July 2026,COOK,3,3,59,53,
July 2026,DOUGLAS,9,8,202,184,1230040.43
July 2026,FLINDERS,2,2,37,28,
July 2026,FRASER COAST,31,31,1223,1176,9603945.23
July 2026,GLADSTONE,22,21,610,578,4864648.71
July 2026,GOLD COAST,123,121,5903,5468,49728331.99
July 2026,GOONDIWINDI,9,8,162,148,845581.01
July 2026,GYMPIE,17,17,442,416,3278354.11
July 2026,HINCHINBROOK,7,7,129,100,712614.34
July 2026,IPSWICH,32,32,1805,1545,16623043.31
July 2026,ISAAC,12,12,277,274,1939896.74
July 2026,LIVINGSTONE,11,11,367,262,2555919.83
July 2026,LOCKYER VALLEY,9,9,201,184,2183446.76
July 2026,LOGAN,32,31,2153,2017,28238483.69
July 2026,LONGREACH,4,4,91,81,
July 2026,MACKAY,35,30,1619,1477,11981901.1
July 2026,MARANOA,9,8,185,144,900354.78
July 2026,MAREEBA,5,5,188,158,
July 2026,MCKINLAY,1,1,17,10,
July 2026,MORETON BAY,61,60,3576,3303,32523227.42
July 2026,MOUNT ISA,6,6,398,390,3529749.1
July 2026,MURWEH,3,3,61,53,
July 2026,NOOSA,12,12,516,501,3218755.66
July 2026,NORTH BURNETT,4,4,63,46,
July 2026,PAROO,1,1,25,25,
July 2026,QUILPIE,1,1,6,6,
July 2026,REDLAND,27,25,1287,1108,9188026.73
July 2026,RICHMOND,1,1,8,8,
July 2026,ROCKHAMPTON,30,28,1208,979,8408755.35
July 2026,SCENIC RIM,10,10,230,191,1494826
July 2026,SOMERSET,7,5,102,64,
July 2026,SOUTH BURNETT,12,12,318,307,2192213.75
July 2026,SOUTHERN DOWNS,14,13,422,339,1860283.95
July 2026,SUNSHINE COAST,65,64,3287,2960,21742804.79
July 2026,TABLELANDS,5,4,153,133,
July 2026,TOOWOOMBA,45,44,1647,1447,11175618.48
July 2026,TORRES,5,5,148,97,
July 2026,TOWNSVILLE,42,39,2118,1687,15639524.57
July 2026,WEIPA,3,3,87,79,
July 2026,WESTERN DOWNS,19,19,413,340,2655017.4
July 2026,WHITSUNDAY,17,17,602,498,3973372.37
July 2026,WINTON,2,2,11,9,
August 2026,BALONNE,4,4,78,73,
August 2026,BANANA,7,6,160,140,968011.86
August 2026,BLACKALL TAMBO,2,2,18,18,
August 2026,BRISBANE,159,156,8477,7644,77355604.76
August 2026,BUNDABERG,34,31,1587,1142,8956584.87
August 2026,BURDEKIN,5,5,187,183,
August 2026,CAIRNS,38,35,1980,1740,15866285.34
August 2026,CARPENTARIA,3,3,60,47,
August 2026,CASSOWARY COAST,14,14,399,370,2465637.86
August 2026,CENTRAL HIGHLANDS,15,15,365,350,2757286.42
August 2026,CHARTERS TOWERS,7,7,155,144,747211.12
August 2026,CLONCURRY,4,4,69,63,
August 2026,COOK,3,3,59,53,
August 2026,DOUGLAS,9,8,202,184,1146089.92
August 2026,FLINDERS,2,2,37,28,
August 2026,FRASER COAST,31,31,1230,1176,9946877.89
August 2026,GLADSTONE,22,21,610,577,5034442.55
August 2026,GOLD COAST,123,121,5903,5469,49898486.96
August 2026,GOONDIWINDI,9,8,162,148,918435.02
August 2026,GYMPIE,17,17,442,414,3034165.01
August 2026,HINCHINBROOK,7,7,129,100,559424.27
August 2026,IPSWICH,32,32,1805,1552,15264063.2
August 2026,ISAAC,12,12,275,272,1821480.99
August 2026,LIVINGSTONE,11,11,367,262,2592883.18
August 2026,LOCKYER VALLEY,9,9,201,184,2280741.35
August 2026,LOGAN,32,31,2153,2016,27507757.72
August 2026,LONGREACH,4,4,91,81,
August 2026,MACKAY,35,30,1629,1486,12057437.29
August 2026,MARANOA,9,8,185,144,899432.9
August 2026,MAREEBA,5,5,188,159,
August 2026,MCKINLAY,1,1,17,10,
August 2026,MORETON BAY,60,58,3576,3277,32053729.43
August 2026,MOUNT ISA,6,6,398,390,3466445.6
August 2026,MURWEH,3,3,61,53,
August 2026,NOOSA,12,12,516,501,3123184.91
August 2026,NORTH BURNETT,4,4,63,46,
August 2026,PAROO,1,1,25,25,
August 2026,QUILPIE,1,1,6,6,
August 2026,REDLAND,27,25,1287,1107,9391924.46
August 2026,RICHMOND,1,1,8,8,
August 2026,ROCKHAMPTON,30,28,1208,977,8324524.86
August 2026,SCENIC RIM,10,10,230,191,1321216.94
August 2026,SOMERSET,7,5,102,64,
August 2026,SOUTH BURNETT,12,12,328,307,2152155.44
August 2026,SOUTHERN DOWNS,14,13,430,339,1855042.34
August 2026,SUNSHINE COAST,66,64,3317,2990,22120582.85
August 2026,TABLELANDS,5,4,153,133,
August 2026,TOOWOOMBA,45,44,1652,1456,11070957.02
August 2026,TORRES,5,5,148,97,
August 2026,TOWNSVILLE,42,39,2118,1687,15058231.06
August 2026,WEIPA,3,3,87,79,
August 2026,WESTERN DOWNS,19,19,413,340,2909251.17
August 2026,WHITSUNDAY,17,17,602,498,3940761.26
August 2026,WINTON,2,2,11,9,